doctor,group,config,soft_labels,include_paths,include_auto,syn_cap,include_hier,n_hier_pairs,test_accuracy,test_auc
fm_1,family_medicine,hard_noPath_auto_syn0_noHier,False,False,True,0,False,0,0.755,0.8253750000000001
fm_1,family_medicine,hard_noPath_auto_syn0_hier,False,False,True,0,True,18,0.76,0.8391
fm_1,family_medicine,hard_noPath_auto_syn5_noHier,False,False,True,5,False,0,0.73,0.8008000000000001
fm_1,family_medicine,hard_noPath_auto_syn5_hier,False,False,True,5,True,18,0.71,0.8142000000000001
fm_1,family_medicine,hard_noPath_auto_syn10_noHier,False,False,True,10,False,0,0.735,0.8179249999999999
fm_1,family_medicine,hard_noPath_auto_syn10_hier,False,False,True,10,True,18,0.74,0.8185499999999998
fm_1,family_medicine,hard_noPath_noAuto_syn0_noHier,False,False,False,0,False,0,0.705,0.8014249999999999
fm_1,family_medicine,hard_noPath_noAuto_syn0_hier,False,False,False,0,True,18,0.71,0.8098
fm_1,family_medicine,hard_noPath_noAuto_syn5_noHier,False,False,False,5,False,0,0.74,0.82115
fm_1,family_medicine,hard_noPath_noAuto_syn5_hier,False,False,False,5,True,18,0.755,0.841225
fm_1,family_medicine,hard_noPath_noAuto_syn10_noHier,False,False,False,10,False,0,0.73,0.8088
fm_1,family_medicine,hard_noPath_noAuto_syn10_hier,False,False,False,10,True,18,0.75,0.7965
fm_1,family_medicine,hard_path_auto_syn0_noHier,False,True,True,0,False,0,0.795,0.8555249999999999
fm_1,family_medicine,hard_path_auto_syn0_hier,False,True,True,0,True,18,0.79,0.8640499999999999
fm_1,family_medicine,hard_path_auto_syn5_noHier,False,True,True,5,False,0,0.75,0.8471
fm_1,family_medicine,hard_path_auto_syn5_hier,False,True,True,5,True,18,0.74,0.8352999999999999
fm_1,family_medicine,hard_path_auto_syn10_noHier,False,True,True,10,False,0,0.715,0.8140750000000001
fm_1,family_medicine,hard_path_auto_syn10_hier,False,True,True,10,True,18,0.725,0.8185250000000001
fm_1,family_medicine,hard_path_noAuto_syn0_noHier,False,True,False,0,False,0,0.745,0.828625
fm_1,family_medicine,hard_path_noAuto_syn0_hier,False,True,False,0,True,18,0.765,0.843225
fm_1,family_medicine,hard_path_noAuto_syn5_noHier,False,True,False,5,False,0,0.73,0.8282499999999999
fm_1,family_medicine,hard_path_noAuto_syn5_hier,False,True,False,5,True,18,0.77,0.8496999999999999
fm_1,family_medicine,hard_path_noAuto_syn10_noHier,False,True,False,10,False,0,0.77,0.83415
fm_1,family_medicine,hard_path_noAuto_syn10_hier,False,True,False,10,True,18,0.755,0.830425
fm_1,family_medicine,soft_noPath_auto_syn0_noHier,True,False,True,0,False,0,0.68,0.7785
fm_1,family_medicine,soft_noPath_auto_syn0_hier,True,False,True,0,True,18,0.695,0.7894249999999999
fm_1,family_medicine,soft_noPath_auto_syn5_noHier,True,False,True,5,False,0,0.69,0.78105
fm_1,family_medicine,soft_noPath_auto_syn5_hier,True,False,True,5,True,18,0.695,0.7860250000000001
fm_1,family_medicine,soft_noPath_auto_syn10_noHier,True,False,True,10,False,0,0.695,0.7716749999999999
fm_1,family_medicine,soft_noPath_auto_syn10_hier,True,False,True,10,True,18,0.71,0.76835
fm_1,family_medicine,soft_noPath_noAuto_syn0_noHier,True,False,False,0,False,0,0.705,0.809675
fm_1,family_medicine,soft_noPath_noAuto_syn0_hier,True,False,False,0,True,18,0.715,0.822175
fm_1,family_medicine,soft_noPath_noAuto_syn5_noHier,True,False,False,5,False,0,0.74,0.8343499999999999
fm_1,family_medicine,soft_noPath_noAuto_syn5_hier,True,False,False,5,True,18,0.775,0.855075
fm_1,family_medicine,soft_noPath_noAuto_syn10_noHier,True,False,False,10,False,0,0.74,0.7824000000000001
fm_1,family_medicine,soft_noPath_noAuto_syn10_hier,True,False,False,10,True,18,0.77,0.8255
fm_1,family_medicine,soft_path_auto_syn0_noHier,True,True,True,0,False,0,0.705,0.784925
fm_1,family_medicine,soft_path_auto_syn0_hier,True,True,True,0,True,18,0.725,0.7982250000000001
fm_1,family_medicine,soft_path_auto_syn5_noHier,True,True,True,5,False,0,0.705,0.7774249999999998
fm_1,family_medicine,soft_path_auto_syn5_hier,True,True,True,5,True,18,0.735,0.830125
fm_1,family_medicine,soft_path_auto_syn10_noHier,True,True,True,10,False,0,0.69,0.7839
fm_1,family_medicine,soft_path_auto_syn10_hier,True,True,True,10,True,18,0.695,0.766925
fm_1,family_medicine,soft_path_noAuto_syn0_noHier,True,True,False,0,False,0,0.785,0.849025
fm_1,family_medicine,soft_path_noAuto_syn0_hier,True,True,False,0,True,18,0.755,0.854475
fm_1,family_medicine,soft_path_noAuto_syn5_noHier,True,True,False,5,False,0,0.79,0.85545
fm_1,family_medicine,soft_path_noAuto_syn5_hier,True,True,False,5,True,18,0.81,0.8661
fm_1,family_medicine,soft_path_noAuto_syn10_noHier,True,True,False,10,False,0,0.75,0.83595
fm_1,family_medicine,soft_path_noAuto_syn10_hier,True,True,False,10,True,18,0.815,0.8679749999999999
fm_2,family_medicine,hard_noPath_auto_syn0_noHier,False,False,True,0,False,0,0.625,0.6552500000000001
fm_2,family_medicine,hard_noPath_auto_syn0_hier,False,False,True,0,True,18,0.65,0.695225
fm_2,family_medicine,hard_noPath_auto_syn5_noHier,False,False,True,5,False,0,0.63,0.676975
fm_2,family_medicine,hard_noPath_auto_syn5_hier,False,False,True,5,True,18,0.6,0.6568250000000001
fm_2,family_medicine,hard_noPath_auto_syn10_noHier,False,False,True,10,False,0,0.6,0.659675
fm_2,family_medicine,hard_noPath_auto_syn10_hier,False,False,True,10,True,18,0.59,0.652325
fm_2,family_medicine,hard_noPath_noAuto_syn0_noHier,False,False,False,0,False,0,0.7,0.7570749999999999
fm_2,family_medicine,hard_noPath_noAuto_syn0_hier,False,False,False,0,True,18,0.675,0.7501
fm_2,family_medicine,hard_noPath_noAuto_syn5_noHier,False,False,False,5,False,0,0.73,0.754725
fm_2,family_medicine,hard_noPath_noAuto_syn5_hier,False,False,False,5,True,18,0.69,0.7608249999999999
fm_2,family_medicine,hard_noPath_noAuto_syn10_noHier,False,False,False,10,False,0,0.67,0.7339249999999999
fm_2,family_medicine,hard_noPath_noAuto_syn10_hier,False,False,False,10,True,18,0.685,0.7418500000000001
fm_2,family_medicine,hard_path_auto_syn0_noHier,False,True,True,0,False,0,0.655,0.72035
fm_2,family_medicine,hard_path_auto_syn0_hier,False,True,True,0,True,18,0.665,0.7161999999999998
fm_2,family_medicine,hard_path_auto_syn5_noHier,False,True,True,5,False,0,0.66,0.702475
fm_2,family_medicine,hard_path_auto_syn5_hier,False,True,True,5,True,18,0.635,0.69465
fm_2,family_medicine,hard_path_auto_syn10_noHier,False,True,True,10,False,0,0.625,0.6759
fm_2,family_medicine,hard_path_auto_syn10_hier,False,True,True,10,True,18,0.635,0.66635
fm_2,family_medicine,hard_path_noAuto_syn0_noHier,False,True,False,0,False,0,0.745,0.7882
fm_2,family_medicine,hard_path_noAuto_syn0_hier,False,True,False,0,True,18,0.735,0.77665
fm_2,family_medicine,hard_path_noAuto_syn5_noHier,False,True,False,5,False,0,0.705,0.76525
fm_2,family_medicine,hard_path_noAuto_syn5_hier,False,True,False,5,True,18,0.715,0.7740499999999999
fm_2,family_medicine,hard_path_noAuto_syn10_noHier,False,True,False,10,False,0,0.685,0.7458
fm_2,family_medicine,hard_path_noAuto_syn10_hier,False,True,False,10,True,18,0.665,0.7342500000000001
fm_2,family_medicine,soft_noPath_auto_syn0_noHier,True,False,True,0,False,0,0.57,0.6160749999999999
fm_2,family_medicine,soft_noPath_auto_syn0_hier,True,False,True,0,True,18,0.54,0.635575
fm_2,family_medicine,soft_noPath_auto_syn5_noHier,True,False,True,5,False,0,0.54,0.618875
fm_2,family_medicine,soft_noPath_auto_syn5_hier,True,False,True,5,True,18,0.545,0.6203000000000001
fm_2,family_medicine,soft_noPath_auto_syn10_noHier,True,False,True,10,False,0,0.55,0.591475
fm_2,family_medicine,soft_noPath_auto_syn10_hier,True,False,True,10,True,18,0.53,0.586625
fm_2,family_medicine,soft_noPath_noAuto_syn0_noHier,True,False,False,0,False,0,0.715,0.7802999999999999
fm_2,family_medicine,soft_noPath_noAuto_syn0_hier,True,False,False,0,True,18,0.685,0.7544000000000001
fm_2,family_medicine,soft_noPath_noAuto_syn5_noHier,True,False,False,5,False,0,0.735,0.7458
fm_2,family_medicine,soft_noPath_noAuto_syn5_hier,True,False,False,5,True,18,0.695,0.7426
fm_2,family_medicine,soft_noPath_noAuto_syn10_noHier,True,False,False,10,False,0,0.65,0.698275
fm_2,family_medicine,soft_noPath_noAuto_syn10_hier,True,False,False,10,True,18,0.66,0.697725
fm_2,family_medicine,soft_path_auto_syn0_noHier,True,True,True,0,False,0,0.6,0.635775
fm_2,family_medicine,soft_path_auto_syn0_hier,True,True,True,0,True,18,0.59,0.647975
fm_2,family_medicine,soft_path_auto_syn5_noHier,True,True,True,5,False,0,0.59,0.6259250000000001
fm_2,family_medicine,soft_path_auto_syn5_hier,True,True,True,5,True,18,0.57,0.632875
fm_2,family_medicine,soft_path_auto_syn10_noHier,True,True,True,10,False,0,0.575,0.6129499999999999
fm_2,family_medicine,soft_path_auto_syn10_hier,True,True,True,10,True,18,0.585,0.63065
fm_2,family_medicine,soft_path_noAuto_syn0_noHier,True,True,False,0,False,0,0.715,0.7864500000000001
fm_2,family_medicine,soft_path_noAuto_syn0_hier,True,True,False,0,True,18,0.7,0.776975
fm_2,family_medicine,soft_path_noAuto_syn5_noHier,True,True,False,5,False,0,0.73,0.7563749999999999
fm_2,family_medicine,soft_path_noAuto_syn5_hier,True,True,False,5,True,18,0.7,0.738525
fm_2,family_medicine,soft_path_noAuto_syn10_noHier,True,True,False,10,False,0,0.705,0.7336
fm_2,family_medicine,soft_path_noAuto_syn10_hier,True,True,False,10,True,18,0.705,0.73275
fm_3,family_medicine,hard_noPath_auto_syn0_noHier,False,False,True,0,False,0,0.615,0.6647000000000001
fm_3,family_medicine,hard_noPath_auto_syn0_hier,False,False,True,0,True,18,0.665,0.7003999999999999
fm_3,family_medicine,hard_noPath_auto_syn5_noHier,False,False,True,5,False,0,0.61,0.652675
fm_3,family_medicine,hard_noPath_auto_syn5_hier,False,False,True,5,True,18,0.63,0.6712250000000001
fm_3,family_medicine,hard_noPath_auto_syn10_noHier,False,False,True,10,False,0,0.625,0.6701499999999999
fm_3,family_medicine,hard_noPath_auto_syn10_hier,False,False,True,10,True,18,0.64,0.680775
fm_3,family_medicine,hard_noPath_noAuto_syn0_noHier,False,False,False,0,False,0,0.705,0.76315
fm_3,family_medicine,hard_noPath_noAuto_syn0_hier,False,False,False,0,True,18,0.705,0.7736999999999999
fm_3,family_medicine,hard_noPath_noAuto_syn5_noHier,False,False,False,5,False,0,0.75,0.8116749999999999
fm_3,family_medicine,hard_noPath_noAuto_syn5_hier,False,False,False,5,True,18,0.74,0.798725
fm_3,family_medicine,hard_noPath_noAuto_syn10_noHier,False,False,False,10,False,0,0.745,0.7948
fm_3,family_medicine,hard_noPath_noAuto_syn10_hier,False,False,False,10,True,18,0.71,0.774225
fm_3,family_medicine,hard_path_auto_syn0_noHier,False,True,True,0,False,0,0.675,0.7215
fm_3,family_medicine,hard_path_auto_syn0_hier,False,True,True,0,True,18,0.68,0.730375
fm_3,family_medicine,hard_path_auto_syn5_noHier,False,True,True,5,False,0,0.655,0.74565
fm_3,family_medicine,hard_path_auto_syn5_hier,False,True,True,5,True,18,0.675,0.73135
fm_3,family_medicine,hard_path_auto_syn10_noHier,False,True,True,10,False,0,0.685,0.7355
fm_3,family_medicine,hard_path_auto_syn10_hier,False,True,True,10,True,18,0.64,0.672675
fm_3,family_medicine,hard_path_noAuto_syn0_noHier,False,True,False,0,False,0,0.75,0.815575
fm_3,family_medicine,hard_path_noAuto_syn0_hier,False,True,False,0,True,18,0.73,0.8085749999999999
fm_3,family_medicine,hard_path_noAuto_syn5_noHier,False,True,False,5,False,0,0.73,0.8154250000000001
fm_3,family_medicine,hard_path_noAuto_syn5_hier,False,True,False,5,True,18,0.73,0.8025749999999999
fm_3,family_medicine,hard_path_noAuto_syn10_noHier,False,True,False,10,False,0,0.735,0.7986
fm_3,family_medicine,hard_path_noAuto_syn10_hier,False,True,False,10,True,18,0.71,0.7743749999999999
fm_3,family_medicine,soft_noPath_auto_syn0_noHier,True,False,True,0,False,0,0.605,0.6225
fm_3,family_medicine,soft_noPath_auto_syn0_hier,True,False,True,0,True,18,0.62,0.6434249999999999
fm_3,family_medicine,soft_noPath_auto_syn5_noHier,True,False,True,5,False,0,0.615,0.6514500000000001
fm_3,family_medicine,soft_noPath_auto_syn5_hier,True,False,True,5,True,18,0.63,0.657025
fm_3,family_medicine,soft_noPath_auto_syn10_noHier,True,False,True,10,False,0,0.575,0.6167
fm_3,family_medicine,soft_noPath_auto_syn10_hier,True,False,True,10,True,18,0.575,0.623
fm_3,family_medicine,soft_noPath_noAuto_syn0_noHier,True,False,False,0,False,0,0.705,0.7808
fm_3,family_medicine,soft_noPath_noAuto_syn0_hier,True,False,False,0,True,18,0.74,0.795425
fm_3,family_medicine,soft_noPath_noAuto_syn5_noHier,True,False,False,5,False,0,0.76,0.8315750000000001
fm_3,family_medicine,soft_noPath_noAuto_syn5_hier,True,False,False,5,True,18,0.73,0.7968750000000001
fm_3,family_medicine,soft_noPath_noAuto_syn10_noHier,True,False,False,10,False,0,0.75,0.783875
fm_3,family_medicine,soft_noPath_noAuto_syn10_hier,True,False,False,10,True,18,0.74,0.769325
fm_3,family_medicine,soft_path_auto_syn0_noHier,True,True,True,0,False,0,0.58,0.6444250000000001
fm_3,family_medicine,soft_path_auto_syn0_hier,True,True,True,0,True,18,0.6,0.655775
fm_3,family_medicine,soft_path_auto_syn5_noHier,True,True,True,5,False,0,0.62,0.662075
fm_3,family_medicine,soft_path_auto_syn5_hier,True,True,True,5,True,18,0.6,0.668625
fm_3,family_medicine,soft_path_auto_syn10_noHier,True,True,True,10,False,0,0.605,0.644
fm_3,family_medicine,soft_path_auto_syn10_hier,True,True,True,10,True,18,0.6,0.636475
fm_3,family_medicine,soft_path_noAuto_syn0_noHier,True,True,False,0,False,0,0.755,0.80465
fm_3,family_medicine,soft_path_noAuto_syn0_hier,True,True,False,0,True,18,0.75,0.8117249999999999
fm_3,family_medicine,soft_path_noAuto_syn5_noHier,True,True,False,5,False,0,0.76,0.825425
fm_3,family_medicine,soft_path_noAuto_syn5_hier,True,True,False,5,True,18,0.74,0.7990249999999999
fm_3,family_medicine,soft_path_noAuto_syn10_noHier,True,True,False,10,False,0,0.735,0.78925
fm_3,family_medicine,soft_path_noAuto_syn10_hier,True,True,False,10,True,18,0.74,0.7837250000000001
fm_4,family_medicine,hard_noPath_auto_syn0_noHier,False,False,True,0,False,0,0.74,0.82555
fm_4,family_medicine,hard_noPath_auto_syn0_hier,False,False,True,0,True,18,0.71,0.796
fm_4,family_medicine,hard_noPath_auto_syn5_noHier,False,False,True,5,False,0,0.745,0.8228249999999999
fm_4,family_medicine,hard_noPath_auto_syn5_hier,False,False,True,5,True,18,0.745,0.814425
fm_4,family_medicine,hard_noPath_auto_syn10_noHier,False,False,True,10,False,0,0.715,0.783425
fm_4,family_medicine,hard_noPath_auto_syn10_hier,False,False,True,10,True,18,0.73,0.80705
fm_4,family_medicine,hard_noPath_noAuto_syn0_noHier,False,False,False,0,False,0,0.8,0.8895500000000001
fm_4,family_medicine,hard_noPath_noAuto_syn0_hier,False,False,False,0,True,18,0.815,0.883025
fm_4,family_medicine,hard_noPath_noAuto_syn5_noHier,False,False,False,5,False,0,0.795,0.8814749999999999
fm_4,family_medicine,hard_noPath_noAuto_syn5_hier,False,False,False,5,True,18,0.775,0.877825
fm_4,family_medicine,hard_noPath_noAuto_syn10_noHier,False,False,False,10,False,0,0.785,0.8712749999999999
fm_4,family_medicine,hard_noPath_noAuto_syn10_hier,False,False,False,10,True,18,0.825,0.901725
fm_4,family_medicine,hard_path_auto_syn0_noHier,False,True,True,0,False,0,0.74,0.8148000000000001
fm_4,family_medicine,hard_path_auto_syn0_hier,False,True,True,0,True,18,0.75,0.8397499999999999
fm_4,family_medicine,hard_path_auto_syn5_noHier,False,True,True,5,False,0,0.72,0.7875
fm_4,family_medicine,hard_path_auto_syn5_hier,False,True,True,5,True,18,0.76,0.83745
fm_4,family_medicine,hard_path_auto_syn10_noHier,False,True,True,10,False,0,0.725,0.825425
fm_4,family_medicine,hard_path_auto_syn10_hier,False,True,True,10,True,18,0.735,0.822325
fm_4,family_medicine,hard_path_noAuto_syn0_noHier,False,True,False,0,False,0,0.82,0.89325
fm_4,family_medicine,hard_path_noAuto_syn0_hier,False,True,False,0,True,18,0.84,0.91285
fm_4,family_medicine,hard_path_noAuto_syn5_noHier,False,True,False,5,False,0,0.82,0.88695
fm_4,family_medicine,hard_path_noAuto_syn5_hier,False,True,False,5,True,18,0.825,0.896875
fm_4,family_medicine,hard_path_noAuto_syn10_noHier,False,True,False,10,False,0,0.815,0.8810749999999999
fm_4,family_medicine,hard_path_noAuto_syn10_hier,False,True,False,10,True,18,0.8,0.8804500000000001
fm_4,family_medicine,soft_noPath_auto_syn0_noHier,True,False,True,0,False,0,0.7,0.7515999999999999
fm_4,family_medicine,soft_noPath_auto_syn0_hier,True,False,True,0,True,18,0.7,0.7793
fm_4,family_medicine,soft_noPath_auto_syn5_noHier,True,False,True,5,False,0,0.665,0.745375
fm_4,family_medicine,soft_noPath_auto_syn5_hier,True,False,True,5,True,18,0.69,0.7277
fm_4,family_medicine,soft_noPath_auto_syn10_noHier,True,False,True,10,False,0,0.7,0.76295
fm_4,family_medicine,soft_noPath_auto_syn10_hier,True,False,True,10,True,18,0.705,0.756275
fm_4,family_medicine,soft_noPath_noAuto_syn0_noHier,True,False,False,0,False,0,0.775,0.8779750000000001
fm_4,family_medicine,soft_noPath_noAuto_syn0_hier,True,False,False,0,True,18,0.82,0.89945
fm_4,family_medicine,soft_noPath_noAuto_syn5_noHier,True,False,False,5,False,0,0.81,0.89875
fm_4,family_medicine,soft_noPath_noAuto_syn5_hier,True,False,False,5,True,18,0.78,0.8786499999999999
fm_4,family_medicine,soft_noPath_noAuto_syn10_noHier,True,False,False,10,False,0,0.79,0.85425
fm_4,family_medicine,soft_noPath_noAuto_syn10_hier,True,False,False,10,True,18,0.785,0.8794249999999999
fm_4,family_medicine,soft_path_auto_syn0_noHier,True,True,True,0,False,0,0.68,0.7583
fm_4,family_medicine,soft_path_auto_syn0_hier,True,True,True,0,True,18,0.685,0.7619749999999998
fm_4,family_medicine,soft_path_auto_syn5_noHier,True,True,True,5,False,0,0.695,0.742275
fm_4,family_medicine,soft_path_auto_syn5_hier,True,True,True,5,True,18,0.7,0.7581
fm_4,family_medicine,soft_path_auto_syn10_noHier,True,True,True,10,False,0,0.665,0.7441749999999999
fm_4,family_medicine,soft_path_auto_syn10_hier,True,True,True,10,True,18,0.695,0.764025
fm_4,family_medicine,soft_path_noAuto_syn0_noHier,True,True,False,0,False,0,0.825,0.910325
fm_4,family_medicine,soft_path_noAuto_syn0_hier,True,True,False,0,True,18,0.825,0.922625
fm_4,family_medicine,soft_path_noAuto_syn5_noHier,True,True,False,5,False,0,0.835,0.8973749999999999
fm_4,family_medicine,soft_path_noAuto_syn5_hier,True,True,False,5,True,18,0.805,0.906325
fm_4,family_medicine,soft_path_noAuto_syn10_noHier,True,True,False,10,False,0,0.81,0.8588
fm_4,family_medicine,soft_path_noAuto_syn10_hier,True,True,False,10,True,18,0.77,0.8648
fm_5,family_medicine,hard_noPath_auto_syn0_noHier,False,False,True,0,False,0,0.695,0.765875
fm_5,family_medicine,hard_noPath_auto_syn0_hier,False,False,True,0,True,18,0.69,0.7766000000000001
fm_5,family_medicine,hard_noPath_auto_syn5_noHier,False,False,True,5,False,0,0.665,0.726575
fm_5,family_medicine,hard_noPath_auto_syn5_hier,False,False,True,5,True,18,0.71,0.7755
fm_5,family_medicine,hard_noPath_auto_syn10_noHier,False,False,True,10,False,0,0.68,0.7459500000000001
fm_5,family_medicine,hard_noPath_auto_syn10_hier,False,False,True,10,True,18,0.715,0.7707250000000001
fm_5,family_medicine,hard_noPath_noAuto_syn0_noHier,False,False,False,0,False,0,0.79,0.8577
fm_5,family_medicine,hard_noPath_noAuto_syn0_hier,False,False,False,0,True,18,0.82,0.873
fm_5,family_medicine,hard_noPath_noAuto_syn5_noHier,False,False,False,5,False,0,0.84,0.8987999999999999
fm_5,family_medicine,hard_noPath_noAuto_syn5_hier,False,False,False,5,True,18,0.84,0.8871
fm_5,family_medicine,hard_noPath_noAuto_syn10_noHier,False,False,False,10,False,0,0.785,0.840575
fm_5,family_medicine,hard_noPath_noAuto_syn10_hier,False,False,False,10,True,18,0.785,0.865675
fm_5,family_medicine,hard_path_auto_syn0_noHier,False,True,True,0,False,0,0.74,0.8053
fm_5,family_medicine,hard_path_auto_syn0_hier,False,True,True,0,True,18,0.75,0.83125
fm_5,family_medicine,hard_path_auto_syn5_noHier,False,True,True,5,False,0,0.71,0.7750999999999999
fm_5,family_medicine,hard_path_auto_syn5_hier,False,True,True,5,True,18,0.695,0.7913250000000001
fm_5,family_medicine,hard_path_auto_syn10_noHier,False,True,True,10,False,0,0.685,0.7766749999999999
fm_5,family_medicine,hard_path_auto_syn10_hier,False,True,True,10,True,18,0.7,0.76645
fm_5,family_medicine,hard_path_noAuto_syn0_noHier,False,True,False,0,False,0,0.855,0.901075
fm_5,family_medicine,hard_path_noAuto_syn0_hier,False,True,False,0,True,18,0.85,0.8862
fm_5,family_medicine,hard_path_noAuto_syn5_noHier,False,True,False,5,False,0,0.855,0.905125
fm_5,family_medicine,hard_path_noAuto_syn5_hier,False,True,False,5,True,18,0.835,0.914475
fm_5,family_medicine,hard_path_noAuto_syn10_noHier,False,True,False,10,False,0,0.79,0.8689500000000001
fm_5,family_medicine,hard_path_noAuto_syn10_hier,False,True,False,10,True,18,0.81,0.88445
fm_5,family_medicine,soft_noPath_auto_syn0_noHier,True,False,True,0,False,0,0.625,0.689975
fm_5,family_medicine,soft_noPath_auto_syn0_hier,True,False,True,0,True,18,0.685,0.7235750000000001
fm_5,family_medicine,soft_noPath_auto_syn5_noHier,True,False,True,5,False,0,0.64,0.6902999999999999
fm_5,family_medicine,soft_noPath_auto_syn5_hier,True,False,True,5,True,18,0.625,0.689125
fm_5,family_medicine,soft_noPath_auto_syn10_noHier,True,False,True,10,False,0,0.63,0.68925
fm_5,family_medicine,soft_noPath_auto_syn10_hier,True,False,True,10,True,18,0.645,0.696675
fm_5,family_medicine,soft_noPath_noAuto_syn0_noHier,True,False,False,0,False,0,0.805,0.8672249999999999
fm_5,family_medicine,soft_noPath_noAuto_syn0_hier,True,False,False,0,True,18,0.81,0.87575
fm_5,family_medicine,soft_noPath_noAuto_syn5_noHier,True,False,False,5,False,0,0.825,0.891125
fm_5,family_medicine,soft_noPath_noAuto_syn5_hier,True,False,False,5,True,18,0.825,0.904625
fm_5,family_medicine,soft_noPath_noAuto_syn10_noHier,True,False,False,10,False,0,0.78,0.8305500000000001
fm_5,family_medicine,soft_noPath_noAuto_syn10_hier,True,False,False,10,True,18,0.75,0.83035
fm_5,family_medicine,soft_path_auto_syn0_noHier,True,True,True,0,False,0,0.66,0.7395999999999999
fm_5,family_medicine,soft_path_auto_syn0_hier,True,True,True,0,True,18,0.685,0.778775
fm_5,family_medicine,soft_path_auto_syn5_noHier,True,True,True,5,False,0,0.665,0.7343249999999999
fm_5,family_medicine,soft_path_auto_syn5_hier,True,True,True,5,True,18,0.665,0.728425
fm_5,family_medicine,soft_path_auto_syn10_noHier,True,True,True,10,False,0,0.605,0.679225
fm_5,family_medicine,soft_path_auto_syn10_hier,True,True,True,10,True,18,0.625,0.679025
fm_5,family_medicine,soft_path_noAuto_syn0_noHier,True,True,False,0,False,0,0.865,0.920175
fm_5,family_medicine,soft_path_noAuto_syn0_hier,True,True,False,0,True,18,0.88,0.9211
fm_5,family_medicine,soft_path_noAuto_syn5_noHier,True,True,False,5,False,0,0.82,0.90655
fm_5,family_medicine,soft_path_noAuto_syn5_hier,True,True,False,5,True,18,0.815,0.913375
fm_5,family_medicine,soft_path_noAuto_syn10_noHier,True,True,False,10,False,0,0.78,0.8386999999999999
fm_5,family_medicine,soft_path_noAuto_syn10_hier,True,True,False,10,True,18,0.78,0.8613500000000001
ph_1,public_health,hard_noPath_auto_syn0_noHier,False,False,True,0,False,0,0.555,0.5610499999999999
ph_1,public_health,hard_noPath_auto_syn0_hier,False,False,True,0,True,18,0.575,0.5773
ph_1,public_health,hard_noPath_auto_syn5_noHier,False,False,True,5,False,0,0.555,0.54645
ph_1,public_health,hard_noPath_auto_syn5_hier,False,False,True,5,True,18,0.565,0.5637
ph_1,public_health,hard_noPath_auto_syn10_noHier,False,False,True,10,False,0,0.575,0.56475
ph_1,public_health,hard_noPath_auto_syn10_hier,False,False,True,10,True,18,0.545,0.5507
ph_1,public_health,hard_noPath_noAuto_syn0_noHier,False,False,False,0,False,0,0.58,0.5888249999999999
ph_1,public_health,hard_noPath_noAuto_syn0_hier,False,False,False,0,True,18,0.575,0.56945
ph_1,public_health,hard_noPath_noAuto_syn5_noHier,False,False,False,5,False,0,0.575,0.5751
ph_1,public_health,hard_noPath_noAuto_syn5_hier,False,False,False,5,True,18,0.525,0.5602
ph_1,public_health,hard_noPath_noAuto_syn10_noHier,False,False,False,10,False,0,0.575,0.5841999999999999
ph_1,public_health,hard_noPath_noAuto_syn10_hier,False,False,False,10,True,18,0.56,0.581975
ph_1,public_health,hard_path_auto_syn0_noHier,False,True,True,0,False,0,0.555,0.57345
ph_1,public_health,hard_path_auto_syn0_hier,False,True,True,0,True,18,0.535,0.59165
ph_1,public_health,hard_path_auto_syn5_noHier,False,True,True,5,False,0,0.575,0.5638
ph_1,public_health,hard_path_auto_syn5_hier,False,True,True,5,True,18,0.565,0.5753
ph_1,public_health,hard_path_auto_syn10_noHier,False,True,True,10,False,0,0.555,0.58135
ph_1,public_health,hard_path_auto_syn10_hier,False,True,True,10,True,18,0.56,0.575775
ph_1,public_health,hard_path_noAuto_syn0_noHier,False,True,False,0,False,0,0.56,0.571225
ph_1,public_health,hard_path_noAuto_syn0_hier,False,True,False,0,True,18,0.545,0.55025
ph_1,public_health,hard_path_noAuto_syn5_noHier,False,True,False,5,False,0,0.545,0.5545
ph_1,public_health,hard_path_noAuto_syn5_hier,False,True,False,5,True,18,0.535,0.56185
ph_1,public_health,hard_path_noAuto_syn10_noHier,False,True,False,10,False,0,0.585,0.59745
ph_1,public_health,hard_path_noAuto_syn10_hier,False,True,False,10,True,18,0.585,0.58805
ph_1,public_health,soft_noPath_auto_syn0_noHier,True,False,True,0,False,0,0.535,0.5566499999999999
ph_1,public_health,soft_noPath_auto_syn0_hier,True,False,True,0,True,18,0.535,0.5611
ph_1,public_health,soft_noPath_auto_syn5_noHier,True,False,True,5,False,0,0.57,0.562975
ph_1,public_health,soft_noPath_auto_syn5_hier,True,False,True,5,True,18,0.54,0.5572750000000001
ph_1,public_health,soft_noPath_auto_syn10_noHier,True,False,True,10,False,0,0.56,0.5768249999999999
ph_1,public_health,soft_noPath_auto_syn10_hier,True,False,True,10,True,18,0.53,0.5525749999999999
ph_1,public_health,soft_noPath_noAuto_syn0_noHier,True,False,False,0,False,0,0.58,0.570075
ph_1,public_health,soft_noPath_noAuto_syn0_hier,True,False,False,0,True,18,0.565,0.5842499999999999
ph_1,public_health,soft_noPath_noAuto_syn5_noHier,True,False,False,5,False,0,0.585,0.5709
ph_1,public_health,soft_noPath_noAuto_syn5_hier,True,False,False,5,True,18,0.55,0.552825
ph_1,public_health,soft_noPath_noAuto_syn10_noHier,True,False,False,10,False,0,0.58,0.589525
ph_1,public_health,soft_noPath_noAuto_syn10_hier,True,False,False,10,True,18,0.595,0.6063000000000001
ph_1,public_health,soft_path_auto_syn0_noHier,True,True,True,0,False,0,0.55,0.5595749999999999
ph_1,public_health,soft_path_auto_syn0_hier,True,True,True,0,True,18,0.55,0.588825
ph_1,public_health,soft_path_auto_syn5_noHier,True,True,True,5,False,0,0.55,0.5855750000000001
ph_1,public_health,soft_path_auto_syn5_hier,True,True,True,5,True,18,0.56,0.569375
ph_1,public_health,soft_path_auto_syn10_noHier,True,True,True,10,False,0,0.555,0.58185
ph_1,public_health,soft_path_auto_syn10_hier,True,True,True,10,True,18,0.565,0.57355
ph_1,public_health,soft_path_noAuto_syn0_noHier,True,True,False,0,False,0,0.57,0.5717749999999999
ph_1,public_health,soft_path_noAuto_syn0_hier,True,True,False,0,True,18,0.535,0.5364000000000001
ph_1,public_health,soft_path_noAuto_syn5_noHier,True,True,False,5,False,0,0.53,0.529425
ph_1,public_health,soft_path_noAuto_syn5_hier,True,True,False,5,True,18,0.525,0.5403
ph_1,public_health,soft_path_noAuto_syn10_noHier,True,True,False,10,False,0,0.585,0.5839
ph_1,public_health,soft_path_noAuto_syn10_hier,True,True,False,10,True,18,0.565,0.58635
ph_2,public_health,hard_noPath_auto_syn0_noHier,False,False,True,0,False,0,0.835,0.912275
ph_2,public_health,hard_noPath_auto_syn0_hier,False,False,True,0,True,18,0.82,0.90555
ph_2,public_health,hard_noPath_auto_syn5_noHier,False,False,True,5,False,0,0.765,0.8306749999999999
ph_2,public_health,hard_noPath_auto_syn5_hier,False,False,True,5,True,18,0.825,0.905375
ph_2,public_health,hard_noPath_auto_syn10_noHier,False,False,True,10,False,0,0.79,0.8608
ph_2,public_health,hard_noPath_auto_syn10_hier,False,False,True,10,True,18,0.805,0.878425
ph_2,public_health,hard_noPath_noAuto_syn0_noHier,False,False,False,0,False,0,0.85,0.9365
ph_2,public_health,hard_noPath_noAuto_syn0_hier,False,False,False,0,True,18,0.855,0.936925
ph_2,public_health,hard_noPath_noAuto_syn5_noHier,False,False,False,5,False,0,0.825,0.936275
ph_2,public_health,hard_noPath_noAuto_syn5_hier,False,False,False,5,True,18,0.835,0.921625
ph_2,public_health,hard_noPath_noAuto_syn10_noHier,False,False,False,10,False,0,0.87,0.91835
ph_2,public_health,hard_noPath_noAuto_syn10_hier,False,False,False,10,True,18,0.82,0.9159
ph_2,public_health,hard_path_auto_syn0_noHier,False,True,True,0,False,0,0.81,0.8865999999999999
ph_2,public_health,hard_path_auto_syn0_hier,False,True,True,0,True,18,0.85,0.91635
ph_2,public_health,hard_path_auto_syn5_noHier,False,True,True,5,False,0,0.81,0.9012
ph_2,public_health,hard_path_auto_syn5_hier,False,True,True,5,True,18,0.85,0.9137
ph_2,public_health,hard_path_auto_syn10_noHier,False,True,True,10,False,0,0.795,0.882625
ph_2,public_health,hard_path_auto_syn10_hier,False,True,True,10,True,18,0.8,0.8773000000000001
ph_2,public_health,hard_path_noAuto_syn0_noHier,False,True,False,0,False,0,0.845,0.945625
ph_2,public_health,hard_path_noAuto_syn0_hier,False,True,False,0,True,18,0.865,0.949725
ph_2,public_health,hard_path_noAuto_syn5_noHier,False,True,False,5,False,0,0.84,0.9365
ph_2,public_health,hard_path_noAuto_syn5_hier,False,True,False,5,True,18,0.845,0.931425
ph_2,public_health,hard_path_noAuto_syn10_noHier,False,True,False,10,False,0,0.86,0.9368
ph_2,public_health,hard_path_noAuto_syn10_hier,False,True,False,10,True,18,0.835,0.920875
ph_2,public_health,soft_noPath_auto_syn0_noHier,True,False,True,0,False,0,0.755,0.8241750000000001
ph_2,public_health,soft_noPath_auto_syn0_hier,True,False,True,0,True,18,0.775,0.860025
ph_2,public_health,soft_noPath_auto_syn5_noHier,True,False,True,5,False,0,0.735,0.8032750000000001
ph_2,public_health,soft_noPath_auto_syn5_hier,True,False,True,5,True,18,0.745,0.834675
ph_2,public_health,soft_noPath_auto_syn10_noHier,True,False,True,10,False,0,0.75,0.8261999999999999
ph_2,public_health,soft_noPath_auto_syn10_hier,True,False,True,10,True,18,0.755,0.823225
ph_2,public_health,soft_noPath_noAuto_syn0_noHier,True,False,False,0,False,0,0.9,0.95965
ph_2,public_health,soft_noPath_noAuto_syn0_hier,True,False,False,0,True,18,0.85,0.9537
ph_2,public_health,soft_noPath_noAuto_syn5_noHier,True,False,False,5,False,0,0.83,0.92
ph_2,public_health,soft_noPath_noAuto_syn5_hier,True,False,False,5,True,18,0.84,0.92405
ph_2,public_health,soft_noPath_noAuto_syn10_noHier,True,False,False,10,False,0,0.835,0.914275
ph_2,public_health,soft_noPath_noAuto_syn10_hier,True,False,False,10,True,18,0.84,0.9126
ph_2,public_health,soft_path_auto_syn0_noHier,True,True,True,0,False,0,0.775,0.8373750000000001
ph_2,public_health,soft_path_auto_syn0_hier,True,True,True,0,True,18,0.78,0.8753000000000001
ph_2,public_health,soft_path_auto_syn5_noHier,True,True,True,5,False,0,0.76,0.8268000000000001
ph_2,public_health,soft_path_auto_syn5_hier,True,True,True,5,True,18,0.755,0.8448249999999999
ph_2,public_health,soft_path_auto_syn10_noHier,True,True,True,10,False,0,0.735,0.792425
ph_2,public_health,soft_path_auto_syn10_hier,True,True,True,10,True,18,0.72,0.82245
ph_2,public_health,soft_path_noAuto_syn0_noHier,True,True,False,0,False,0,0.87,0.9527
ph_2,public_health,soft_path_noAuto_syn0_hier,True,True,False,0,True,18,0.875,0.964775
ph_2,public_health,soft_path_noAuto_syn5_noHier,True,True,False,5,False,0,0.815,0.934225
ph_2,public_health,soft_path_noAuto_syn5_hier,True,True,False,5,True,18,0.84,0.93885
ph_2,public_health,soft_path_noAuto_syn10_noHier,True,True,False,10,False,0,0.84,0.9179
ph_2,public_health,soft_path_noAuto_syn10_hier,True,True,False,10,True,18,0.845,0.930725
ph_3,public_health,hard_noPath_auto_syn0_noHier,False,False,True,0,False,0,0.645,0.70235
ph_3,public_health,hard_noPath_auto_syn0_hier,False,False,True,0,True,18,0.63,0.6930750000000001
ph_3,public_health,hard_noPath_auto_syn5_noHier,False,False,True,5,False,0,0.61,0.666625
ph_3,public_health,hard_noPath_auto_syn5_hier,False,False,True,5,True,18,0.635,0.7010500000000001
ph_3,public_health,hard_noPath_auto_syn10_noHier,False,False,True,10,False,0,0.65,0.698075
ph_3,public_health,hard_noPath_auto_syn10_hier,False,False,True,10,True,18,0.62,0.686425
ph_3,public_health,hard_noPath_noAuto_syn0_noHier,False,False,False,0,False,0,0.7,0.764275
ph_3,public_health,hard_noPath_noAuto_syn0_hier,False,False,False,0,True,18,0.69,0.773775
ph_3,public_health,hard_noPath_noAuto_syn5_noHier,False,False,False,5,False,0,0.725,0.7823
ph_3,public_health,hard_noPath_noAuto_syn5_hier,False,False,False,5,True,18,0.675,0.75715
ph_3,public_health,hard_noPath_noAuto_syn10_noHier,False,False,False,10,False,0,0.725,0.7385499999999999
ph_3,public_health,hard_noPath_noAuto_syn10_hier,False,False,False,10,True,18,0.705,0.7779499999999999
ph_3,public_health,hard_path_auto_syn0_noHier,False,True,True,0,False,0,0.7,0.761125
ph_3,public_health,hard_path_auto_syn0_hier,False,True,True,0,True,18,0.695,0.756
ph_3,public_health,hard_path_auto_syn5_noHier,False,True,True,5,False,0,0.675,0.7281
ph_3,public_health,hard_path_auto_syn5_hier,False,True,True,5,True,18,0.725,0.7650000000000001
ph_3,public_health,hard_path_auto_syn10_noHier,False,True,True,10,False,0,0.685,0.72685
ph_3,public_health,hard_path_auto_syn10_hier,False,True,True,10,True,18,0.69,0.741975
ph_3,public_health,hard_path_noAuto_syn0_noHier,False,True,False,0,False,0,0.76,0.8244749999999998
ph_3,public_health,hard_path_noAuto_syn0_hier,False,True,False,0,True,18,0.775,0.82585
ph_3,public_health,hard_path_noAuto_syn5_noHier,False,True,False,5,False,0,0.75,0.8028249999999999
ph_3,public_health,hard_path_noAuto_syn5_hier,False,True,False,5,True,18,0.71,0.8010749999999999
ph_3,public_health,hard_path_noAuto_syn10_noHier,False,True,False,10,False,0,0.745,0.78885
ph_3,public_health,hard_path_noAuto_syn10_hier,False,True,False,10,True,18,0.74,0.805975
ph_3,public_health,soft_noPath_auto_syn0_noHier,True,False,True,0,False,0,0.595,0.65125
ph_3,public_health,soft_noPath_auto_syn0_hier,True,False,True,0,True,18,0.57,0.659625
ph_3,public_health,soft_noPath_auto_syn5_noHier,True,False,True,5,False,0,0.575,0.6307499999999999
ph_3,public_health,soft_noPath_auto_syn5_hier,True,False,True,5,True,18,0.62,0.6795749999999999
ph_3,public_health,soft_noPath_auto_syn10_noHier,True,False,True,10,False,0,0.565,0.62555
ph_3,public_health,soft_noPath_auto_syn10_hier,True,False,True,10,True,18,0.635,0.6827000000000001
ph_3,public_health,soft_noPath_noAuto_syn0_noHier,True,False,False,0,False,0,0.69,0.757975
ph_3,public_health,soft_noPath_noAuto_syn0_hier,True,False,False,0,True,18,0.67,0.763625
ph_3,public_health,soft_noPath_noAuto_syn5_noHier,True,False,False,5,False,0,0.695,0.7409
ph_3,public_health,soft_noPath_noAuto_syn5_hier,True,False,False,5,True,18,0.71,0.7742249999999999
ph_3,public_health,soft_noPath_noAuto_syn10_noHier,True,False,False,10,False,0,0.68,0.7166250000000001
ph_3,public_health,soft_noPath_noAuto_syn10_hier,True,False,False,10,True,18,0.69,0.741075
ph_3,public_health,soft_path_auto_syn0_noHier,True,True,True,0,False,0,0.64,0.680775
ph_3,public_health,soft_path_auto_syn0_hier,True,True,True,0,True,18,0.63,0.695025
ph_3,public_health,soft_path_auto_syn5_noHier,True,True,True,5,False,0,0.645,0.67815
ph_3,public_health,soft_path_auto_syn5_hier,True,True,True,5,True,18,0.645,0.6727
ph_3,public_health,soft_path_auto_syn10_noHier,True,True,True,10,False,0,0.66,0.677825
ph_3,public_health,soft_path_auto_syn10_hier,True,True,True,10,True,18,0.64,0.676625
ph_3,public_health,soft_path_noAuto_syn0_noHier,True,True,False,0,False,0,0.745,0.81685
ph_3,public_health,soft_path_noAuto_syn0_hier,True,True,False,0,True,18,0.74,0.8086749999999998
ph_3,public_health,soft_path_noAuto_syn5_noHier,True,True,False,5,False,0,0.74,0.780625
ph_3,public_health,soft_path_noAuto_syn5_hier,True,True,False,5,True,18,0.72,0.784375
ph_3,public_health,soft_path_noAuto_syn10_noHier,True,True,False,10,False,0,0.705,0.7422500000000001
ph_3,public_health,soft_path_noAuto_syn10_hier,True,True,False,10,True,18,0.725,0.78185
ph_4,public_health,hard_noPath_auto_syn0_noHier,False,False,True,0,False,0,0.725,0.8125749999999998
ph_4,public_health,hard_noPath_auto_syn0_hier,False,False,True,0,True,18,0.78,0.8254999999999999
ph_4,public_health,hard_noPath_auto_syn5_noHier,False,False,True,5,False,0,0.71,0.788
ph_4,public_health,hard_noPath_auto_syn5_hier,False,False,True,5,True,18,0.73,0.8044499999999999
ph_4,public_health,hard_noPath_auto_syn10_noHier,False,False,True,10,False,0,0.725,0.7764749999999999
ph_4,public_health,hard_noPath_auto_syn10_hier,False,False,True,10,True,18,0.75,0.80635
ph_4,public_health,hard_noPath_noAuto_syn0_noHier,False,False,False,0,False,0,0.72,0.7872
ph_4,public_health,hard_noPath_noAuto_syn0_hier,False,False,False,0,True,18,0.68,0.7662499999999999
ph_4,public_health,hard_noPath_noAuto_syn5_noHier,False,False,False,5,False,0,0.72,0.7937000000000001
ph_4,public_health,hard_noPath_noAuto_syn5_hier,False,False,False,5,True,18,0.71,0.7938000000000001
ph_4,public_health,hard_noPath_noAuto_syn10_noHier,False,False,False,10,False,0,0.69,0.7644000000000002
ph_4,public_health,hard_noPath_noAuto_syn10_hier,False,False,False,10,True,18,0.74,0.7807499999999999
ph_4,public_health,hard_path_auto_syn0_noHier,False,True,True,0,False,0,0.71,0.79705
ph_4,public_health,hard_path_auto_syn0_hier,False,True,True,0,True,18,0.76,0.83805
ph_4,public_health,hard_path_auto_syn5_noHier,False,True,True,5,False,0,0.725,0.811175
ph_4,public_health,hard_path_auto_syn5_hier,False,True,True,5,True,18,0.745,0.815175
ph_4,public_health,hard_path_auto_syn10_noHier,False,True,True,10,False,0,0.725,0.803125
ph_4,public_health,hard_path_auto_syn10_hier,False,True,True,10,True,18,0.695,0.788225
ph_4,public_health,hard_path_noAuto_syn0_noHier,False,True,False,0,False,0,0.72,0.7967500000000001
ph_4,public_health,hard_path_noAuto_syn0_hier,False,True,False,0,True,18,0.715,0.793075
ph_4,public_health,hard_path_noAuto_syn5_noHier,False,True,False,5,False,0,0.735,0.809375
ph_4,public_health,hard_path_noAuto_syn5_hier,False,True,False,5,True,18,0.76,0.8151
ph_4,public_health,hard_path_noAuto_syn10_noHier,False,True,False,10,False,0,0.75,0.8087
ph_4,public_health,hard_path_noAuto_syn10_hier,False,True,False,10,True,18,0.73,0.8103
ph_4,public_health,soft_noPath_auto_syn0_noHier,True,False,True,0,False,0,0.685,0.757775
ph_4,public_health,soft_noPath_auto_syn0_hier,True,False,True,0,True,18,0.7,0.7752999999999999
ph_4,public_health,soft_noPath_auto_syn5_noHier,True,False,True,5,False,0,0.65,0.7278000000000001
ph_4,public_health,soft_noPath_auto_syn5_hier,True,False,True,5,True,18,0.715,0.7737249999999999
ph_4,public_health,soft_noPath_auto_syn10_noHier,True,False,True,10,False,0,0.675,0.746725
ph_4,public_health,soft_noPath_auto_syn10_hier,True,False,True,10,True,18,0.67,0.7323
ph_4,public_health,soft_noPath_noAuto_syn0_noHier,True,False,False,0,False,0,0.69,0.7764000000000001
ph_4,public_health,soft_noPath_noAuto_syn0_hier,True,False,False,0,True,18,0.705,0.7883249999999999
ph_4,public_health,soft_noPath_noAuto_syn5_noHier,True,False,False,5,False,0,0.75,0.80035
ph_4,public_health,soft_noPath_noAuto_syn5_hier,True,False,False,5,True,18,0.74,0.806
ph_4,public_health,soft_noPath_noAuto_syn10_noHier,True,False,False,10,False,0,0.71,0.76625
ph_4,public_health,soft_noPath_noAuto_syn10_hier,True,False,False,10,True,18,0.705,0.7747250000000001
ph_4,public_health,soft_path_auto_syn0_noHier,True,True,True,0,False,0,0.71,0.7775000000000001
ph_4,public_health,soft_path_auto_syn0_hier,True,True,True,0,True,18,0.735,0.8057749999999999
ph_4,public_health,soft_path_auto_syn5_noHier,True,True,True,5,False,0,0.7,0.7835
ph_4,public_health,soft_path_auto_syn5_hier,True,True,True,5,True,18,0.72,0.78745
ph_4,public_health,soft_path_auto_syn10_noHier,True,True,True,10,False,0,0.69,0.7606000000000002
ph_4,public_health,soft_path_auto_syn10_hier,True,True,True,10,True,18,0.68,0.7539
ph_4,public_health,soft_path_noAuto_syn0_noHier,True,True,False,0,False,0,0.745,0.801375
ph_4,public_health,soft_path_noAuto_syn0_hier,True,True,False,0,True,18,0.75,0.8124999999999998
ph_4,public_health,soft_path_noAuto_syn5_noHier,True,True,False,5,False,0,0.75,0.8156
ph_4,public_health,soft_path_noAuto_syn5_hier,True,True,False,5,True,18,0.755,0.820275
ph_4,public_health,soft_path_noAuto_syn10_noHier,True,True,False,10,False,0,0.735,0.801375
ph_4,public_health,soft_path_noAuto_syn10_hier,True,True,False,10,True,18,0.735,0.8124750000000001
ph_5,public_health,hard_noPath_auto_syn0_noHier,False,False,True,0,False,0,0.615,0.6262500000000001
ph_5,public_health,hard_noPath_auto_syn0_hier,False,False,True,0,True,18,0.575,0.6183
ph_5,public_health,hard_noPath_auto_syn5_noHier,False,False,True,5,False,0,0.615,0.6192
ph_5,public_health,hard_noPath_auto_syn5_hier,False,False,True,5,True,18,0.59,0.614975
ph_5,public_health,hard_noPath_auto_syn10_noHier,False,False,True,10,False,0,0.595,0.601
ph_5,public_health,hard_noPath_auto_syn10_hier,False,False,True,10,True,18,0.595,0.61935
ph_5,public_health,hard_noPath_noAuto_syn0_noHier,False,False,False,0,False,0,0.55,0.6103750000000001
ph_5,public_health,hard_noPath_noAuto_syn0_hier,False,False,False,0,True,18,0.555,0.5793
ph_5,public_health,hard_noPath_noAuto_syn5_noHier,False,False,False,5,False,0,0.595,0.6096
ph_5,public_health,hard_noPath_noAuto_syn5_hier,False,False,False,5,True,18,0.59,0.5936750000000001
ph_5,public_health,hard_noPath_noAuto_syn10_noHier,False,False,False,10,False,0,0.625,0.64095
ph_5,public_health,hard_noPath_noAuto_syn10_hier,False,False,False,10,True,18,0.625,0.6253
ph_5,public_health,hard_path_auto_syn0_noHier,False,True,True,0,False,0,0.615,0.6375500000000001
ph_5,public_health,hard_path_auto_syn0_hier,False,True,True,0,True,18,0.605,0.6205999999999999
ph_5,public_health,hard_path_auto_syn5_noHier,False,True,True,5,False,0,0.6,0.6212249999999999
ph_5,public_health,hard_path_auto_syn5_hier,False,True,True,5,True,18,0.605,0.6194
ph_5,public_health,hard_path_auto_syn10_noHier,False,True,True,10,False,0,0.61,0.6265750000000001
ph_5,public_health,hard_path_auto_syn10_hier,False,True,True,10,True,18,0.595,0.61145
ph_5,public_health,hard_path_noAuto_syn0_noHier,False,True,False,0,False,0,0.575,0.6051
ph_5,public_health,hard_path_noAuto_syn0_hier,False,True,False,0,True,18,0.56,0.562775
ph_5,public_health,hard_path_noAuto_syn5_noHier,False,True,False,5,False,0,0.59,0.6013250000000001
ph_5,public_health,hard_path_noAuto_syn5_hier,False,True,False,5,True,18,0.55,0.585725
ph_5,public_health,hard_path_noAuto_syn10_noHier,False,True,False,10,False,0,0.62,0.644825
ph_5,public_health,hard_path_noAuto_syn10_hier,False,True,False,10,True,18,0.605,0.60775
ph_5,public_health,soft_noPath_auto_syn0_noHier,True,False,True,0,False,0,0.61,0.614575
ph_5,public_health,soft_noPath_auto_syn0_hier,True,False,True,0,True,18,0.62,0.6248750000000001
ph_5,public_health,soft_noPath_auto_syn5_noHier,True,False,True,5,False,0,0.61,0.616575
ph_5,public_health,soft_noPath_auto_syn5_hier,True,False,True,5,True,18,0.59,0.6191249999999999
ph_5,public_health,soft_noPath_auto_syn10_noHier,True,False,True,10,False,0,0.605,0.61665
ph_5,public_health,soft_noPath_auto_syn10_hier,True,False,True,10,True,18,0.6,0.6106750000000001
ph_5,public_health,soft_noPath_noAuto_syn0_noHier,True,False,False,0,False,0,0.56,0.607325
ph_5,public_health,soft_noPath_noAuto_syn0_hier,True,False,False,0,True,18,0.595,0.6039
ph_5,public_health,soft_noPath_noAuto_syn5_noHier,True,False,False,5,False,0,0.605,0.6089
ph_5,public_health,soft_noPath_noAuto_syn5_hier,True,False,False,5,True,18,0.59,0.6055250000000001
ph_5,public_health,soft_noPath_noAuto_syn10_noHier,True,False,False,10,False,0,0.615,0.6337999999999999
ph_5,public_health,soft_noPath_noAuto_syn10_hier,True,False,False,10,True,18,0.615,0.6174999999999999
ph_5,public_health,soft_path_auto_syn0_noHier,True,True,True,0,False,0,0.6,0.635675
ph_5,public_health,soft_path_auto_syn0_hier,True,True,True,0,True,18,0.595,0.6333
ph_5,public_health,soft_path_auto_syn5_noHier,True,True,True,5,False,0,0.6,0.616825
ph_5,public_health,soft_path_auto_syn5_hier,True,True,True,5,True,18,0.605,0.63265
ph_5,public_health,soft_path_auto_syn10_noHier,True,True,True,10,False,0,0.61,0.6255249999999999
ph_5,public_health,soft_path_auto_syn10_hier,True,True,True,10,True,18,0.575,0.6230499999999999
ph_5,public_health,soft_path_noAuto_syn0_noHier,True,True,False,0,False,0,0.59,0.618225
ph_5,public_health,soft_path_noAuto_syn0_hier,True,True,False,0,True,18,0.56,0.588875
ph_5,public_health,soft_path_noAuto_syn5_noHier,True,True,False,5,False,0,0.595,0.60615
ph_5,public_health,soft_path_noAuto_syn5_hier,True,True,False,5,True,18,0.57,0.584125
ph_5,public_health,soft_path_noAuto_syn10_noHier,True,True,False,10,False,0,0.63,0.630625
ph_5,public_health,soft_path_noAuto_syn10_hier,True,True,False,10,True,18,0.615,0.6262499999999999
doctor8,llm_legacy,hard_noPath_auto_syn0_noHier,False,False,True,0,False,0,0.77,0.8200499999999998
doctor8,llm_legacy,hard_noPath_auto_syn0_hier,False,False,True,0,True,18,0.75,0.81655
doctor8,llm_legacy,hard_noPath_auto_syn5_noHier,False,False,True,5,False,0,0.695,0.7915750000000001
doctor8,llm_legacy,hard_noPath_auto_syn5_hier,False,False,True,5,True,18,0.725,0.808125
doctor8,llm_legacy,hard_noPath_auto_syn10_noHier,False,False,True,10,False,0,0.7,0.78805
doctor8,llm_legacy,hard_noPath_auto_syn10_hier,False,False,True,10,True,18,0.7,0.7767
doctor8,llm_legacy,hard_noPath_noAuto_syn0_noHier,False,False,False,0,False,0,0.9,0.9551
doctor8,llm_legacy,hard_noPath_noAuto_syn0_hier,False,False,False,0,True,18,0.87,0.92645
doctor8,llm_legacy,hard_noPath_noAuto_syn5_noHier,False,False,False,5,False,0,0.825,0.931475
doctor8,llm_legacy,hard_noPath_noAuto_syn5_hier,False,False,False,5,True,18,0.77,0.8800000000000001
doctor8,llm_legacy,hard_noPath_noAuto_syn10_noHier,False,False,False,10,False,0,0.785,0.874525
doctor8,llm_legacy,hard_noPath_noAuto_syn10_hier,False,False,False,10,True,18,0.76,0.87065
doctor8,llm_legacy,hard_path_auto_syn0_noHier,False,True,True,0,False,0,0.76,0.8315499999999998
doctor8,llm_legacy,hard_path_auto_syn0_hier,False,True,True,0,True,18,0.745,0.837925
doctor8,llm_legacy,hard_path_auto_syn5_noHier,False,True,True,5,False,0,0.73,0.8119999999999999
doctor8,llm_legacy,hard_path_auto_syn5_hier,False,True,True,5,True,18,0.725,0.804575
doctor8,llm_legacy,hard_path_auto_syn10_noHier,False,True,True,10,False,0,0.67,0.7142999999999999
doctor8,llm_legacy,hard_path_auto_syn10_hier,False,True,True,10,True,18,0.72,0.8068
doctor8,llm_legacy,hard_path_noAuto_syn0_noHier,False,True,False,0,False,0,0.845,0.933275
doctor8,llm_legacy,hard_path_noAuto_syn0_hier,False,True,False,0,True,18,0.84,0.9099
doctor8,llm_legacy,hard_path_noAuto_syn5_noHier,False,True,False,5,False,0,0.83,0.9254
doctor8,llm_legacy,hard_path_noAuto_syn5_hier,False,True,False,5,True,18,0.825,0.893375
doctor8,llm_legacy,hard_path_noAuto_syn10_noHier,False,True,False,10,False,0,0.77,0.8647500000000001
doctor8,llm_legacy,hard_path_noAuto_syn10_hier,False,True,False,10,True,18,0.82,0.90315
doctor8,llm_legacy,soft_noPath_auto_syn0_noHier,True,False,True,0,False,0,0.675,0.720025
doctor8,llm_legacy,soft_noPath_auto_syn0_hier,True,False,True,0,True,18,0.665,0.7291250000000001
doctor8,llm_legacy,soft_noPath_auto_syn5_noHier,True,False,True,5,False,0,0.685,0.7404749999999999
doctor8,llm_legacy,soft_noPath_auto_syn5_hier,True,False,True,5,True,18,0.67,0.7488
doctor8,llm_legacy,soft_noPath_auto_syn10_noHier,True,False,True,10,False,0,0.655,0.7069749999999999
doctor8,llm_legacy,soft_noPath_auto_syn10_hier,True,False,True,10,True,18,0.66,0.7331
doctor8,llm_legacy,soft_noPath_noAuto_syn0_noHier,True,False,False,0,False,0,0.875,0.958375
doctor8,llm_legacy,soft_noPath_noAuto_syn0_hier,True,False,False,0,True,18,0.81,0.9192
doctor8,llm_legacy,soft_noPath_noAuto_syn5_noHier,True,False,False,5,False,0,0.845,0.935725
doctor8,llm_legacy,soft_noPath_noAuto_syn5_hier,True,False,False,5,True,18,0.81,0.9106
doctor8,llm_legacy,soft_noPath_noAuto_syn10_noHier,True,False,False,10,False,0,0.78,0.8716
doctor8,llm_legacy,soft_noPath_noAuto_syn10_hier,True,False,False,10,True,18,0.82,0.8988499999999999
doctor8,llm_legacy,soft_path_auto_syn0_noHier,True,True,True,0,False,0,0.645,0.706475
doctor8,llm_legacy,soft_path_auto_syn0_hier,True,True,True,0,True,18,0.69,0.75425
doctor8,llm_legacy,soft_path_auto_syn5_noHier,True,True,True,5,False,0,0.65,0.7157
doctor8,llm_legacy,soft_path_auto_syn5_hier,True,True,True,5,True,18,0.66,0.72745
doctor8,llm_legacy,soft_path_auto_syn10_noHier,True,True,True,10,False,0,0.69,0.72785
doctor8,llm_legacy,soft_path_auto_syn10_hier,True,True,True,10,True,18,0.69,0.72975
doctor8,llm_legacy,soft_path_noAuto_syn0_noHier,True,True,False,0,False,0,0.88,0.9599
doctor8,llm_legacy,soft_path_noAuto_syn0_hier,True,True,False,0,True,18,0.83,0.915
doctor8,llm_legacy,soft_path_noAuto_syn5_noHier,True,True,False,5,False,0,0.8,0.9286
doctor8,llm_legacy,soft_path_noAuto_syn5_hier,True,True,False,5,True,18,0.805,0.882525
doctor8,llm_legacy,soft_path_noAuto_syn10_noHier,True,True,False,10,False,0,0.795,0.886275
doctor8,llm_legacy,soft_path_noAuto_syn10_hier,True,True,False,10,True,18,0.815,0.880725
doctor9,llm_legacy,hard_noPath_auto_syn0_noHier,False,False,True,0,False,0,0.64,0.66885
doctor9,llm_legacy,hard_noPath_auto_syn0_hier,False,False,True,0,True,18,0.69,0.7481000000000001
doctor9,llm_legacy,hard_noPath_auto_syn5_noHier,False,False,True,5,False,0,0.685,0.754025
doctor9,llm_legacy,hard_noPath_auto_syn5_hier,False,False,True,5,True,18,0.67,0.7340500000000001
doctor9,llm_legacy,hard_noPath_auto_syn10_noHier,False,False,True,10,False,0,0.67,0.7287999999999999
doctor9,llm_legacy,hard_noPath_auto_syn10_hier,False,False,True,10,True,18,0.66,0.7137499999999999
doctor9,llm_legacy,hard_noPath_noAuto_syn0_noHier,False,False,False,0,False,0,0.92,0.97415
doctor9,llm_legacy,hard_noPath_noAuto_syn0_hier,False,False,False,0,True,18,0.865,0.947625
doctor9,llm_legacy,hard_noPath_noAuto_syn5_noHier,False,False,False,5,False,0,0.82,0.93455
doctor9,llm_legacy,hard_noPath_noAuto_syn5_hier,False,False,False,5,True,18,0.785,0.896225
doctor9,llm_legacy,hard_noPath_noAuto_syn10_noHier,False,False,False,10,False,0,0.775,0.8161750000000001
doctor9,llm_legacy,hard_noPath_noAuto_syn10_hier,False,False,False,10,True,18,0.715,0.805825
doctor9,llm_legacy,hard_path_auto_syn0_noHier,False,True,True,0,False,0,0.655,0.7068249999999999
doctor9,llm_legacy,hard_path_auto_syn0_hier,False,True,True,0,True,18,0.69,0.7414000000000001
doctor9,llm_legacy,hard_path_auto_syn5_noHier,False,True,True,5,False,0,0.645,0.675375
doctor9,llm_legacy,hard_path_auto_syn5_hier,False,True,True,5,True,18,0.675,0.7328250000000001
doctor9,llm_legacy,hard_path_auto_syn10_noHier,False,True,True,10,False,0,0.66,0.7216
doctor9,llm_legacy,hard_path_auto_syn10_hier,False,True,True,10,True,18,0.67,0.7443000000000001
doctor9,llm_legacy,hard_path_noAuto_syn0_noHier,False,True,False,0,False,0,0.89,0.9631
doctor9,llm_legacy,hard_path_noAuto_syn0_hier,False,True,False,0,True,18,0.87,0.9264
doctor9,llm_legacy,hard_path_noAuto_syn5_noHier,False,True,False,5,False,0,0.805,0.911825
doctor9,llm_legacy,hard_path_noAuto_syn5_hier,False,True,False,5,True,18,0.815,0.888525
doctor9,llm_legacy,hard_path_noAuto_syn10_noHier,False,True,False,10,False,0,0.73,0.7862
doctor9,llm_legacy,hard_path_noAuto_syn10_hier,False,True,False,10,True,18,0.695,0.777825
doctor9,llm_legacy,soft_noPath_auto_syn0_noHier,True,False,True,0,False,0,0.63,0.67895
doctor9,llm_legacy,soft_noPath_auto_syn0_hier,True,False,True,0,True,18,0.615,0.6781749999999999
doctor9,llm_legacy,soft_noPath_auto_syn5_noHier,True,False,True,5,False,0,0.595,0.653125
doctor9,llm_legacy,soft_noPath_auto_syn5_hier,True,False,True,5,True,18,0.625,0.6771749999999999
doctor9,llm_legacy,soft_noPath_auto_syn10_noHier,True,False,True,10,False,0,0.65,0.6426499999999999
doctor9,llm_legacy,soft_noPath_auto_syn10_hier,True,False,True,10,True,18,0.595,0.638825
doctor9,llm_legacy,soft_noPath_noAuto_syn0_noHier,True,False,False,0,False,0,0.88,0.966
doctor9,llm_legacy,soft_noPath_noAuto_syn0_hier,True,False,False,0,True,18,0.82,0.936
doctor9,llm_legacy,soft_noPath_noAuto_syn5_noHier,True,False,False,5,False,0,0.81,0.8982
doctor9,llm_legacy,soft_noPath_noAuto_syn5_hier,True,False,False,5,True,18,0.79,0.873
doctor9,llm_legacy,soft_noPath_noAuto_syn10_noHier,True,False,False,10,False,0,0.745,0.8172249999999999
doctor9,llm_legacy,soft_noPath_noAuto_syn10_hier,True,False,False,10,True,18,0.76,0.8245499999999999
doctor9,llm_legacy,soft_path_auto_syn0_noHier,True,True,True,0,False,0,0.63,0.6566
doctor9,llm_legacy,soft_path_auto_syn0_hier,True,True,True,0,True,18,0.635,0.676725
doctor9,llm_legacy,soft_path_auto_syn5_noHier,True,True,True,5,False,0,0.635,0.6605249999999999
doctor9,llm_legacy,soft_path_auto_syn5_hier,True,True,True,5,True,18,0.62,0.6496
doctor9,llm_legacy,soft_path_auto_syn10_noHier,True,True,True,10,False,0,0.635,0.6483749999999999
doctor9,llm_legacy,soft_path_auto_syn10_hier,True,True,True,10,True,18,0.63,0.6680999999999999
doctor9,llm_legacy,soft_path_noAuto_syn0_noHier,True,True,False,0,False,0,0.905,0.979325
doctor9,llm_legacy,soft_path_noAuto_syn0_hier,True,True,False,0,True,18,0.855,0.941325
doctor9,llm_legacy,soft_path_noAuto_syn5_noHier,True,True,False,5,False,0,0.8,0.87695
doctor9,llm_legacy,soft_path_noAuto_syn5_hier,True,True,False,5,True,18,0.79,0.8832000000000001
doctor9,llm_legacy,soft_path_noAuto_syn10_noHier,True,True,False,10,False,0,0.71,0.8024
doctor9,llm_legacy,soft_path_noAuto_syn10_hier,True,True,False,10,True,18,0.74,0.81555
gpt_5,llm_new,hard_noPath_auto_syn0_noHier,False,False,True,0,False,0,0.74,0.8007500000000001
gpt_5,llm_new,hard_noPath_auto_syn0_hier,False,False,True,0,True,18,0.735,0.815525
gpt_5,llm_new,hard_noPath_auto_syn5_noHier,False,False,True,5,False,0,0.74,0.80265
gpt_5,llm_new,hard_noPath_auto_syn5_hier,False,False,True,5,True,18,0.74,0.81245
gpt_5,llm_new,hard_noPath_auto_syn10_noHier,False,False,True,10,False,0,0.755,0.8256749999999999
gpt_5,llm_new,hard_noPath_auto_syn10_hier,False,False,True,10,True,18,0.735,0.8019750000000001
gpt_5,llm_new,hard_noPath_noAuto_syn0_noHier,False,False,False,0,False,0,0.875,0.931725
gpt_5,llm_new,hard_noPath_noAuto_syn0_hier,False,False,False,0,True,18,0.835,0.906125
gpt_5,llm_new,hard_noPath_noAuto_syn5_noHier,False,False,False,5,False,0,0.835,0.918225
gpt_5,llm_new,hard_noPath_noAuto_syn5_hier,False,False,False,5,True,18,0.79,0.8959999999999999
gpt_5,llm_new,hard_noPath_noAuto_syn10_noHier,False,False,False,10,False,0,0.775,0.8810749999999999
gpt_5,llm_new,hard_noPath_noAuto_syn10_hier,False,False,False,10,True,18,0.8,0.8945500000000001
gpt_5,llm_new,hard_path_auto_syn0_noHier,False,True,True,0,False,0,0.715,0.794975
gpt_5,llm_new,hard_path_auto_syn0_hier,False,True,True,0,True,18,0.735,0.800125
gpt_5,llm_new,hard_path_auto_syn5_noHier,False,True,True,5,False,0,0.735,0.8208750000000001
gpt_5,llm_new,hard_path_auto_syn5_hier,False,True,True,5,True,18,0.71,0.7732500000000001
gpt_5,llm_new,hard_path_auto_syn10_noHier,False,True,True,10,False,0,0.715,0.800225
gpt_5,llm_new,hard_path_auto_syn10_hier,False,True,True,10,True,18,0.76,0.8294999999999999
gpt_5,llm_new,hard_path_noAuto_syn0_noHier,False,True,False,0,False,0,0.85,0.91785
gpt_5,llm_new,hard_path_noAuto_syn0_hier,False,True,False,0,True,18,0.815,0.902525
gpt_5,llm_new,hard_path_noAuto_syn5_noHier,False,True,False,5,False,0,0.825,0.911325
gpt_5,llm_new,hard_path_noAuto_syn5_hier,False,True,False,5,True,18,0.78,0.88995
gpt_5,llm_new,hard_path_noAuto_syn10_noHier,False,True,False,10,False,0,0.815,0.903925
gpt_5,llm_new,hard_path_noAuto_syn10_hier,False,True,False,10,True,18,0.815,0.920425
gpt_5,llm_new,soft_noPath_auto_syn0_noHier,True,False,True,0,False,0,0.725,0.766075
gpt_5,llm_new,soft_noPath_auto_syn0_hier,True,False,True,0,True,18,0.735,0.815225
gpt_5,llm_new,soft_noPath_auto_syn5_noHier,True,False,True,5,False,0,0.715,0.775975
gpt_5,llm_new,soft_noPath_auto_syn5_hier,True,False,True,5,True,18,0.695,0.762875
gpt_5,llm_new,soft_noPath_auto_syn10_noHier,True,False,True,10,False,0,0.685,0.744925
gpt_5,llm_new,soft_noPath_auto_syn10_hier,True,False,True,10,True,18,0.705,0.7587250000000001
gpt_5,llm_new,soft_noPath_noAuto_syn0_noHier,True,False,False,0,False,0,0.865,0.932125
gpt_5,llm_new,soft_noPath_noAuto_syn0_hier,True,False,False,0,True,18,0.83,0.91315
gpt_5,llm_new,soft_noPath_noAuto_syn5_noHier,True,False,False,5,False,0,0.86,0.9352
gpt_5,llm_new,soft_noPath_noAuto_syn5_hier,True,False,False,5,True,18,0.815,0.903425
gpt_5,llm_new,soft_noPath_noAuto_syn10_noHier,True,False,False,10,False,0,0.77,0.87645
gpt_5,llm_new,soft_noPath_noAuto_syn10_hier,True,False,False,10,True,18,0.785,0.860625
gpt_5,llm_new,soft_path_auto_syn0_noHier,True,True,True,0,False,0,0.695,0.762675
gpt_5,llm_new,soft_path_auto_syn0_hier,True,True,True,0,True,18,0.665,0.7558749999999999
gpt_5,llm_new,soft_path_auto_syn5_noHier,True,True,True,5,False,0,0.71,0.7762
gpt_5,llm_new,soft_path_auto_syn5_hier,True,True,True,5,True,18,0.685,0.749975
gpt_5,llm_new,soft_path_auto_syn10_noHier,True,True,True,10,False,0,0.68,0.73225
gpt_5,llm_new,soft_path_auto_syn10_hier,True,True,True,10,True,18,0.705,0.751725
gpt_5,llm_new,soft_path_noAuto_syn0_noHier,True,True,False,0,False,0,0.86,0.9269
gpt_5,llm_new,soft_path_noAuto_syn0_hier,True,True,False,0,True,18,0.845,0.906975
gpt_5,llm_new,soft_path_noAuto_syn5_noHier,True,True,False,5,False,0,0.85,0.91725
gpt_5,llm_new,soft_path_noAuto_syn5_hier,True,True,False,5,True,18,0.805,0.910425
gpt_5,llm_new,soft_path_noAuto_syn10_noHier,True,True,False,10,False,0,0.785,0.887975
gpt_5,llm_new,soft_path_noAuto_syn10_hier,True,True,False,10,True,18,0.815,0.909875
gpt_5_4,unknown,hard_noPath_auto_syn0_noHier,False,False,True,0,False,0,0.745,0.798675
gpt_5_4,unknown,hard_noPath_auto_syn0_hier,False,False,True,0,True,18,0.76,0.8197500000000001
gpt_5_4,unknown,hard_noPath_auto_syn5_noHier,False,False,True,5,False,0,0.715,0.7836749999999999
gpt_5_4,unknown,hard_noPath_auto_syn5_hier,False,False,True,5,True,18,0.73,0.8008
gpt_5_4,unknown,hard_noPath_auto_syn10_noHier,False,False,True,10,False,0,0.715,0.770675
gpt_5_4,unknown,hard_noPath_auto_syn10_hier,False,False,True,10,True,18,0.73,0.7977000000000001
gpt_5_4,unknown,hard_noPath_noAuto_syn0_noHier,False,False,False,0,False,0,0.925,0.976225
gpt_5_4,unknown,hard_noPath_noAuto_syn0_hier,False,False,False,0,True,18,0.9,0.9551
gpt_5_4,unknown,hard_noPath_noAuto_syn5_noHier,False,False,False,5,False,0,0.86,0.94645
gpt_5_4,unknown,hard_noPath_noAuto_syn5_hier,False,False,False,5,True,18,0.815,0.928675
gpt_5_4,unknown,hard_noPath_noAuto_syn10_noHier,False,False,False,10,False,0,0.77,0.8644
gpt_5_4,unknown,hard_noPath_noAuto_syn10_hier,False,False,False,10,True,18,0.785,0.8809250000000001
gpt_5_4,unknown,hard_path_auto_syn0_noHier,False,True,True,0,False,0,0.715,0.7540250000000001
gpt_5_4,unknown,hard_path_auto_syn0_hier,False,True,True,0,True,18,0.78,0.832
gpt_5_4,unknown,hard_path_auto_syn5_noHier,False,True,True,5,False,0,0.74,0.7991999999999999
gpt_5_4,unknown,hard_path_auto_syn5_hier,False,True,True,5,True,18,0.725,0.7914249999999999
gpt_5_4,unknown,hard_path_auto_syn10_noHier,False,True,True,10,False,0,0.725,0.789925
gpt_5_4,unknown,hard_path_auto_syn10_hier,False,True,True,10,True,18,0.74,0.80775
gpt_5_4,unknown,hard_path_noAuto_syn0_noHier,False,True,False,0,False,0,0.89,0.9693
gpt_5_4,unknown,hard_path_noAuto_syn0_hier,False,True,False,0,True,18,0.89,0.9405
gpt_5_4,unknown,hard_path_noAuto_syn5_noHier,False,True,False,5,False,0,0.85,0.948
gpt_5_4,unknown,hard_path_noAuto_syn5_hier,False,True,False,5,True,18,0.82,0.90645
gpt_5_4,unknown,hard_path_noAuto_syn10_noHier,False,True,False,10,False,0,0.79,0.8665499999999999
gpt_5_4,unknown,hard_path_noAuto_syn10_hier,False,True,False,10,True,18,0.8,0.88225
gpt_5_4,unknown,soft_noPath_auto_syn0_noHier,True,False,True,0,False,0,0.695,0.733025
gpt_5_4,unknown,soft_noPath_auto_syn0_hier,True,False,True,0,True,18,0.665,0.728125
gpt_5_4,unknown,soft_noPath_auto_syn5_noHier,True,False,True,5,False,0,0.68,0.73125
gpt_5_4,unknown,soft_noPath_auto_syn5_hier,True,False,True,5,True,18,0.705,0.752675
gpt_5_4,unknown,soft_noPath_auto_syn10_noHier,True,False,True,10,False,0,0.655,0.7071749999999999
gpt_5_4,unknown,soft_noPath_auto_syn10_hier,True,False,True,10,True,18,0.69,0.7478499999999999
gpt_5_4,unknown,soft_noPath_noAuto_syn0_noHier,True,False,False,0,False,0,0.92,0.9787
gpt_5_4,unknown,soft_noPath_noAuto_syn0_hier,True,False,False,0,True,18,0.875,0.959725
gpt_5_4,unknown,soft_noPath_noAuto_syn5_noHier,True,False,False,5,False,0,0.845,0.897875
gpt_5_4,unknown,soft_noPath_noAuto_syn5_hier,True,False,False,5,True,18,0.84,0.92695
gpt_5_4,unknown,soft_noPath_noAuto_syn10_noHier,True,False,False,10,False,0,0.78,0.86875
gpt_5_4,unknown,soft_noPath_noAuto_syn10_hier,True,False,False,10,True,18,0.795,0.8728250000000001
gpt_5_4,unknown,soft_path_auto_syn0_noHier,True,True,True,0,False,0,0.685,0.741475
gpt_5_4,unknown,soft_path_auto_syn0_hier,True,True,True,0,True,18,0.69,0.7489999999999999
gpt_5_4,unknown,soft_path_auto_syn5_noHier,True,True,True,5,False,0,0.645,0.7197749999999999
gpt_5_4,unknown,soft_path_auto_syn5_hier,True,True,True,5,True,18,0.715,0.7569250000000001
gpt_5_4,unknown,soft_path_auto_syn10_noHier,True,True,True,10,False,0,0.675,0.705975
gpt_5_4,unknown,soft_path_auto_syn10_hier,True,True,True,10,True,18,0.69,0.7426999999999999
gpt_5_4,unknown,soft_path_noAuto_syn0_noHier,True,True,False,0,False,0,0.91,0.9742
gpt_5_4,unknown,soft_path_noAuto_syn0_hier,True,True,False,0,True,18,0.875,0.945975
gpt_5_4,unknown,soft_path_noAuto_syn5_noHier,True,True,False,5,False,0,0.855,0.927375
gpt_5_4,unknown,soft_path_noAuto_syn5_hier,True,True,False,5,True,18,0.84,0.92775
gpt_5_4,unknown,soft_path_noAuto_syn10_noHier,True,True,False,10,False,0,0.83,0.9147
gpt_5_4,unknown,soft_path_noAuto_syn10_hier,True,True,False,10,True,18,0.81,0.86755
gpt_5_5,unknown,hard_noPath_auto_syn0_noHier,False,False,True,0,False,0,0.745,0.830525
gpt_5_5,unknown,hard_noPath_auto_syn0_hier,False,False,True,0,True,18,0.75,0.8215
gpt_5_5,unknown,hard_noPath_auto_syn5_noHier,False,False,True,5,False,0,0.74,0.8182999999999999
gpt_5_5,unknown,hard_noPath_auto_syn5_hier,False,False,True,5,True,18,0.775,0.839775
gpt_5_5,unknown,hard_noPath_auto_syn10_noHier,False,False,True,10,False,0,0.73,0.8175000000000001
gpt_5_5,unknown,hard_noPath_auto_syn10_hier,False,False,True,10,True,18,0.735,0.8095749999999999
gpt_5_5,unknown,hard_noPath_noAuto_syn0_noHier,False,False,False,0,False,0,0.87,0.9419
gpt_5_5,unknown,hard_noPath_noAuto_syn0_hier,False,False,False,0,True,18,0.83,0.92735
gpt_5_5,unknown,hard_noPath_noAuto_syn5_noHier,False,False,False,5,False,0,0.825,0.933575
gpt_5_5,unknown,hard_noPath_noAuto_syn5_hier,False,False,False,5,True,18,0.845,0.923325
gpt_5_5,unknown,hard_noPath_noAuto_syn10_noHier,False,False,False,10,False,0,0.84,0.93215
gpt_5_5,unknown,hard_noPath_noAuto_syn10_hier,False,False,False,10,True,18,0.86,0.93125
gpt_5_5,unknown,hard_path_auto_syn0_noHier,False,True,True,0,False,0,0.745,0.816475
gpt_5_5,unknown,hard_path_auto_syn0_hier,False,True,True,0,True,18,0.755,0.822125
gpt_5_5,unknown,hard_path_auto_syn5_noHier,False,True,True,5,False,0,0.75,0.82835
gpt_5_5,unknown,hard_path_auto_syn5_hier,False,True,True,5,True,18,0.75,0.83765
gpt_5_5,unknown,hard_path_auto_syn10_noHier,False,True,True,10,False,0,0.74,0.81865
gpt_5_5,unknown,hard_path_auto_syn10_hier,False,True,True,10,True,18,0.74,0.8231999999999999
gpt_5_5,unknown,hard_path_noAuto_syn0_noHier,False,True,False,0,False,0,0.865,0.947875
gpt_5_5,unknown,hard_path_noAuto_syn0_hier,False,True,False,0,True,18,0.835,0.925525
gpt_5_5,unknown,hard_path_noAuto_syn5_noHier,False,True,False,5,False,0,0.825,0.924725
gpt_5_5,unknown,hard_path_noAuto_syn5_hier,False,True,False,5,True,18,0.845,0.933175
gpt_5_5,unknown,hard_path_noAuto_syn10_noHier,False,True,False,10,False,0,0.84,0.93455
gpt_5_5,unknown,hard_path_noAuto_syn10_hier,False,True,False,10,True,18,0.88,0.9435
gpt_5_5,unknown,soft_noPath_auto_syn0_noHier,True,False,True,0,False,0,0.69,0.76455
gpt_5_5,unknown,soft_noPath_auto_syn0_hier,True,False,True,0,True,18,0.695,0.7535750000000001
gpt_5_5,unknown,soft_noPath_auto_syn5_noHier,True,False,True,5,False,0,0.68,0.76245
gpt_5_5,unknown,soft_noPath_auto_syn5_hier,True,False,True,5,True,18,0.715,0.787825
gpt_5_5,unknown,soft_noPath_auto_syn10_noHier,True,False,True,10,False,0,0.68,0.7365999999999999
gpt_5_5,unknown,soft_noPath_auto_syn10_hier,True,False,True,10,True,18,0.69,0.75675
gpt_5_5,unknown,soft_noPath_noAuto_syn0_noHier,True,False,False,0,False,0,0.835,0.942875
gpt_5_5,unknown,soft_noPath_noAuto_syn0_hier,True,False,False,0,True,18,0.85,0.93855
gpt_5_5,unknown,soft_noPath_noAuto_syn5_noHier,True,False,False,5,False,0,0.845,0.934625
gpt_5_5,unknown,soft_noPath_noAuto_syn5_hier,True,False,False,5,True,18,0.86,0.92085
gpt_5_5,unknown,soft_noPath_noAuto_syn10_noHier,True,False,False,10,False,0,0.785,0.881625
gpt_5_5,unknown,soft_noPath_noAuto_syn10_hier,True,False,False,10,True,18,0.805,0.8858250000000001
gpt_5_5,unknown,soft_path_auto_syn0_noHier,True,True,True,0,False,0,0.715,0.785925
gpt_5_5,unknown,soft_path_auto_syn0_hier,True,True,True,0,True,18,0.67,0.7605000000000001
gpt_5_5,unknown,soft_path_auto_syn5_noHier,True,True,True,5,False,0,0.675,0.745525
gpt_5_5,unknown,soft_path_auto_syn5_hier,True,True,True,5,True,18,0.705,0.7707750000000001
gpt_5_5,unknown,soft_path_auto_syn10_noHier,True,True,True,10,False,0,0.705,0.7372249999999999
gpt_5_5,unknown,soft_path_auto_syn10_hier,True,True,True,10,True,18,0.72,0.7824000000000001
gpt_5_5,unknown,soft_path_noAuto_syn0_noHier,True,True,False,0,False,0,0.905,0.957675
gpt_5_5,unknown,soft_path_noAuto_syn0_hier,True,True,False,0,True,18,0.86,0.94595
gpt_5_5,unknown,soft_path_noAuto_syn5_noHier,True,True,False,5,False,0,0.84,0.9387
gpt_5_5,unknown,soft_path_noAuto_syn5_hier,True,True,False,5,True,18,0.84,0.9281
gpt_5_5,unknown,soft_path_noAuto_syn10_noHier,True,True,False,10,False,0,0.83,0.9161
gpt_5_5,unknown,soft_path_noAuto_syn10_hier,True,True,False,10,True,18,0.9,0.95195
claude_opus_4_5,unknown,hard_noPath_auto_syn0_noHier,False,False,True,0,False,0,0.745,0.834275
claude_opus_4_5,unknown,hard_noPath_auto_syn0_hier,False,False,True,0,True,18,0.775,0.8355749999999998
claude_opus_4_5,unknown,hard_noPath_auto_syn5_noHier,False,False,True,5,False,0,0.74,0.8182500000000001
claude_opus_4_5,unknown,hard_noPath_auto_syn5_hier,False,False,True,5,True,18,0.735,0.818325
claude_opus_4_5,unknown,hard_noPath_auto_syn10_noHier,False,False,True,10,False,0,0.74,0.82435
claude_opus_4_5,unknown,hard_noPath_auto_syn10_hier,False,False,True,10,True,18,0.8,0.8551
claude_opus_4_5,unknown,hard_noPath_noAuto_syn0_noHier,False,False,False,0,False,0,0.815,0.898025
claude_opus_4_5,unknown,hard_noPath_noAuto_syn0_hier,False,False,False,0,True,18,0.765,0.8603750000000001
claude_opus_4_5,unknown,hard_noPath_noAuto_syn5_noHier,False,False,False,5,False,0,0.835,0.928775
claude_opus_4_5,unknown,hard_noPath_noAuto_syn5_hier,False,False,False,5,True,18,0.795,0.8756749999999999
claude_opus_4_5,unknown,hard_noPath_noAuto_syn10_noHier,False,False,False,10,False,0,0.805,0.897625
claude_opus_4_5,unknown,hard_noPath_noAuto_syn10_hier,False,False,False,10,True,18,0.8,0.9115
claude_opus_4_5,unknown,hard_path_auto_syn0_noHier,False,True,True,0,False,0,0.78,0.8428500000000001
claude_opus_4_5,unknown,hard_path_auto_syn0_hier,False,True,True,0,True,18,0.765,0.832625
claude_opus_4_5,unknown,hard_path_auto_syn5_noHier,False,True,True,5,False,0,0.8,0.8697999999999999
claude_opus_4_5,unknown,hard_path_auto_syn5_hier,False,True,True,5,True,18,0.775,0.855575
claude_opus_4_5,unknown,hard_path_auto_syn10_noHier,False,True,True,10,False,0,0.715,0.7781750000000001
claude_opus_4_5,unknown,hard_path_auto_syn10_hier,False,True,True,10,True,18,0.755,0.8355750000000001
claude_opus_4_5,unknown,hard_path_noAuto_syn0_noHier,False,True,False,0,False,0,0.81,0.89705
claude_opus_4_5,unknown,hard_path_noAuto_syn0_hier,False,True,False,0,True,18,0.815,0.879225
claude_opus_4_5,unknown,hard_path_noAuto_syn5_noHier,False,True,False,5,False,0,0.8,0.91955
claude_opus_4_5,unknown,hard_path_noAuto_syn5_hier,False,True,False,5,True,18,0.775,0.8731749999999999
claude_opus_4_5,unknown,hard_path_noAuto_syn10_noHier,False,True,False,10,False,0,0.815,0.898975
claude_opus_4_5,unknown,hard_path_noAuto_syn10_hier,False,True,False,10,True,18,0.81,0.9071
claude_opus_4_5,unknown,soft_noPath_auto_syn0_noHier,True,False,True,0,False,0,0.715,0.789825
claude_opus_4_5,unknown,soft_noPath_auto_syn0_hier,True,False,True,0,True,18,0.715,0.788225
claude_opus_4_5,unknown,soft_noPath_auto_syn5_noHier,True,False,True,5,False,0,0.71,0.78785
claude_opus_4_5,unknown,soft_noPath_auto_syn5_hier,True,False,True,5,True,18,0.715,0.7803249999999999
claude_opus_4_5,unknown,soft_noPath_auto_syn10_noHier,True,False,True,10,False,0,0.715,0.7814249999999999
claude_opus_4_5,unknown,soft_noPath_auto_syn10_hier,True,False,True,10,True,18,0.675,0.7381249999999999
claude_opus_4_5,unknown,soft_noPath_noAuto_syn0_noHier,True,False,False,0,False,0,0.81,0.9004
claude_opus_4_5,unknown,soft_noPath_noAuto_syn0_hier,True,False,False,0,True,18,0.8,0.8756
claude_opus_4_5,unknown,soft_noPath_noAuto_syn5_noHier,True,False,False,5,False,0,0.86,0.92905
claude_opus_4_5,unknown,soft_noPath_noAuto_syn5_hier,True,False,False,5,True,18,0.775,0.8749750000000001
claude_opus_4_5,unknown,soft_noPath_noAuto_syn10_noHier,True,False,False,10,False,0,0.83,0.89505
claude_opus_4_5,unknown,soft_noPath_noAuto_syn10_hier,True,False,False,10,True,18,0.785,0.882925
claude_opus_4_5,unknown,soft_path_auto_syn0_noHier,True,True,True,0,False,0,0.68,0.75795
claude_opus_4_5,unknown,soft_path_auto_syn0_hier,True,True,True,0,True,18,0.71,0.78545
claude_opus_4_5,unknown,soft_path_auto_syn5_noHier,True,True,True,5,False,0,0.695,0.763125
claude_opus_4_5,unknown,soft_path_auto_syn5_hier,True,True,True,5,True,18,0.645,0.7450749999999999
claude_opus_4_5,unknown,soft_path_auto_syn10_noHier,True,True,True,10,False,0,0.69,0.75205
claude_opus_4_5,unknown,soft_path_auto_syn10_hier,True,True,True,10,True,18,0.685,0.771825
claude_opus_4_5,unknown,soft_path_noAuto_syn0_noHier,True,True,False,0,False,0,0.825,0.913025
claude_opus_4_5,unknown,soft_path_noAuto_syn0_hier,True,True,False,0,True,18,0.8,0.8865
claude_opus_4_5,unknown,soft_path_noAuto_syn5_noHier,True,True,False,5,False,0,0.82,0.91755
claude_opus_4_5,unknown,soft_path_noAuto_syn5_hier,True,True,False,5,True,18,0.775,0.880775
claude_opus_4_5,unknown,soft_path_noAuto_syn10_noHier,True,True,False,10,False,0,0.825,0.898475
claude_opus_4_5,unknown,soft_path_noAuto_syn10_hier,True,True,False,10,True,18,0.815,0.8935250000000001
claude_opus_4_7,llm_new,hard_noPath_auto_syn0_noHier,False,False,True,0,False,0,0.755,0.836775
claude_opus_4_7,llm_new,hard_noPath_auto_syn0_hier,False,False,True,0,True,18,0.755,0.827325
claude_opus_4_7,llm_new,hard_noPath_auto_syn5_noHier,False,False,True,5,False,0,0.705,0.783725
claude_opus_4_7,llm_new,hard_noPath_auto_syn5_hier,False,False,True,5,True,18,0.755,0.8369249999999999
claude_opus_4_7,llm_new,hard_noPath_auto_syn10_noHier,False,False,True,10,False,0,0.755,0.801075
claude_opus_4_7,llm_new,hard_noPath_auto_syn10_hier,False,False,True,10,True,18,0.735,0.825375
claude_opus_4_7,llm_new,hard_noPath_noAuto_syn0_noHier,False,False,False,0,False,0,0.865,0.930925
claude_opus_4_7,llm_new,hard_noPath_noAuto_syn0_hier,False,False,False,0,True,18,0.85,0.91845
claude_opus_4_7,llm_new,hard_noPath_noAuto_syn5_noHier,False,False,False,5,False,0,0.87,0.9469
claude_opus_4_7,llm_new,hard_noPath_noAuto_syn5_hier,False,False,False,5,True,18,0.805,0.904275
claude_opus_4_7,llm_new,hard_noPath_noAuto_syn10_noHier,False,False,False,10,False,0,0.79,0.906
claude_opus_4_7,llm_new,hard_noPath_noAuto_syn10_hier,False,False,False,10,True,18,0.785,0.898425
claude_opus_4_7,llm_new,hard_path_auto_syn0_noHier,False,True,True,0,False,0,0.755,0.8509249999999998
claude_opus_4_7,llm_new,hard_path_auto_syn0_hier,False,True,True,0,True,18,0.775,0.8285750000000001
claude_opus_4_7,llm_new,hard_path_auto_syn5_noHier,False,True,True,5,False,0,0.73,0.82215
claude_opus_4_7,llm_new,hard_path_auto_syn5_hier,False,True,True,5,True,18,0.755,0.8439249999999999
claude_opus_4_7,llm_new,hard_path_auto_syn10_noHier,False,True,True,10,False,0,0.735,0.7939250000000001
claude_opus_4_7,llm_new,hard_path_auto_syn10_hier,False,True,True,10,True,18,0.765,0.838625
claude_opus_4_7,llm_new,hard_path_noAuto_syn0_noHier,False,True,False,0,False,0,0.875,0.938125
claude_opus_4_7,llm_new,hard_path_noAuto_syn0_hier,False,True,False,0,True,18,0.785,0.8971750000000001
claude_opus_4_7,llm_new,hard_path_noAuto_syn5_noHier,False,True,False,5,False,0,0.825,0.928525
claude_opus_4_7,llm_new,hard_path_noAuto_syn5_hier,False,True,False,5,True,18,0.79,0.8903500000000001
claude_opus_4_7,llm_new,hard_path_noAuto_syn10_noHier,False,True,False,10,False,0,0.815,0.908175
claude_opus_4_7,llm_new,hard_path_noAuto_syn10_hier,False,True,False,10,True,18,0.815,0.894325
claude_opus_4_7,llm_new,soft_noPath_auto_syn0_noHier,True,False,True,0,False,0,0.695,0.7583749999999999
claude_opus_4_7,llm_new,soft_noPath_auto_syn0_hier,True,False,True,0,True,18,0.715,0.784725
claude_opus_4_7,llm_new,soft_noPath_auto_syn5_noHier,True,False,True,5,False,0,0.69,0.7642500000000001
claude_opus_4_7,llm_new,soft_noPath_auto_syn5_hier,True,False,True,5,True,18,0.73,0.8007000000000001
claude_opus_4_7,llm_new,soft_noPath_auto_syn10_noHier,True,False,True,10,False,0,0.67,0.7260500000000001
claude_opus_4_7,llm_new,soft_noPath_auto_syn10_hier,True,False,True,10,True,18,0.695,0.7714249999999999
claude_opus_4_7,llm_new,soft_noPath_noAuto_syn0_noHier,True,False,False,0,False,0,0.875,0.946825
claude_opus_4_7,llm_new,soft_noPath_noAuto_syn0_hier,True,False,False,0,True,18,0.825,0.920025
claude_opus_4_7,llm_new,soft_noPath_noAuto_syn5_noHier,True,False,False,5,False,0,0.865,0.941425
claude_opus_4_7,llm_new,soft_noPath_noAuto_syn5_hier,True,False,False,5,True,18,0.795,0.887675
claude_opus_4_7,llm_new,soft_noPath_noAuto_syn10_noHier,True,False,False,10,False,0,0.75,0.8691500000000001
claude_opus_4_7,llm_new,soft_noPath_noAuto_syn10_hier,True,False,False,10,True,18,0.84,0.9154
claude_opus_4_7,llm_new,soft_path_auto_syn0_noHier,True,True,True,0,False,0,0.71,0.74865
claude_opus_4_7,llm_new,soft_path_auto_syn0_hier,True,True,True,0,True,18,0.685,0.759875
claude_opus_4_7,llm_new,soft_path_auto_syn5_noHier,True,True,True,5,False,0,0.655,0.740125
claude_opus_4_7,llm_new,soft_path_auto_syn5_hier,True,True,True,5,True,18,0.64,0.72775
claude_opus_4_7,llm_new,soft_path_auto_syn10_noHier,True,True,True,10,False,0,0.65,0.7252500000000001
claude_opus_4_7,llm_new,soft_path_auto_syn10_hier,True,True,True,10,True,18,0.67,0.7493
claude_opus_4_7,llm_new,soft_path_noAuto_syn0_noHier,True,True,False,0,False,0,0.885,0.946925
claude_opus_4_7,llm_new,soft_path_noAuto_syn0_hier,True,True,False,0,True,18,0.83,0.92275
claude_opus_4_7,llm_new,soft_path_noAuto_syn5_noHier,True,True,False,5,False,0,0.865,0.938775
claude_opus_4_7,llm_new,soft_path_noAuto_syn5_hier,True,True,False,5,True,18,0.79,0.89625
claude_opus_4_7,llm_new,soft_path_noAuto_syn10_noHier,True,True,False,10,False,0,0.84,0.92185
claude_opus_4_7,llm_new,soft_path_noAuto_syn10_hier,True,True,False,10,True,18,0.81,0.88765
claude_opus_4_8,unknown,hard_noPath_auto_syn0_noHier,False,False,True,0,False,0,0.765,0.838775
claude_opus_4_8,unknown,hard_noPath_auto_syn0_hier,False,False,True,0,True,18,0.755,0.818625
claude_opus_4_8,unknown,hard_noPath_auto_syn5_noHier,False,False,True,5,False,0,0.78,0.8228500000000001
claude_opus_4_8,unknown,hard_noPath_auto_syn5_hier,False,False,True,5,True,18,0.78,0.8432
claude_opus_4_8,unknown,hard_noPath_auto_syn10_noHier,False,False,True,10,False,0,0.725,0.775325
claude_opus_4_8,unknown,hard_noPath_auto_syn10_hier,False,False,True,10,True,18,0.725,0.7801750000000001
claude_opus_4_8,unknown,hard_noPath_noAuto_syn0_noHier,False,False,False,0,False,0,0.885,0.946425
claude_opus_4_8,unknown,hard_noPath_noAuto_syn0_hier,False,False,False,0,True,18,0.855,0.922525
claude_opus_4_8,unknown,hard_noPath_noAuto_syn5_noHier,False,False,False,5,False,0,0.81,0.9144
claude_opus_4_8,unknown,hard_noPath_noAuto_syn5_hier,False,False,False,5,True,18,0.805,0.901225
claude_opus_4_8,unknown,hard_noPath_noAuto_syn10_noHier,False,False,False,10,False,0,0.82,0.8894
claude_opus_4_8,unknown,hard_noPath_noAuto_syn10_hier,False,False,False,10,True,18,0.805,0.906775
claude_opus_4_8,unknown,hard_path_auto_syn0_noHier,False,True,True,0,False,0,0.8,0.86415
claude_opus_4_8,unknown,hard_path_auto_syn0_hier,False,True,True,0,True,18,0.735,0.798575
claude_opus_4_8,unknown,hard_path_auto_syn5_noHier,False,True,True,5,False,0,0.75,0.8129000000000001
claude_opus_4_8,unknown,hard_path_auto_syn5_hier,False,True,True,5,True,18,0.73,0.78945
claude_opus_4_8,unknown,hard_path_auto_syn10_noHier,False,True,True,10,False,0,0.735,0.797575
claude_opus_4_8,unknown,hard_path_auto_syn10_hier,False,True,True,10,True,18,0.735,0.814425
claude_opus_4_8,unknown,hard_path_noAuto_syn0_noHier,False,True,False,0,False,0,0.84,0.9255
claude_opus_4_8,unknown,hard_path_noAuto_syn0_hier,False,True,False,0,True,18,0.84,0.9156
claude_opus_4_8,unknown,hard_path_noAuto_syn5_noHier,False,True,False,5,False,0,0.855,0.934525
claude_opus_4_8,unknown,hard_path_noAuto_syn5_hier,False,True,False,5,True,18,0.835,0.894625
claude_opus_4_8,unknown,hard_path_noAuto_syn10_noHier,False,True,False,10,False,0,0.82,0.8814
claude_opus_4_8,unknown,hard_path_noAuto_syn10_hier,False,True,False,10,True,18,0.8,0.8947499999999999
claude_opus_4_8,unknown,soft_noPath_auto_syn0_noHier,True,False,True,0,False,0,0.73,0.8086
claude_opus_4_8,unknown,soft_noPath_auto_syn0_hier,True,False,True,0,True,18,0.71,0.7681
claude_opus_4_8,unknown,soft_noPath_auto_syn5_noHier,True,False,True,5,False,0,0.715,0.7756749999999999
claude_opus_4_8,unknown,soft_noPath_auto_syn5_hier,True,False,True,5,True,18,0.695,0.7646250000000001
claude_opus_4_8,unknown,soft_noPath_auto_syn10_noHier,True,False,True,10,False,0,0.645,0.684325
claude_opus_4_8,unknown,soft_noPath_auto_syn10_hier,True,False,True,10,True,18,0.76,0.8136000000000001
claude_opus_4_8,unknown,soft_noPath_noAuto_syn0_noHier,True,False,False,0,False,0,0.885,0.956725
claude_opus_4_8,unknown,soft_noPath_noAuto_syn0_hier,True,False,False,0,True,18,0.815,0.906225
claude_opus_4_8,unknown,soft_noPath_noAuto_syn5_noHier,True,False,False,5,False,0,0.84,0.93895
claude_opus_4_8,unknown,soft_noPath_noAuto_syn5_hier,True,False,False,5,True,18,0.81,0.914
claude_opus_4_8,unknown,soft_noPath_noAuto_syn10_noHier,True,False,False,10,False,0,0.8,0.89045
claude_opus_4_8,unknown,soft_noPath_noAuto_syn10_hier,True,False,False,10,True,18,0.83,0.8997
claude_opus_4_8,unknown,soft_path_auto_syn0_noHier,True,True,True,0,False,0,0.72,0.7678999999999999
claude_opus_4_8,unknown,soft_path_auto_syn0_hier,True,True,True,0,True,18,0.745,0.8014249999999999
claude_opus_4_8,unknown,soft_path_auto_syn5_noHier,True,True,True,5,False,0,0.735,0.7877249999999999
claude_opus_4_8,unknown,soft_path_auto_syn5_hier,True,True,True,5,True,18,0.73,0.8037
claude_opus_4_8,unknown,soft_path_auto_syn10_noHier,True,True,True,10,False,0,0.725,0.7789250000000001
claude_opus_4_8,unknown,soft_path_auto_syn10_hier,True,True,True,10,True,18,0.74,0.7996
claude_opus_4_8,unknown,soft_path_noAuto_syn0_noHier,True,True,False,0,False,0,0.9,0.9654
claude_opus_4_8,unknown,soft_path_noAuto_syn0_hier,True,True,False,0,True,18,0.835,0.918075
claude_opus_4_8,unknown,soft_path_noAuto_syn5_noHier,True,True,False,5,False,0,0.83,0.90965
claude_opus_4_8,unknown,soft_path_noAuto_syn5_hier,True,True,False,5,True,18,0.82,0.89025
claude_opus_4_8,unknown,soft_path_noAuto_syn10_noHier,True,True,False,10,False,0,0.815,0.899625
claude_opus_4_8,unknown,soft_path_noAuto_syn10_hier,True,True,False,10,True,18,0.82,0.8987500000000002
gemini_2_5_pro,llm_new,hard_noPath_auto_syn0_noHier,False,False,True,0,False,0,0.68,0.7436999999999999
gemini_2_5_pro,llm_new,hard_noPath_auto_syn0_hier,False,False,True,0,True,18,0.66,0.7296999999999999
gemini_2_5_pro,llm_new,hard_noPath_auto_syn5_noHier,False,False,True,5,False,0,0.675,0.7455250000000001
gemini_2_5_pro,llm_new,hard_noPath_auto_syn5_hier,False,False,True,5,True,18,0.69,0.7204999999999999
gemini_2_5_pro,llm_new,hard_noPath_auto_syn10_noHier,False,False,True,10,False,0,0.62,0.7038
gemini_2_5_pro,llm_new,hard_noPath_auto_syn10_hier,False,False,True,10,True,18,0.645,0.7101249999999999
gemini_2_5_pro,llm_new,hard_noPath_noAuto_syn0_noHier,False,False,False,0,False,0,0.735,0.818125
gemini_2_5_pro,llm_new,hard_noPath_noAuto_syn0_hier,False,False,False,0,True,18,0.69,0.8000499999999999
gemini_2_5_pro,llm_new,hard_noPath_noAuto_syn5_noHier,False,False,False,5,False,0,0.73,0.82085
gemini_2_5_pro,llm_new,hard_noPath_noAuto_syn5_hier,False,False,False,5,True,18,0.755,0.7850750000000001
gemini_2_5_pro,llm_new,hard_noPath_noAuto_syn10_noHier,False,False,False,10,False,0,0.75,0.8169
gemini_2_5_pro,llm_new,hard_noPath_noAuto_syn10_hier,False,False,False,10,True,18,0.75,0.8127999999999997
gemini_2_5_pro,llm_new,hard_path_auto_syn0_noHier,False,True,True,0,False,0,0.705,0.7830250000000001
gemini_2_5_pro,llm_new,hard_path_auto_syn0_hier,False,True,True,0,True,18,0.72,0.7784500000000001
gemini_2_5_pro,llm_new,hard_path_auto_syn5_noHier,False,True,True,5,False,0,0.67,0.74335
gemini_2_5_pro,llm_new,hard_path_auto_syn5_hier,False,True,True,5,True,18,0.705,0.7774249999999999
gemini_2_5_pro,llm_new,hard_path_auto_syn10_noHier,False,True,True,10,False,0,0.69,0.7644
gemini_2_5_pro,llm_new,hard_path_auto_syn10_hier,False,True,True,10,True,18,0.71,0.776
gemini_2_5_pro,llm_new,hard_path_noAuto_syn0_noHier,False,True,False,0,False,0,0.755,0.8357249999999999
gemini_2_5_pro,llm_new,hard_path_noAuto_syn0_hier,False,True,False,0,True,18,0.73,0.83365
gemini_2_5_pro,llm_new,hard_path_noAuto_syn5_noHier,False,True,False,5,False,0,0.75,0.84165
gemini_2_5_pro,llm_new,hard_path_noAuto_syn5_hier,False,True,False,5,True,18,0.765,0.834875
gemini_2_5_pro,llm_new,hard_path_noAuto_syn10_noHier,False,True,False,10,False,0,0.75,0.82535
gemini_2_5_pro,llm_new,hard_path_noAuto_syn10_hier,False,True,False,10,True,18,0.8,0.84105
gemini_2_5_pro,llm_new,soft_noPath_auto_syn0_noHier,True,False,True,0,False,0,0.69,0.7292
gemini_2_5_pro,llm_new,soft_noPath_auto_syn0_hier,True,False,True,0,True,18,0.685,0.7195249999999999
gemini_2_5_pro,llm_new,soft_noPath_auto_syn5_noHier,True,False,True,5,False,0,0.66,0.72235
gemini_2_5_pro,llm_new,soft_noPath_auto_syn5_hier,True,False,True,5,True,18,0.665,0.7014250000000001
gemini_2_5_pro,llm_new,soft_noPath_auto_syn10_noHier,True,False,True,10,False,0,0.6,0.6811
gemini_2_5_pro,llm_new,soft_noPath_auto_syn10_hier,True,False,True,10,True,18,0.66,0.7273000000000001
gemini_2_5_pro,llm_new,soft_noPath_noAuto_syn0_noHier,True,False,False,0,False,0,0.675,0.7577750000000001
gemini_2_5_pro,llm_new,soft_noPath_noAuto_syn0_hier,True,False,False,0,True,18,0.655,0.7657750000000001
gemini_2_5_pro,llm_new,soft_noPath_noAuto_syn5_noHier,True,False,False,5,False,0,0.695,0.7952250000000001
gemini_2_5_pro,llm_new,soft_noPath_noAuto_syn5_hier,True,False,False,5,True,18,0.685,0.7474750000000001
gemini_2_5_pro,llm_new,soft_noPath_noAuto_syn10_noHier,True,False,False,10,False,0,0.755,0.772475
gemini_2_5_pro,llm_new,soft_noPath_noAuto_syn10_hier,True,False,False,10,True,18,0.745,0.793675
gemini_2_5_pro,llm_new,soft_path_auto_syn0_noHier,True,True,True,0,False,0,0.685,0.721875
gemini_2_5_pro,llm_new,soft_path_auto_syn0_hier,True,True,True,0,True,18,0.71,0.7452
gemini_2_5_pro,llm_new,soft_path_auto_syn5_noHier,True,True,True,5,False,0,0.67,0.7415
gemini_2_5_pro,llm_new,soft_path_auto_syn5_hier,True,True,True,5,True,18,0.685,0.7249249999999999
gemini_2_5_pro,llm_new,soft_path_auto_syn10_noHier,True,True,True,10,False,0,0.68,0.7456499999999999
gemini_2_5_pro,llm_new,soft_path_auto_syn10_hier,True,True,True,10,True,18,0.67,0.721
gemini_2_5_pro,llm_new,soft_path_noAuto_syn0_noHier,True,True,False,0,False,0,0.745,0.819825
gemini_2_5_pro,llm_new,soft_path_noAuto_syn0_hier,True,True,False,0,True,18,0.74,0.82365
gemini_2_5_pro,llm_new,soft_path_noAuto_syn5_noHier,True,True,False,5,False,0,0.77,0.83175
gemini_2_5_pro,llm_new,soft_path_noAuto_syn5_hier,True,True,False,5,True,18,0.735,0.774325
gemini_2_5_pro,llm_new,soft_path_noAuto_syn10_noHier,True,True,False,10,False,0,0.75,0.7686000000000001
gemini_2_5_pro,llm_new,soft_path_noAuto_syn10_hier,True,True,False,10,True,18,0.76,0.80915
gemini_3_1_pro,unknown,hard_noPath_auto_syn0_noHier,False,False,True,0,False,0,0.685,0.755875
gemini_3_1_pro,unknown,hard_noPath_auto_syn0_hier,False,False,True,0,True,18,0.7,0.7710999999999999
gemini_3_1_pro,unknown,hard_noPath_auto_syn5_noHier,False,False,True,5,False,0,0.665,0.7148249999999999
gemini_3_1_pro,unknown,hard_noPath_auto_syn5_hier,False,False,True,5,True,18,0.68,0.7501499999999999
gemini_3_1_pro,unknown,hard_noPath_auto_syn10_noHier,False,False,True,10,False,0,0.68,0.737
gemini_3_1_pro,unknown,hard_noPath_auto_syn10_hier,False,False,True,10,True,18,0.7,0.7643
gemini_3_1_pro,unknown,hard_noPath_noAuto_syn0_noHier,False,False,False,0,False,0,0.775,0.832875
gemini_3_1_pro,unknown,hard_noPath_noAuto_syn0_hier,False,False,False,0,True,18,0.77,0.82935
gemini_3_1_pro,unknown,hard_noPath_noAuto_syn5_noHier,False,False,False,5,False,0,0.805,0.870475
gemini_3_1_pro,unknown,hard_noPath_noAuto_syn5_hier,False,False,False,5,True,18,0.76,0.8099000000000001
gemini_3_1_pro,unknown,hard_noPath_noAuto_syn10_noHier,False,False,False,10,False,0,0.725,0.827825
gemini_3_1_pro,unknown,hard_noPath_noAuto_syn10_hier,False,False,False,10,True,18,0.77,0.8445
gemini_3_1_pro,unknown,hard_path_auto_syn0_noHier,False,True,True,0,False,0,0.685,0.761125
gemini_3_1_pro,unknown,hard_path_auto_syn0_hier,False,True,True,0,True,18,0.69,0.7770999999999999
gemini_3_1_pro,unknown,hard_path_auto_syn5_noHier,False,True,True,5,False,0,0.695,0.778525
gemini_3_1_pro,unknown,hard_path_auto_syn5_hier,False,True,True,5,True,18,0.72,0.78745
gemini_3_1_pro,unknown,hard_path_auto_syn10_noHier,False,True,True,10,False,0,0.67,0.7514
gemini_3_1_pro,unknown,hard_path_auto_syn10_hier,False,True,True,10,True,18,0.695,0.7533750000000001
gemini_3_1_pro,unknown,hard_path_noAuto_syn0_noHier,False,True,False,0,False,0,0.77,0.8448
gemini_3_1_pro,unknown,hard_path_noAuto_syn0_hier,False,True,False,0,True,18,0.805,0.878025
gemini_3_1_pro,unknown,hard_path_noAuto_syn5_noHier,False,True,False,5,False,0,0.835,0.894775
gemini_3_1_pro,unknown,hard_path_noAuto_syn5_hier,False,True,False,5,True,18,0.79,0.8681500000000001
gemini_3_1_pro,unknown,hard_path_noAuto_syn10_noHier,False,True,False,10,False,0,0.795,0.867825
gemini_3_1_pro,unknown,hard_path_noAuto_syn10_hier,False,True,False,10,True,18,0.815,0.871775
gemini_3_1_pro,unknown,soft_noPath_auto_syn0_noHier,True,False,True,0,False,0,0.615,0.6768750000000001
gemini_3_1_pro,unknown,soft_noPath_auto_syn0_hier,True,False,True,0,True,18,0.62,0.6908000000000001
gemini_3_1_pro,unknown,soft_noPath_auto_syn5_noHier,True,False,True,5,False,0,0.65,0.7110000000000001
gemini_3_1_pro,unknown,soft_noPath_auto_syn5_hier,True,False,True,5,True,18,0.64,0.6969500000000001
gemini_3_1_pro,unknown,soft_noPath_auto_syn10_noHier,True,False,True,10,False,0,0.645,0.686725
gemini_3_1_pro,unknown,soft_noPath_auto_syn10_hier,True,False,True,10,True,18,0.655,0.709575
gemini_3_1_pro,unknown,soft_noPath_noAuto_syn0_noHier,True,False,False,0,False,0,0.785,0.8429750000000001
gemini_3_1_pro,unknown,soft_noPath_noAuto_syn0_hier,True,False,False,0,True,18,0.795,0.856375
gemini_3_1_pro,unknown,soft_noPath_noAuto_syn5_noHier,True,False,False,5,False,0,0.765,0.852375
gemini_3_1_pro,unknown,soft_noPath_noAuto_syn5_hier,True,False,False,5,True,18,0.745,0.841375
gemini_3_1_pro,unknown,soft_noPath_noAuto_syn10_noHier,True,False,False,10,False,0,0.75,0.8024
gemini_3_1_pro,unknown,soft_noPath_noAuto_syn10_hier,True,False,False,10,True,18,0.755,0.8293750000000001
gemini_3_1_pro,unknown,soft_path_auto_syn0_noHier,True,True,True,0,False,0,0.63,0.6973
gemini_3_1_pro,unknown,soft_path_auto_syn0_hier,True,True,True,0,True,18,0.625,0.705225
gemini_3_1_pro,unknown,soft_path_auto_syn5_noHier,True,True,True,5,False,0,0.635,0.702725
gemini_3_1_pro,unknown,soft_path_auto_syn5_hier,True,True,True,5,True,18,0.68,0.7314
gemini_3_1_pro,unknown,soft_path_auto_syn10_noHier,True,True,True,10,False,0,0.625,0.692475
gemini_3_1_pro,unknown,soft_path_auto_syn10_hier,True,True,True,10,True,18,0.665,0.7269249999999999
gemini_3_1_pro,unknown,soft_path_noAuto_syn0_noHier,True,True,False,0,False,0,0.785,0.866275
gemini_3_1_pro,unknown,soft_path_noAuto_syn0_hier,True,True,False,0,True,18,0.815,0.876775
gemini_3_1_pro,unknown,soft_path_noAuto_syn5_noHier,True,True,False,5,False,0,0.8,0.87625
gemini_3_1_pro,unknown,soft_path_noAuto_syn5_hier,True,True,False,5,True,18,0.76,0.8606
gemini_3_1_pro,unknown,soft_path_noAuto_syn10_noHier,True,True,False,10,False,0,0.71,0.7995
gemini_3_1_pro,unknown,soft_path_noAuto_syn10_hier,True,True,False,10,True,18,0.82,0.90075
gemini_3_5_flash,unknown,hard_noPath_auto_syn0_noHier,False,False,True,0,False,0,0.705,0.7936750000000001
gemini_3_5_flash,unknown,hard_noPath_auto_syn0_hier,False,False,True,0,True,18,0.735,0.8071250000000001
gemini_3_5_flash,unknown,hard_noPath_auto_syn5_noHier,False,False,True,5,False,0,0.765,0.827875
gemini_3_5_flash,unknown,hard_noPath_auto_syn5_hier,False,False,True,5,True,18,0.765,0.836425
gemini_3_5_flash,unknown,hard_noPath_auto_syn10_noHier,False,False,True,10,False,0,0.725,0.8058249999999999
gemini_3_5_flash,unknown,hard_noPath_auto_syn10_hier,False,False,True,10,True,18,0.765,0.835075
gemini_3_5_flash,unknown,hard_noPath_noAuto_syn0_noHier,False,False,False,0,False,0,0.82,0.88885
gemini_3_5_flash,unknown,hard_noPath_noAuto_syn0_hier,False,False,False,0,True,18,0.815,0.876725
gemini_3_5_flash,unknown,hard_noPath_noAuto_syn5_noHier,False,False,False,5,False,0,0.84,0.92155
gemini_3_5_flash,unknown,hard_noPath_noAuto_syn5_hier,False,False,False,5,True,18,0.8,0.8764
gemini_3_5_flash,unknown,hard_noPath_noAuto_syn10_noHier,False,False,False,10,False,0,0.83,0.90385
gemini_3_5_flash,unknown,hard_noPath_noAuto_syn10_hier,False,False,False,10,True,18,0.825,0.8962249999999999
gemini_3_5_flash,unknown,hard_path_auto_syn0_noHier,False,True,True,0,False,0,0.765,0.8219249999999999
gemini_3_5_flash,unknown,hard_path_auto_syn0_hier,False,True,True,0,True,18,0.745,0.8214750000000001
gemini_3_5_flash,unknown,hard_path_auto_syn5_noHier,False,True,True,5,False,0,0.725,0.789875
gemini_3_5_flash,unknown,hard_path_auto_syn5_hier,False,True,True,5,True,18,0.735,0.819175
gemini_3_5_flash,unknown,hard_path_auto_syn10_noHier,False,True,True,10,False,0,0.71,0.8092500000000001
gemini_3_5_flash,unknown,hard_path_auto_syn10_hier,False,True,True,10,True,18,0.74,0.80155
gemini_3_5_flash,unknown,hard_path_noAuto_syn0_noHier,False,True,False,0,False,0,0.835,0.909925
gemini_3_5_flash,unknown,hard_path_noAuto_syn0_hier,False,True,False,0,True,18,0.825,0.8920250000000001
gemini_3_5_flash,unknown,hard_path_noAuto_syn5_noHier,False,True,False,5,False,0,0.84,0.91465
gemini_3_5_flash,unknown,hard_path_noAuto_syn5_hier,False,True,False,5,True,18,0.83,0.88735
gemini_3_5_flash,unknown,hard_path_noAuto_syn10_noHier,False,True,False,10,False,0,0.81,0.9013
gemini_3_5_flash,unknown,hard_path_noAuto_syn10_hier,False,True,False,10,True,18,0.825,0.898775
gemini_3_5_flash,unknown,soft_noPath_auto_syn0_noHier,True,False,True,0,False,0,0.74,0.8001999999999999
gemini_3_5_flash,unknown,soft_noPath_auto_syn0_hier,True,False,True,0,True,18,0.735,0.785625
gemini_3_5_flash,unknown,soft_noPath_auto_syn5_noHier,True,False,True,5,False,0,0.71,0.75205
gemini_3_5_flash,unknown,soft_noPath_auto_syn5_hier,True,False,True,5,True,18,0.69,0.7623
gemini_3_5_flash,unknown,soft_noPath_auto_syn10_noHier,True,False,True,10,False,0,0.665,0.7123750000000001
gemini_3_5_flash,unknown,soft_noPath_auto_syn10_hier,True,False,True,10,True,18,0.71,0.75575
gemini_3_5_flash,unknown,soft_noPath_noAuto_syn0_noHier,True,False,False,0,False,0,0.835,0.904375
gemini_3_5_flash,unknown,soft_noPath_noAuto_syn0_hier,True,False,False,0,True,18,0.805,0.879825
gemini_3_5_flash,unknown,soft_noPath_noAuto_syn5_noHier,True,False,False,5,False,0,0.85,0.92325
gemini_3_5_flash,unknown,soft_noPath_noAuto_syn5_hier,True,False,False,5,True,18,0.83,0.88155
gemini_3_5_flash,unknown,soft_noPath_noAuto_syn10_noHier,True,False,False,10,False,0,0.825,0.911325
gemini_3_5_flash,unknown,soft_noPath_noAuto_syn10_hier,True,False,False,10,True,18,0.805,0.890075
gemini_3_5_flash,unknown,soft_path_auto_syn0_noHier,True,True,True,0,False,0,0.68,0.7383500000000001
gemini_3_5_flash,unknown,soft_path_auto_syn0_hier,True,True,True,0,True,18,0.72,0.7798
gemini_3_5_flash,unknown,soft_path_auto_syn5_noHier,True,True,True,5,False,0,0.7,0.7629
gemini_3_5_flash,unknown,soft_path_auto_syn5_hier,True,True,True,5,True,18,0.715,0.7793750000000002
gemini_3_5_flash,unknown,soft_path_auto_syn10_noHier,True,True,True,10,False,0,0.675,0.7471749999999999
gemini_3_5_flash,unknown,soft_path_auto_syn10_hier,True,True,True,10,True,18,0.7,0.7886500000000001
gemini_3_5_flash,unknown,soft_path_noAuto_syn0_noHier,True,True,False,0,False,0,0.845,0.928375
gemini_3_5_flash,unknown,soft_path_noAuto_syn0_hier,True,True,False,0,True,18,0.845,0.904575
gemini_3_5_flash,unknown,soft_path_noAuto_syn5_noHier,True,True,False,5,False,0,0.835,0.912325
gemini_3_5_flash,unknown,soft_path_noAuto_syn5_hier,True,True,False,5,True,18,0.82,0.90085
gemini_3_5_flash,unknown,soft_path_noAuto_syn10_noHier,True,True,False,10,False,0,0.82,0.8857
gemini_3_5_flash,unknown,soft_path_noAuto_syn10_hier,True,True,False,10,True,18,0.82,0.89105
doctor10,llm_legacy,hard_noPath_auto_syn0_noHier,False,False,True,0,False,0,0.725,0.8051750000000001
doctor10,llm_legacy,hard_noPath_auto_syn0_hier,False,False,True,0,True,18,0.76,0.82055
doctor10,llm_legacy,hard_noPath_auto_syn5_noHier,False,False,True,5,False,0,0.725,0.7824249999999999
doctor10,llm_legacy,hard_noPath_auto_syn5_hier,False,False,True,5,True,18,0.75,0.80155
doctor10,llm_legacy,hard_noPath_auto_syn10_noHier,False,False,True,10,False,0,0.72,0.78125
doctor10,llm_legacy,hard_noPath_auto_syn10_hier,False,False,True,10,True,18,0.74,0.79875
doctor10,llm_legacy,hard_noPath_noAuto_syn0_noHier,False,False,False,0,False,0,0.825,0.917175
doctor10,llm_legacy,hard_noPath_noAuto_syn0_hier,False,False,False,0,True,18,0.84,0.9214
doctor10,llm_legacy,hard_noPath_noAuto_syn5_noHier,False,False,False,5,False,0,0.79,0.8996
doctor10,llm_legacy,hard_noPath_noAuto_syn5_hier,False,False,False,5,True,18,0.835,0.930925
doctor10,llm_legacy,hard_noPath_noAuto_syn10_noHier,False,False,False,10,False,0,0.8,0.8877
doctor10,llm_legacy,hard_noPath_noAuto_syn10_hier,False,False,False,10,True,18,0.81,0.9003000000000001
doctor10,llm_legacy,hard_path_auto_syn0_noHier,False,True,True,0,False,0,0.725,0.805825
doctor10,llm_legacy,hard_path_auto_syn0_hier,False,True,True,0,True,18,0.745,0.812275
doctor10,llm_legacy,hard_path_auto_syn5_noHier,False,True,True,5,False,0,0.73,0.7891999999999999
doctor10,llm_legacy,hard_path_auto_syn5_hier,False,True,True,5,True,18,0.76,0.8074999999999999
doctor10,llm_legacy,hard_path_auto_syn10_noHier,False,True,True,10,False,0,0.68,0.7180500000000001
doctor10,llm_legacy,hard_path_auto_syn10_hier,False,True,True,10,True,18,0.73,0.79815
doctor10,llm_legacy,hard_path_noAuto_syn0_noHier,False,True,False,0,False,0,0.855,0.925525
doctor10,llm_legacy,hard_path_noAuto_syn0_hier,False,True,False,0,True,18,0.835,0.915375
doctor10,llm_legacy,hard_path_noAuto_syn5_noHier,False,True,False,5,False,0,0.83,0.9003
doctor10,llm_legacy,hard_path_noAuto_syn5_hier,False,True,False,5,True,18,0.835,0.912425
doctor10,llm_legacy,hard_path_noAuto_syn10_noHier,False,True,False,10,False,0,0.79,0.8873
doctor10,llm_legacy,hard_path_noAuto_syn10_hier,False,True,False,10,True,18,0.82,0.89245
doctor10,llm_legacy,soft_noPath_auto_syn0_noHier,True,False,True,0,False,0,0.675,0.7109749999999999
doctor10,llm_legacy,soft_noPath_auto_syn0_hier,True,False,True,0,True,18,0.705,0.741225
doctor10,llm_legacy,soft_noPath_auto_syn5_noHier,True,False,True,5,False,0,0.68,0.69325
doctor10,llm_legacy,soft_noPath_auto_syn5_hier,True,False,True,5,True,18,0.735,0.7671749999999999
doctor10,llm_legacy,soft_noPath_auto_syn10_noHier,True,False,True,10,False,0,0.645,0.6935749999999999
doctor10,llm_legacy,soft_noPath_auto_syn10_hier,True,False,True,10,True,18,0.64,0.6993
doctor10,llm_legacy,soft_noPath_noAuto_syn0_noHier,True,False,False,0,False,0,0.83,0.92215
doctor10,llm_legacy,soft_noPath_noAuto_syn0_hier,True,False,False,0,True,18,0.81,0.90315
doctor10,llm_legacy,soft_noPath_noAuto_syn5_noHier,True,False,False,5,False,0,0.825,0.906225
doctor10,llm_legacy,soft_noPath_noAuto_syn5_hier,True,False,False,5,True,18,0.85,0.9293
doctor10,llm_legacy,soft_noPath_noAuto_syn10_noHier,True,False,False,10,False,0,0.76,0.87155
doctor10,llm_legacy,soft_noPath_noAuto_syn10_hier,True,False,False,10,True,18,0.765,0.8648750000000001
doctor10,llm_legacy,soft_path_auto_syn0_noHier,True,True,True,0,False,0,0.72,0.76695
doctor10,llm_legacy,soft_path_auto_syn0_hier,True,True,True,0,True,18,0.735,0.784425
doctor10,llm_legacy,soft_path_auto_syn5_noHier,True,True,True,5,False,0,0.71,0.7459
doctor10,llm_legacy,soft_path_auto_syn5_hier,True,True,True,5,True,18,0.705,0.726175
doctor10,llm_legacy,soft_path_auto_syn10_noHier,True,True,True,10,False,0,0.625,0.6633249999999999
doctor10,llm_legacy,soft_path_auto_syn10_hier,True,True,True,10,True,18,0.68,0.7247999999999999
doctor10,llm_legacy,soft_path_noAuto_syn0_noHier,True,True,False,0,False,0,0.85,0.93345
doctor10,llm_legacy,soft_path_noAuto_syn0_hier,True,True,False,0,True,18,0.84,0.91855
doctor10,llm_legacy,soft_path_noAuto_syn5_noHier,True,True,False,5,False,0,0.795,0.8724250000000001
doctor10,llm_legacy,soft_path_noAuto_syn5_hier,True,True,False,5,True,18,0.81,0.90135
doctor10,llm_legacy,soft_path_noAuto_syn10_noHier,True,True,False,10,False,0,0.805,0.8876750000000001
doctor10,llm_legacy,soft_path_noAuto_syn10_hier,True,True,False,10,True,18,0.745,0.8496250000000001
llama_3_3_70b,unknown,hard_noPath_auto_syn0_noHier,False,False,True,0,False,0,0.69,0.73575
llama_3_3_70b,unknown,hard_noPath_auto_syn0_hier,False,False,True,0,True,18,0.69,0.74305
llama_3_3_70b,unknown,hard_noPath_auto_syn5_noHier,False,False,True,5,False,0,0.74,0.772
llama_3_3_70b,unknown,hard_noPath_auto_syn5_hier,False,False,True,5,True,18,0.72,0.7725500000000001
llama_3_3_70b,unknown,hard_noPath_auto_syn10_noHier,False,False,True,10,False,0,0.715,0.7489750000000001
llama_3_3_70b,unknown,hard_noPath_auto_syn10_hier,False,False,True,10,True,18,0.7,0.7536499999999999
llama_3_3_70b,unknown,hard_noPath_noAuto_syn0_noHier,False,False,False,0,False,0,0.875,0.949175
llama_3_3_70b,unknown,hard_noPath_noAuto_syn0_hier,False,False,False,0,True,18,0.835,0.934475
llama_3_3_70b,unknown,hard_noPath_noAuto_syn5_noHier,False,False,False,5,False,0,0.765,0.8949249999999999
llama_3_3_70b,unknown,hard_noPath_noAuto_syn5_hier,False,False,False,5,True,18,0.835,0.922075
llama_3_3_70b,unknown,hard_noPath_noAuto_syn10_noHier,False,False,False,10,False,0,0.76,0.8484999999999999
llama_3_3_70b,unknown,hard_noPath_noAuto_syn10_hier,False,False,False,10,True,18,0.8,0.8755
llama_3_3_70b,unknown,hard_path_auto_syn0_noHier,False,True,True,0,False,0,0.685,0.7528250000000001
llama_3_3_70b,unknown,hard_path_auto_syn0_hier,False,True,True,0,True,18,0.675,0.721025
llama_3_3_70b,unknown,hard_path_auto_syn5_noHier,False,True,True,5,False,0,0.72,0.7669
llama_3_3_70b,unknown,hard_path_auto_syn5_hier,False,True,True,5,True,18,0.69,0.7328
llama_3_3_70b,unknown,hard_path_auto_syn10_noHier,False,True,True,10,False,0,0.71,0.77845
llama_3_3_70b,unknown,hard_path_auto_syn10_hier,False,True,True,10,True,18,0.745,0.7971750000000001
llama_3_3_70b,unknown,hard_path_noAuto_syn0_noHier,False,True,False,0,False,0,0.845,0.922325
llama_3_3_70b,unknown,hard_path_noAuto_syn0_hier,False,True,False,0,True,18,0.855,0.923525
llama_3_3_70b,unknown,hard_path_noAuto_syn5_noHier,False,True,False,5,False,0,0.78,0.8861
llama_3_3_70b,unknown,hard_path_noAuto_syn5_hier,False,True,False,5,True,18,0.79,0.8904
llama_3_3_70b,unknown,hard_path_noAuto_syn10_noHier,False,True,False,10,False,0,0.735,0.819775
llama_3_3_70b,unknown,hard_path_noAuto_syn10_hier,False,True,False,10,True,18,0.78,0.87445
llama_3_3_70b,unknown,soft_noPath_auto_syn0_noHier,True,False,True,0,False,0,0.68,0.7267499999999999
llama_3_3_70b,unknown,soft_noPath_auto_syn0_hier,True,False,True,0,True,18,0.68,0.7229
llama_3_3_70b,unknown,soft_noPath_auto_syn5_noHier,True,False,True,5,False,0,0.665,0.7119749999999999
llama_3_3_70b,unknown,soft_noPath_auto_syn5_hier,True,False,True,5,True,18,0.635,0.6924249999999998
llama_3_3_70b,unknown,soft_noPath_auto_syn10_noHier,True,False,True,10,False,0,0.68,0.7186500000000001
llama_3_3_70b,unknown,soft_noPath_auto_syn10_hier,True,False,True,10,True,18,0.665,0.7081249999999999
llama_3_3_70b,unknown,soft_noPath_noAuto_syn0_noHier,True,False,False,0,False,0,0.865,0.954225
llama_3_3_70b,unknown,soft_noPath_noAuto_syn0_hier,True,False,False,0,True,18,0.855,0.938825
llama_3_3_70b,unknown,soft_noPath_noAuto_syn5_noHier,True,False,False,5,False,0,0.785,0.893625
llama_3_3_70b,unknown,soft_noPath_noAuto_syn5_hier,True,False,False,5,True,18,0.84,0.8921
llama_3_3_70b,unknown,soft_noPath_noAuto_syn10_noHier,True,False,False,10,False,0,0.78,0.8572
llama_3_3_70b,unknown,soft_noPath_noAuto_syn10_hier,True,False,False,10,True,18,0.76,0.85415
llama_3_3_70b,unknown,soft_path_auto_syn0_noHier,True,True,True,0,False,0,0.675,0.7253750000000001
llama_3_3_70b,unknown,soft_path_auto_syn0_hier,True,True,True,0,True,18,0.665,0.720825
llama_3_3_70b,unknown,soft_path_auto_syn5_noHier,True,True,True,5,False,0,0.635,0.680675
llama_3_3_70b,unknown,soft_path_auto_syn5_hier,True,True,True,5,True,18,0.685,0.726975
llama_3_3_70b,unknown,soft_path_auto_syn10_noHier,True,True,True,10,False,0,0.67,0.68095
llama_3_3_70b,unknown,soft_path_auto_syn10_hier,True,True,True,10,True,18,0.695,0.731875
llama_3_3_70b,unknown,soft_path_noAuto_syn0_noHier,True,True,False,0,False,0,0.9,0.95855
llama_3_3_70b,unknown,soft_path_noAuto_syn0_hier,True,True,False,0,True,18,0.89,0.9489
llama_3_3_70b,unknown,soft_path_noAuto_syn5_noHier,True,True,False,5,False,0,0.795,0.883025
llama_3_3_70b,unknown,soft_path_noAuto_syn5_hier,True,True,False,5,True,18,0.82,0.8736999999999999
llama_3_3_70b,unknown,soft_path_noAuto_syn10_noHier,True,True,False,10,False,0,0.74,0.8258
llama_3_3_70b,unknown,soft_path_noAuto_syn10_hier,True,True,False,10,True,18,0.76,0.8367500000000001
deepseek_v3_2,unknown,hard_noPath_auto_syn0_noHier,False,False,True,0,False,0,0.7,0.76305
deepseek_v3_2,unknown,hard_noPath_auto_syn0_hier,False,False,True,0,True,18,0.755,0.794175
deepseek_v3_2,unknown,hard_noPath_auto_syn5_noHier,False,False,True,5,False,0,0.705,0.7890250000000001
deepseek_v3_2,unknown,hard_noPath_auto_syn5_hier,False,False,True,5,True,18,0.705,0.7786249999999999
deepseek_v3_2,unknown,hard_noPath_auto_syn10_noHier,False,False,True,10,False,0,0.72,0.7827
deepseek_v3_2,unknown,hard_noPath_auto_syn10_hier,False,False,True,10,True,18,0.69,0.76715
deepseek_v3_2,unknown,hard_noPath_noAuto_syn0_noHier,False,False,False,0,False,0,0.835,0.897275
deepseek_v3_2,unknown,hard_noPath_noAuto_syn0_hier,False,False,False,0,True,18,0.78,0.8751
deepseek_v3_2,unknown,hard_noPath_noAuto_syn5_noHier,False,False,False,5,False,0,0.835,0.8995249999999999
deepseek_v3_2,unknown,hard_noPath_noAuto_syn5_hier,False,False,False,5,True,18,0.77,0.85575
deepseek_v3_2,unknown,hard_noPath_noAuto_syn10_noHier,False,False,False,10,False,0,0.79,0.86395
deepseek_v3_2,unknown,hard_noPath_noAuto_syn10_hier,False,False,False,10,True,18,0.825,0.873075
deepseek_v3_2,unknown,hard_path_auto_syn0_noHier,False,True,True,0,False,0,0.76,0.8151999999999999
deepseek_v3_2,unknown,hard_path_auto_syn0_hier,False,True,True,0,True,18,0.705,0.756575
deepseek_v3_2,unknown,hard_path_auto_syn5_noHier,False,True,True,5,False,0,0.675,0.7326250000000001
deepseek_v3_2,unknown,hard_path_auto_syn5_hier,False,True,True,5,True,18,0.72,0.7948500000000001
deepseek_v3_2,unknown,hard_path_auto_syn10_noHier,False,True,True,10,False,0,0.695,0.7524250000000001
deepseek_v3_2,unknown,hard_path_auto_syn10_hier,False,True,True,10,True,18,0.74,0.805
deepseek_v3_2,unknown,hard_path_noAuto_syn0_noHier,False,True,False,0,False,0,0.865,0.925625
deepseek_v3_2,unknown,hard_path_noAuto_syn0_hier,False,True,False,0,True,18,0.825,0.8902749999999999
deepseek_v3_2,unknown,hard_path_noAuto_syn5_noHier,False,True,False,5,False,0,0.825,0.898925
deepseek_v3_2,unknown,hard_path_noAuto_syn5_hier,False,True,False,5,True,18,0.81,0.8762
deepseek_v3_2,unknown,hard_path_noAuto_syn10_noHier,False,True,False,10,False,0,0.825,0.8749750000000001
deepseek_v3_2,unknown,hard_path_noAuto_syn10_hier,False,True,False,10,True,18,0.815,0.876425
deepseek_v3_2,unknown,soft_noPath_auto_syn0_noHier,True,False,True,0,False,0,0.7,0.7639499999999999
deepseek_v3_2,unknown,soft_noPath_auto_syn0_hier,True,False,True,0,True,18,0.725,0.775875
deepseek_v3_2,unknown,soft_noPath_auto_syn5_noHier,True,False,True,5,False,0,0.67,0.7349
deepseek_v3_2,unknown,soft_noPath_auto_syn5_hier,True,False,True,5,True,18,0.73,0.7868999999999999
deepseek_v3_2,unknown,soft_noPath_auto_syn10_noHier,True,False,True,10,False,0,0.63,0.706
deepseek_v3_2,unknown,soft_noPath_auto_syn10_hier,True,False,True,10,True,18,0.655,0.7504250000000001
deepseek_v3_2,unknown,soft_noPath_noAuto_syn0_noHier,True,False,False,0,False,0,0.86,0.91465
deepseek_v3_2,unknown,soft_noPath_noAuto_syn0_hier,True,False,False,0,True,18,0.79,0.8826499999999999
deepseek_v3_2,unknown,soft_noPath_noAuto_syn5_noHier,True,False,False,5,False,0,0.865,0.911925
deepseek_v3_2,unknown,soft_noPath_noAuto_syn5_hier,True,False,False,5,True,18,0.795,0.8784249999999999
deepseek_v3_2,unknown,soft_noPath_noAuto_syn10_noHier,True,False,False,10,False,0,0.825,0.885375
deepseek_v3_2,unknown,soft_noPath_noAuto_syn10_hier,True,False,False,10,True,18,0.84,0.88455
deepseek_v3_2,unknown,soft_path_auto_syn0_noHier,True,True,True,0,False,0,0.695,0.7601749999999998
deepseek_v3_2,unknown,soft_path_auto_syn0_hier,True,True,True,0,True,18,0.705,0.7844250000000001
deepseek_v3_2,unknown,soft_path_auto_syn5_noHier,True,True,True,5,False,0,0.71,0.7686999999999999
deepseek_v3_2,unknown,soft_path_auto_syn5_hier,True,True,True,5,True,18,0.7,0.7698499999999999
deepseek_v3_2,unknown,soft_path_auto_syn10_noHier,True,True,True,10,False,0,0.675,0.733475
deepseek_v3_2,unknown,soft_path_auto_syn10_hier,True,True,True,10,True,18,0.705,0.7649249999999999
deepseek_v3_2,unknown,soft_path_noAuto_syn0_noHier,True,True,False,0,False,0,0.865,0.923825
deepseek_v3_2,unknown,soft_path_noAuto_syn0_hier,True,True,False,0,True,18,0.805,0.890625
deepseek_v3_2,unknown,soft_path_noAuto_syn5_noHier,True,True,False,5,False,0,0.835,0.903925
deepseek_v3_2,unknown,soft_path_noAuto_syn5_hier,True,True,False,5,True,18,0.805,0.879975
deepseek_v3_2,unknown,soft_path_noAuto_syn10_noHier,True,True,False,10,False,0,0.81,0.8834
deepseek_v3_2,unknown,soft_path_noAuto_syn10_hier,True,True,False,10,True,18,0.8,0.8664
qwen3_5_27b,unknown,hard_noPath_auto_syn0_noHier,False,False,True,0,False,0,0.71,0.7468
qwen3_5_27b,unknown,hard_noPath_auto_syn0_hier,False,False,True,0,True,18,0.72,0.7475
qwen3_5_27b,unknown,hard_noPath_auto_syn5_noHier,False,False,True,5,False,0,0.675,0.700375
qwen3_5_27b,unknown,hard_noPath_auto_syn5_hier,False,False,True,5,True,18,0.725,0.786075
qwen3_5_27b,unknown,hard_noPath_auto_syn10_noHier,False,False,True,10,False,0,0.72,0.75585
qwen3_5_27b,unknown,hard_noPath_auto_syn10_hier,False,False,True,10,True,18,0.715,0.776125
qwen3_5_27b,unknown,hard_noPath_noAuto_syn0_noHier,False,False,False,0,False,0,0.835,0.886025
qwen3_5_27b,unknown,hard_noPath_noAuto_syn0_hier,False,False,False,0,True,18,0.795,0.8773249999999999
qwen3_5_27b,unknown,hard_noPath_noAuto_syn5_noHier,False,False,False,5,False,0,0.81,0.8885000000000001
qwen3_5_27b,unknown,hard_noPath_noAuto_syn5_hier,False,False,False,5,True,18,0.8,0.8737999999999999
qwen3_5_27b,unknown,hard_noPath_noAuto_syn10_noHier,False,False,False,10,False,0,0.775,0.872125
qwen3_5_27b,unknown,hard_noPath_noAuto_syn10_hier,False,False,False,10,True,18,0.805,0.8880250000000001
qwen3_5_27b,unknown,hard_path_auto_syn0_noHier,False,True,True,0,False,0,0.685,0.7435750000000001
qwen3_5_27b,unknown,hard_path_auto_syn0_hier,False,True,True,0,True,18,0.68,0.74335
qwen3_5_27b,unknown,hard_path_auto_syn5_noHier,False,True,True,5,False,0,0.695,0.766475
qwen3_5_27b,unknown,hard_path_auto_syn5_hier,False,True,True,5,True,18,0.705,0.7580749999999999
qwen3_5_27b,unknown,hard_path_auto_syn10_noHier,False,True,True,10,False,0,0.705,0.7780750000000001
qwen3_5_27b,unknown,hard_path_auto_syn10_hier,False,True,True,10,True,18,0.71,0.7664999999999998
qwen3_5_27b,unknown,hard_path_noAuto_syn0_noHier,False,True,False,0,False,0,0.84,0.88395
qwen3_5_27b,unknown,hard_path_noAuto_syn0_hier,False,True,False,0,True,18,0.81,0.87595
qwen3_5_27b,unknown,hard_path_noAuto_syn5_noHier,False,True,False,5,False,0,0.8,0.87855
qwen3_5_27b,unknown,hard_path_noAuto_syn5_hier,False,True,False,5,True,18,0.825,0.8800250000000001
qwen3_5_27b,unknown,hard_path_noAuto_syn10_noHier,False,True,False,10,False,0,0.805,0.878125
qwen3_5_27b,unknown,hard_path_noAuto_syn10_hier,False,True,False,10,True,18,0.825,0.880875
qwen3_5_27b,unknown,soft_noPath_auto_syn0_noHier,True,False,True,0,False,0,0.69,0.7496999999999999
qwen3_5_27b,unknown,soft_noPath_auto_syn0_hier,True,False,True,0,True,18,0.71,0.7679
qwen3_5_27b,unknown,soft_noPath_auto_syn5_noHier,True,False,True,5,False,0,0.705,0.737525
qwen3_5_27b,unknown,soft_noPath_auto_syn5_hier,True,False,True,5,True,18,0.71,0.74375
qwen3_5_27b,unknown,soft_noPath_auto_syn10_noHier,True,False,True,10,False,0,0.675,0.714625
qwen3_5_27b,unknown,soft_noPath_auto_syn10_hier,True,False,True,10,True,18,0.705,0.7500249999999999
qwen3_5_27b,unknown,soft_noPath_noAuto_syn0_noHier,True,False,False,0,False,0,0.83,0.8809500000000001
qwen3_5_27b,unknown,soft_noPath_noAuto_syn0_hier,True,False,False,0,True,18,0.81,0.8865000000000001
qwen3_5_27b,unknown,soft_noPath_noAuto_syn5_noHier,True,False,False,5,False,0,0.82,0.8979
qwen3_5_27b,unknown,soft_noPath_noAuto_syn5_hier,True,False,False,5,True,18,0.8,0.8821
qwen3_5_27b,unknown,soft_noPath_noAuto_syn10_noHier,True,False,False,10,False,0,0.78,0.8683
qwen3_5_27b,unknown,soft_noPath_noAuto_syn10_hier,True,False,False,10,True,18,0.77,0.85185
qwen3_5_27b,unknown,soft_path_auto_syn0_noHier,True,True,True,0,False,0,0.665,0.739875
qwen3_5_27b,unknown,soft_path_auto_syn0_hier,True,True,True,0,True,18,0.7,0.7524500000000001
qwen3_5_27b,unknown,soft_path_auto_syn5_noHier,True,True,True,5,False,0,0.665,0.726225
qwen3_5_27b,unknown,soft_path_auto_syn5_hier,True,True,True,5,True,18,0.67,0.7363999999999999
qwen3_5_27b,unknown,soft_path_auto_syn10_noHier,True,True,True,10,False,0,0.63,0.7059
qwen3_5_27b,unknown,soft_path_auto_syn10_hier,True,True,True,10,True,18,0.675,0.736575
qwen3_5_27b,unknown,soft_path_noAuto_syn0_noHier,True,True,False,0,False,0,0.825,0.884525
qwen3_5_27b,unknown,soft_path_noAuto_syn0_hier,True,True,False,0,True,18,0.835,0.873125
qwen3_5_27b,unknown,soft_path_noAuto_syn5_noHier,True,True,False,5,False,0,0.805,0.880375
qwen3_5_27b,unknown,soft_path_noAuto_syn5_hier,True,True,False,5,True,18,0.785,0.8561250000000001
qwen3_5_27b,unknown,soft_path_noAuto_syn10_noHier,True,True,False,10,False,0,0.78,0.86945
qwen3_5_27b,unknown,soft_path_noAuto_syn10_hier,True,True,False,10,True,18,0.795,0.868625
mistral_medium_3_5,unknown,hard_noPath_auto_syn0_noHier,False,False,True,0,False,0,0.725,0.7865749999999999
mistral_medium_3_5,unknown,hard_noPath_auto_syn0_hier,False,False,True,0,True,18,0.745,0.810225
mistral_medium_3_5,unknown,hard_noPath_auto_syn5_noHier,False,False,True,5,False,0,0.755,0.8298749999999999
mistral_medium_3_5,unknown,hard_noPath_auto_syn5_hier,False,False,True,5,True,18,0.745,0.7913250000000001
mistral_medium_3_5,unknown,hard_noPath_auto_syn10_noHier,False,False,True,10,False,0,0.685,0.748675
mistral_medium_3_5,unknown,hard_noPath_auto_syn10_hier,False,False,True,10,True,18,0.7,0.7426999999999999
mistral_medium_3_5,unknown,hard_noPath_noAuto_syn0_noHier,False,False,False,0,False,0,0.865,0.931375
mistral_medium_3_5,unknown,hard_noPath_noAuto_syn0_hier,False,False,False,0,True,18,0.805,0.905425
mistral_medium_3_5,unknown,hard_noPath_noAuto_syn5_noHier,False,False,False,5,False,0,0.84,0.9264
mistral_medium_3_5,unknown,hard_noPath_noAuto_syn5_hier,False,False,False,5,True,18,0.805,0.8908750000000001
mistral_medium_3_5,unknown,hard_noPath_noAuto_syn10_noHier,False,False,False,10,False,0,0.825,0.901475
mistral_medium_3_5,unknown,hard_noPath_noAuto_syn10_hier,False,False,False,10,True,18,0.775,0.871825
mistral_medium_3_5,unknown,hard_path_auto_syn0_noHier,False,True,True,0,False,0,0.69,0.77145
mistral_medium_3_5,unknown,hard_path_auto_syn0_hier,False,True,True,0,True,18,0.755,0.8114750000000002
mistral_medium_3_5,unknown,hard_path_auto_syn5_noHier,False,True,True,5,False,0,0.715,0.824475
mistral_medium_3_5,unknown,hard_path_auto_syn5_hier,False,True,True,5,True,18,0.745,0.8156249999999999
mistral_medium_3_5,unknown,hard_path_auto_syn10_noHier,False,True,True,10,False,0,0.71,0.77325
mistral_medium_3_5,unknown,hard_path_auto_syn10_hier,False,True,True,10,True,18,0.69,0.7417
mistral_medium_3_5,unknown,hard_path_noAuto_syn0_noHier,False,True,False,0,False,0,0.84,0.92305
mistral_medium_3_5,unknown,hard_path_noAuto_syn0_hier,False,True,False,0,True,18,0.83,0.91465
mistral_medium_3_5,unknown,hard_path_noAuto_syn5_noHier,False,True,False,5,False,0,0.835,0.907575
mistral_medium_3_5,unknown,hard_path_noAuto_syn5_hier,False,True,False,5,True,18,0.785,0.874725
mistral_medium_3_5,unknown,hard_path_noAuto_syn10_noHier,False,True,False,10,False,0,0.845,0.919975
mistral_medium_3_5,unknown,hard_path_noAuto_syn10_hier,False,True,False,10,True,18,0.82,0.8985
mistral_medium_3_5,unknown,soft_noPath_auto_syn0_noHier,True,False,True,0,False,0,0.715,0.762225
mistral_medium_3_5,unknown,soft_noPath_auto_syn0_hier,True,False,True,0,True,18,0.7,0.7541
mistral_medium_3_5,unknown,soft_noPath_auto_syn5_noHier,True,False,True,5,False,0,0.73,0.7782
mistral_medium_3_5,unknown,soft_noPath_auto_syn5_hier,True,False,True,5,True,18,0.7,0.7715
mistral_medium_3_5,unknown,soft_noPath_auto_syn10_noHier,True,False,True,10,False,0,0.71,0.757
mistral_medium_3_5,unknown,soft_noPath_auto_syn10_hier,True,False,True,10,True,18,0.71,0.7682
mistral_medium_3_5,unknown,soft_noPath_noAuto_syn0_noHier,True,False,False,0,False,0,0.855,0.936275
mistral_medium_3_5,unknown,soft_noPath_noAuto_syn0_hier,True,False,False,0,True,18,0.845,0.926675
mistral_medium_3_5,unknown,soft_noPath_noAuto_syn5_noHier,True,False,False,5,False,0,0.845,0.931275
mistral_medium_3_5,unknown,soft_noPath_noAuto_syn5_hier,True,False,False,5,True,18,0.78,0.8987499999999999
mistral_medium_3_5,unknown,soft_noPath_noAuto_syn10_noHier,True,False,False,10,False,0,0.83,0.8981
mistral_medium_3_5,unknown,soft_noPath_noAuto_syn10_hier,True,False,False,10,True,18,0.815,0.895025
mistral_medium_3_5,unknown,soft_path_auto_syn0_noHier,True,True,True,0,False,0,0.69,0.7619
mistral_medium_3_5,unknown,soft_path_auto_syn0_hier,True,True,True,0,True,18,0.725,0.766825
mistral_medium_3_5,unknown,soft_path_auto_syn5_noHier,True,True,True,5,False,0,0.7,0.7656499999999999
mistral_medium_3_5,unknown,soft_path_auto_syn5_hier,True,True,True,5,True,18,0.71,0.7537499999999999
mistral_medium_3_5,unknown,soft_path_auto_syn10_noHier,True,True,True,10,False,0,0.665,0.7095750000000001
mistral_medium_3_5,unknown,soft_path_auto_syn10_hier,True,True,True,10,True,18,0.705,0.7613749999999999
mistral_medium_3_5,unknown,soft_path_noAuto_syn0_noHier,True,True,False,0,False,0,0.865,0.941875
mistral_medium_3_5,unknown,soft_path_noAuto_syn0_hier,True,True,False,0,True,18,0.84,0.91775
mistral_medium_3_5,unknown,soft_path_noAuto_syn5_noHier,True,True,False,5,False,0,0.87,0.9467
mistral_medium_3_5,unknown,soft_path_noAuto_syn5_hier,True,True,False,5,True,18,0.79,0.888
mistral_medium_3_5,unknown,soft_path_noAuto_syn10_noHier,True,True,False,10,False,0,0.84,0.9149
mistral_medium_3_5,unknown,soft_path_noAuto_syn10_hier,True,True,False,10,True,18,0.825,0.898175
