doctor,entity_type,patient_num,ranknet_score
fm_1,human,1,0.2867995798587799
fm_1,human,3,-0.07196824252605438
fm_1,human,4,-0.12718522548675537
fm_1,human,6,0.7288218140602112
fm_1,human,7,-1.208767056465149
fm_1,human,8,-1.0350815057754517
fm_1,human,10,0.34744006395339966
fm_1,human,11,-1.239274263381958
fm_1,human,12,1.4183363914489746
fm_1,human,13,-1.3370146751403809
fm_1,human,19,-0.1963452696800232
fm_1,human,24,-1.0219218730926514
fm_1,human,25,1.5121177434921265
fm_1,human,26,-0.9293964505195618
fm_1,human,29,0.9439568519592285
fm_1,human,30,-1.9226454496383667
fm_1,human,31,-0.5081135630607605
fm_1,human,32,-0.10802111029624939
fm_1,human,34,1.6403284072875977
fm_1,human,40,-0.7614008188247681
fm_1,human,42,0.6673769950866699
fm_1,human,43,-0.4381369948387146
fm_1,human,44,-1.470436930656433
fm_1,human,45,1.444724440574646
fm_1,human,50,-0.9095882773399353
fm_1,human,52,-1.6979376077651978
fm_1,human,55,0.21133831143379211
fm_1,human,56,0.45822855830192566
fm_1,human,57,-1.072407841682434
fm_1,human,60,-0.9466848969459534
fm_1,human,61,-0.5239484310150146
fm_1,human,62,-1.0465734004974365
fm_1,human,64,-1.056281328201294
fm_1,human,66,0.18335694074630737
fm_1,human,67,1.506610631942749
fm_1,human,68,0.07812324166297913
fm_1,human,70,-1.661830186843872
fm_1,human,71,0.861781120300293
fm_1,human,73,0.7056512832641602
fm_1,human,74,-0.9023001790046692
fm_1,human,75,1.3995684385299683
fm_1,human,77,-1.801954984664917
fm_1,human,78,-1.2169257402420044
fm_1,human,79,0.3874257802963257
fm_1,human,80,1.381337285041809
fm_1,human,82,1.076891303062439
fm_1,human,83,0.09449226409196854
fm_1,human,84,0.7651186585426331
fm_1,human,85,-1.7620055675506592
fm_1,human,87,-0.9180759787559509
fm_1,human,89,0.8415501117706299
fm_1,human,90,0.6147317886352539
fm_1,human,91,-1.4764535427093506
fm_1,human,93,0.6698421835899353
fm_1,human,95,-1.1265926361083984
fm_1,human,97,0.0522833988070488
fm_1,human,98,-0.9795870184898376
fm_1,human,101,-1.0191000699996948
fm_1,human,102,-0.4685850739479065
fm_1,human,105,-1.4303417205810547
fm_1,human,108,-1.8662166595458984
fm_1,human,109,0.663295567035675
fm_1,human,110,0.7374964952468872
fm_1,human,111,-1.4541852474212646
fm_1,human,114,-0.5163390040397644
fm_1,human,115,0.937630832195282
fm_1,human,119,0.044240184128284454
fm_1,human,121,0.48806852102279663
fm_1,human,126,-0.5556381344795227
fm_1,human,132,-0.8534500002861023
fm_1,human,133,1.651324987411499
fm_1,human,134,-1.2462103366851807
fm_1,human,136,-1.290399432182312
fm_1,human,137,0.6878908276557922
fm_1,human,138,1.3211244344711304
fm_1,human,140,-1.658400297164917
fm_1,human,141,-1.5038537979125977
fm_1,human,142,-0.07298915088176727
fm_1,human,145,0.46187323331832886
fm_1,human,146,0.1833251714706421
fm_1,human,149,1.4264192581176758
fm_1,human,156,-1.6989465951919556
fm_1,human,159,0.9879609942436218
fm_1,human,164,-1.759880542755127
fm_1,human,165,-0.2177293300628662
fm_1,human,166,-0.9131916165351868
fm_1,human,168,-0.5613438487052917
fm_1,human,169,-1.2379522323608398
fm_1,human,170,1.4621943235397339
fm_1,human,173,-1.3546254634857178
fm_1,human,174,0.781103789806366
fm_1,human,175,1.3107997179031372
fm_1,human,177,-0.05308746546506882
fm_1,human,179,1.5285347700119019
fm_1,human,182,-1.7834105491638184
fm_1,human,183,0.45613953471183777
fm_1,human,185,1.6039741039276123
fm_1,human,186,-1.0211673974990845
fm_1,human,193,-1.0072845220565796
fm_1,human,194,-1.0327941179275513
fm_1,human,197,0.8050168752670288
fm_1,human,199,1.6225216388702393
fm_1,human,200,-1.6769235134124756
fm_1,human,205,0.7892205119132996
fm_1,human,209,0.37902528047561646
fm_1,human,210,-0.7357774972915649
fm_1,human,211,0.42722323536872864
fm_1,human,212,0.044240184128284454
fm_1,human,213,0.16745203733444214
fm_1,human,214,-0.728937029838562
fm_1,human,216,1.3547465801239014
fm_1,human,219,-1.1062195301055908
fm_1,human,221,-1.2254432439804077
fm_1,human,222,-1.4541852474212646
fm_1,human,224,-0.8218994736671448
fm_1,human,228,1.3916794061660767
fm_1,human,229,-1.1433980464935303
fm_1,human,232,0.3593902885913849
fm_1,human,235,-0.36229556798934937
fm_1,human,236,0.552571713924408
fm_1,human,238,-1.8319590091705322
fm_1,human,239,0.9439568519592285
fm_1,human,240,-0.5792936682701111
fm_1,human,245,-1.658400297164917
fm_1,human,248,-1.7804877758026123
fm_1,human,249,0.1935412883758545
fm_1,human,250,-1.7602999210357666
fm_1,human,251,1.4094672203063965
fm_1,human,255,1.5851263999938965
fm_1,human,257,-0.34650397300720215
fm_1,human,260,-1.3366872072219849
fm_1,human,261,-1.1054128408432007
fm_1,human,262,-1.3935693502426147
fm_1,human,265,-1.2379522323608398
fm_1,human,266,-1.0803824663162231
fm_1,human,267,-1.2210817337036133
fm_1,human,273,0.1633375585079193
fm_1,human,275,-0.9657934308052063
fm_1,human,276,0.38388827443122864
fm_1,human,278,-1.5397212505340576
fm_1,human,279,-0.05443362891674042
fm_1,human,281,-0.8534500002861023
fm_1,human,282,-1.0426218509674072
fm_1,human,286,-1.3393985033035278
fm_1,human,287,0.6318953633308411
fm_1,human,290,0.6373087167739868
fm_1,human,291,-0.47435683012008667
fm_1,human,292,-0.9977870583534241
fm_1,human,293,-1.3440241813659668
fm_1,human,295,0.9428234696388245
fm_1,human,297,0.44927144050598145
fm_1,human,299,-0.4996222257614136
fm_1,human,300,0.30934232473373413
fm_1,human,301,-1.130975604057312
fm_1,human,303,-1.0350815057754517
fm_1,human,306,0.527167022228241
fm_1,human,307,-0.1782686710357666
fm_1,human,308,-0.7525691986083984
fm_1,human,310,-1.3551640510559082
fm_1,human,311,-0.8724093437194824
fm_1,human,312,0.061020053923130035
fm_1,human,313,0.43685394525527954
fm_1,human,315,0.19291847944259644
fm_1,human,317,0.3129280209541321
fm_1,human,319,-1.488067626953125
fm_1,human,320,-1.3546254634857178
fm_1,human,322,0.33769798278808594
fm_1,human,324,-0.8040421605110168
fm_1,human,327,-0.9864685535430908
fm_1,human,328,0.24815726280212402
fm_1,human,329,0.26896458864212036
fm_1,human,330,-0.8405161499977112
fm_1,human,332,-1.7556884288787842
fm_1,human,333,-0.8534500002861023
fm_1,human,334,-1.0205687284469604
fm_1,human,335,-0.816047728061676
fm_1,human,337,0.5874928832054138
fm_1,human,339,-0.8519099354743958
fm_1,human,343,0.46187323331832886
fm_1,human,345,-0.9042496085166931
fm_1,human,347,-1.0191000699996948
fm_1,human,351,-1.774388313293457
fm_1,human,352,-1.2706398963928223
fm_1,human,353,-1.217187762260437
fm_1,human,355,0.7188328504562378
fm_1,human,356,-1.7219746112823486
fm_1,human,358,0.8276541829109192
fm_1,human,360,-1.7620055675506592
fm_1,human,361,-1.2914907932281494
fm_1,human,362,-1.2197144031524658
fm_1,human,363,0.5283269882202148
fm_1,human,364,-1.0771567821502686
fm_1,human,366,0.7565635442733765
fm_1,human,368,0.6908801794052124
fm_1,human,369,-1.73196280002594
fm_1,human,371,1.560114860534668
fm_1,human,372,-1.1890380382537842
fm_1,human,376,-1.1558886766433716
fm_1,human,378,0.69115149974823
fm_1,human,381,-1.0076875686645508
fm_1,human,382,-1.0881881713867188
fm_1,human,383,0.992523729801178
fm_1,human,389,0.3934461772441864
fm_1,human,391,-0.5352163314819336
fm_1,human,394,-1.0046014785766602
fm_1,human,395,-0.4601284861564636
fm_1,human,397,-1.5172295570373535
fm_1,human,399,-1.4703888893127441
fm_1,human,405,1.3594359159469604
fm_1,human,406,0.3295658528804779
fm_1,human,409,-0.5986461043357849
fm_1,human,410,0.39215975999832153
fm_1,human,412,-0.603476881980896
fm_1,human,413,0.825470507144928
fm_1,human,417,-0.19797468185424805
fm_1,human,418,-1.4764535427093506
fm_1,human,421,-1.1380534172058105
fm_1,human,423,1.308056354522705
fm_1,human,424,0.9362421631813049
fm_1,human,425,-1.2623305320739746
fm_1,human,426,0.43686389923095703
fm_1,human,427,1.5425459146499634
fm_1,human,429,-0.201231449842453
fm_1,human,430,0.8559271097183228
fm_1,human,431,-0.9406450986862183
fm_1,human,433,-1.5919082164764404
fm_1,human,434,-1.2898085117340088
fm_1,human,437,-0.03457074612379074
fm_1,human,440,-1.8912112712860107
fm_1,human,441,0.6499380469322205
fm_1,human,443,1.4805182218551636
fm_1,human,445,0.7891694903373718
fm_1,human,446,-1.2898085117340088
fm_1,human,448,1.5529509782791138
fm_1,human,449,-1.2019922733306885
fm_1,human,450,-1.179750919342041
fm_1,human,451,0.721424400806427
fm_1,human,452,-0.8891794681549072
fm_1,human,454,-0.9732407927513123
fm_1,human,457,0.5441138744354248
fm_1,human,458,-1.7120084762573242
fm_1,human,463,0.9370009899139404
fm_1,human,465,-1.9207501411437988
fm_1,human,466,0.5672691464424133
fm_1,human,468,0.24815726280212402
fm_1,human,469,1.4516661167144775
fm_1,human,478,-1.2992491722106934
fm_1,human,479,-1.0901720523834229
fm_1,human,480,0.26893457770347595
fm_1,human,482,-1.00672447681427
fm_1,human,483,0.8362461924552917
fm_1,human,484,-1.5038537979125977
fm_1,human,486,0.8931277394294739
fm_1,human,487,0.6373087167739868
fm_1,human,491,0.5242910385131836
fm_1,human,494,-1.010589599609375
fm_1,human,495,-1.2374939918518066
fm_1,human,496,-0.9996739625930786
fm_1,human,498,-1.259554386138916
fm_1,human,500,0.8023579716682434
fm_1,human,501,-1.0939428806304932
fm_1,human,502,-0.8979622721672058
fm_1,human,507,0.7564176917076111
fm_1,human,508,-1.010589599609375
fm_1,human,514,-1.144707202911377
fm_1,human,515,0.9990102648735046
fm_1,human,517,-0.08797452598810196
fm_1,human,519,1.5596486330032349
fm_1,human,520,0.6335373520851135
fm_1,human,522,-1.1110976934432983
fm_1,human,523,-1.8543429374694824
fm_1,human,524,-1.2553162574768066
fm_1,human,526,-0.8869850039482117
fm_1,human,527,1.5043424367904663
fm_1,human,528,0.7083985209465027
fm_1,human,529,-1.576493740081787
fm_1,human,530,0.696219265460968
fm_1,human,531,-1.2635350227355957
fm_1,human,532,-0.8554584383964539
fm_1,human,533,0.42168107628822327
fm_1,human,534,-1.658400297164917
fm_1,human,535,1.5245531797409058
fm_1,human,536,-1.6029753684997559
fm_1,human,537,-1.010589599609375
fm_1,human,540,-1.2273664474487305
fm_1,human,542,0.7582268714904785
fm_1,human,543,1.5565111637115479
fm_1,human,544,-0.907109260559082
fm_1,human,545,-1.0534923076629639
fm_1,human,546,-0.467640221118927
fm_1,human,548,1.3828778266906738
fm_1,human,549,-1.3856654167175293
fm_1,human,550,-0.7572788596153259
fm_1,human,553,-1.2851718664169312
fm_1,human,555,0.48610222339630127
fm_1,human,558,0.5940260291099548
fm_1,human,560,1.5301281213760376
fm_1,human,568,-0.9835391640663147
fm_1,human,569,-0.4669259190559387
fm_1,human,571,-1.9133331775665283
fm_1,human,573,-0.7767866253852844
fm_1,human,576,-1.086554765701294
fm_1,human,577,-1.576493740081787
fm_1,human,579,-0.8925435543060303
fm_1,human,581,0.6499380469322205
fm_1,human,582,-0.9025154113769531
fm_1,human,583,0.6674193143844604
fm_1,human,584,-1.043898105621338
fm_1,human,585,-0.006322063505649567
fm_1,human,586,-1.5038537979125977
fm_1,human,588,1.554764986038208
fm_1,human,589,-1.2378376722335815
fm_1,human,590,-0.5614096522331238
fm_1,human,591,-1.801954984664917
fm_1,human,594,0.6499380469322205
fm_1,human,595,0.1858358383178711
fm_1,human,596,-1.2318336963653564
fm_1,human,597,0.01566920429468155
fm_1,human,598,-1.0791670083999634
fm_1,human,599,-1.1248279809951782
fm_1,human,600,-0.05408819019794464
fm_1,human,602,-1.7664806842803955
fm_1,human,604,-1.2156951427459717
fm_1,human,605,-0.9165851473808289
fm_1,human,606,0.15263882279396057
fm_1,human,612,-1.5286049842834473
fm_1,human,614,-1.079226016998291
fm_1,human,616,-0.992030680179596
fm_1,human,618,0.08944589644670486
fm_1,human,619,0.8804479241371155
fm_1,human,622,-1.393803596496582
fm_1,human,627,-1.5225530862808228
fm_1,human,629,-0.8901870846748352
fm_1,human,630,0.3133425712585449
fm_1,human,632,-0.9746822714805603
fm_1,human,634,0.6092458963394165
fm_1,human,635,-1.1016113758087158
fm_1,human,636,-0.6724703907966614
fm_1,human,637,-1.326425552368164
fm_1,human,639,0.7891694903373718
fm_1,human,644,-0.8925435543060303
fm_1,human,645,0.7052549123764038
fm_1,human,650,-0.9315173625946045
fm_1,human,651,-0.9896795153617859
fm_1,human,653,-1.3025941848754883
fm_1,human,654,0.7455579042434692
fm_1,human,656,0.7401326298713684
fm_1,human,657,-0.8901870846748352
fm_1,human,661,1.5121177434921265
fm_1,human,663,0.5090961456298828
fm_1,human,665,0.6698421835899353
fm_1,human,666,-1.4764535427093506
fm_1,human,669,-0.7686416506767273
fm_1,human,670,-0.058307260274887085
fm_1,human,671,-0.9749392867088318
fm_1,human,674,-1.2764873504638672
fm_1,human,678,-0.8669586777687073
fm_1,human,679,-1.2159085273742676
fm_1,human,680,-1.1377053260803223
fm_1,human,683,0.6133658289909363
fm_1,human,688,-1.2764873504638672
fm_1,human,690,0.6332745552062988
fm_1,human,693,1.3068755865097046
fm_1,human,695,-1.321204423904419
fm_1,human,696,0.7943032383918762
fm_1,human,697,-1.0447337627410889
fm_1,human,698,-1.4178335666656494
fm_1,human,704,1.1716375350952148
fm_1,human,706,0.3264780044555664
fm_1,human,707,0.7891694903373718
fm_1,human,708,-1.202402114868164
fm_1,human,709,-0.42164385318756104
fm_1,human,711,0.46109217405319214
fm_1,human,712,0.4109911024570465
fm_1,human,714,-0.7765515446662903
fm_1,human,715,0.39611056447029114
fm_1,human,716,-1.1042234897613525
fm_1,human,717,0.6935148239135742
fm_1,human,718,1.4359183311462402
fm_1,human,722,-0.5134949088096619
fm_1,human,723,0.8023579716682434
fm_1,human,729,0.7564176917076111
fm_1,human,732,-1.00672447681427
fm_1,human,735,-0.7000932693481445
fm_1,human,738,-1.1114723682403564
fm_1,human,741,-1.768615961074829
fm_1,human,742,1.5008153915405273
fm_1,human,746,-0.7604758143424988
fm_1,human,750,1.08928644657135
fm_1,human,754,0.5718643069267273
fm_1,human,757,0.36655449867248535
fm_1,human,758,-0.7727781534194946
fm_1,human,762,0.49680447578430176
fm_1,human,765,-1.1473820209503174
fm_1,human,768,-0.9027915000915527
fm_1,human,774,0.3434574604034424
fm_1,human,775,-1.2623305320739746
fm_1,human,778,0.7532798647880554
fm_1,human,779,-1.9538943767547607
fm_1,human,782,1.3965938091278076
fm_1,human,784,0.5689272284507751
fm_1,human,788,1.2444416284561157
fm_1,human,790,-0.5292125940322876
fm_1,human,793,-0.9050198793411255
fm_1,human,797,1.40449857711792
fm_1,human,798,0.5500748753547668
fm_1,human,799,-1.9133331775665283
fm_1,human,800,-1.862278699874878
fm_1,human,801,-0.7867928743362427
fm_1,human,803,-1.801954984664917
fm_1,human,811,-1.9237134456634521
fm_1,human,812,-1.5023841857910156
fm_1,human,814,-1.5160539150238037
fm_1,human,817,0.6480789184570312
fm_1,human,818,-0.3986334204673767
fm_1,human,821,1.5047491788864136
fm_1,human,823,-1.2108538150787354
fm_1,human,824,-1.8705322742462158
fm_1,human,825,-1.909611463546753
fm_1,human,827,-0.65233314037323
fm_1,human,828,1.1667170524597168
fm_1,human,830,-1.3140718936920166
fm_1,human,833,1.466531753540039
fm_1,human,837,-0.9853079915046692
fm_1,human,838,-1.00672447681427
fm_1,human,846,0.37902528047561646
fm_1,human,850,-1.0815770626068115
fm_1,human,853,-1.2040085792541504
fm_1,human,860,-0.9173140525817871
fm_1,human,866,0.8300557732582092
fm_1,human,867,1.3763291835784912
fm_1,human,868,-1.1953201293945312
fm_1,human,869,-1.3422601222991943
fm_1,human,871,-1.4103472232818604
fm_1,human,873,-1.6120023727416992
fm_1,human,874,-0.4809107780456543
fm_1,human,877,-1.124044418334961
fm_1,human,880,0.465141236782074
fm_1,human,882,0.6283690333366394
fm_1,human,883,-1.6816143989562988
fm_1,human,884,-1.1840806007385254
fm_1,human,885,0.5500748753547668
fm_1,human,886,-0.11356901377439499
fm_1,human,893,-0.26783084869384766
fm_1,human,894,0.044240184128284454
fm_1,human,895,-0.8852714896202087
fm_1,human,896,-1.2623305320739746
fm_1,human,897,-1.2959704399108887
fm_1,human,900,0.7908347845077515
fm_1,human,901,0.4180998206138611
fm_1,human,902,-1.097459316253662
fm_1,human,903,0.5172863006591797
fm_1,human,904,-0.8596070408821106
fm_1,human,905,-1.5310702323913574
fm_1,human,908,-0.9051182866096497
fm_1,human,911,1.3999428749084473
fm_1,human,915,-1.1556799411773682
fm_1,human,917,-0.06257752329111099
fm_1,human,918,-1.64443039894104
fm_1,human,919,-1.239274263381958
fm_1,human,921,-1.2153770923614502
fm_1,human,922,0.7297139763832092
fm_1,human,923,0.6430277228355408
fm_1,human,924,-0.4809107780456543
fm_1,human,925,-0.9115907549858093
fm_1,human,926,-1.8815057277679443
fm_1,human,927,0.7300522923469543
fm_1,human,931,-1.2273664474487305
fm_1,human,934,1.1027464866638184
fm_1,human,935,-0.04012924060225487
fm_1,human,936,-0.5848692059516907
fm_1,human,937,0.7297139763832092
fm_1,human,939,-1.7241952419281006
fm_1,human,940,-1.0503756999969482
fm_1,human,942,0.1836622655391693
fm_1,human,943,-1.2635350227355957
fm_1,human,947,-1.7681772708892822
fm_1,human,948,-0.16473868489265442
fm_1,human,949,0.09497920423746109
fm_1,human,950,0.41556867957115173
fm_1,human,951,0.5510672926902771
fm_1,human,960,-1.6992406845092773
fm_1,human,962,0.3265050947666168
fm_1,human,964,-0.9038887619972229
fm_1,human,971,-1.8392589092254639
fm_1,human,974,-1.661830186843872
fm_1,human,975,0.8870009779930115
fm_1,human,976,-0.7023446559906006
fm_1,human,978,-1.3010404109954834
fm_1,human,979,-0.9314282536506653
fm_1,human,986,-1.699276328086853
fm_1,human,987,-1.2197144031524658
fm_1,human,989,0.5672691464424133
fm_1,human,990,0.6917569041252136
fm_1,human,991,-1.4818174839019775
fm_1,human,992,-0.8187448978424072
fm_1,human,995,-1.7120084762573242
fm_1,human,996,-1.3224897384643555
fm_1,human,998,-1.3422601222991943
fm_1,human,999,0.6325069665908813
fm_2,human,1,0.850101113319397
fm_2,human,3,-0.7209841012954712
fm_2,human,4,-0.3125250041484833
fm_2,human,6,0.850836992263794
fm_2,human,7,-1.4080384969711304
fm_2,human,8,-1.2924418449401855
fm_2,human,10,0.7131743431091309
fm_2,human,11,-1.8131014108657837
fm_2,human,12,0.9500906467437744
fm_2,human,13,-1.179034948348999
fm_2,human,19,-1.5192618370056152
fm_2,human,24,-1.1087007522583008
fm_2,human,25,1.0305334329605103
fm_2,human,26,0.24081623554229736
fm_2,human,29,0.23350653052330017
fm_2,human,30,-1.6320607662200928
fm_2,human,31,-1.5031752586364746
fm_2,human,32,-0.6139007806777954
fm_2,human,34,-0.3581748604774475
fm_2,human,40,-0.5159052014350891
fm_2,human,42,0.8709196448326111
fm_2,human,43,-0.27365484833717346
fm_2,human,44,-1.403656244277954
fm_2,human,45,-0.3646852970123291
fm_2,human,50,-1.8575631380081177
fm_2,human,52,-0.4646047055721283
fm_2,human,55,0.6736634969711304
fm_2,human,56,0.44438406825065613
fm_2,human,57,-0.8462244272232056
fm_2,human,60,-1.316054105758667
fm_2,human,61,-0.7717790007591248
fm_2,human,62,-0.2967996299266815
fm_2,human,64,-1.837646722793579
fm_2,human,66,0.016653794795274734
fm_2,human,67,1.6852552890777588
fm_2,human,68,0.06042531505227089
fm_2,human,70,-0.7623279094696045
fm_2,human,71,0.4972688853740692
fm_2,human,73,0.9669873714447021
fm_2,human,74,-1.240280032157898
fm_2,human,75,-1.5842742919921875
fm_2,human,77,-1.586881160736084
fm_2,human,78,-1.1701675653457642
fm_2,human,79,0.9459818601608276
fm_2,human,80,-0.6808276176452637
fm_2,human,82,0.8432208895683289
fm_2,human,83,-0.20869871973991394
fm_2,human,84,0.6306228041648865
fm_2,human,85,-1.9159748554229736
fm_2,human,87,-1.2868798971176147
fm_2,human,89,0.3238898813724518
fm_2,human,90,1.0503642559051514
fm_2,human,91,-0.9974879622459412
fm_2,human,93,0.51738440990448
fm_2,human,95,-1.1547760963439941
fm_2,human,97,-0.20359930396080017
fm_2,human,98,-0.27080702781677246
fm_2,human,101,-1.8442034721374512
fm_2,human,102,-0.6258772611618042
fm_2,human,105,-1.82724928855896
fm_2,human,108,-1.3648681640625
fm_2,human,109,1.0533400774002075
fm_2,human,110,0.983816385269165
fm_2,human,111,-1.9138129949569702
fm_2,human,114,-1.1285902261734009
fm_2,human,115,0.5407513380050659
fm_2,human,119,0.013872001320123672
fm_2,human,121,0.7606872916221619
fm_2,human,126,-0.9307966232299805
fm_2,human,132,-0.266371488571167
fm_2,human,133,0.36697399616241455
fm_2,human,134,-1.2875051498413086
fm_2,human,136,-1.3375037908554077
fm_2,human,137,0.4127655029296875
fm_2,human,138,0.8639956712722778
fm_2,human,140,-1.8924349546432495
fm_2,human,141,-1.1559648513793945
fm_2,human,142,-0.24104973673820496
fm_2,human,145,0.9653277397155762
fm_2,human,146,0.729218602180481
fm_2,human,149,1.2177386283874512
fm_2,human,156,-0.8452120423316956
fm_2,human,159,-0.4730559289455414
fm_2,human,164,-1.8380084037780762
fm_2,human,165,-0.02575543150305748
fm_2,human,166,-1.02762770652771
fm_2,human,168,-1.3418976068496704
fm_2,human,169,-1.0724895000457764
fm_2,human,170,0.5792293548583984
fm_2,human,173,-1.0141780376434326
fm_2,human,174,0.776229739189148
fm_2,human,175,0.725132942199707
fm_2,human,177,-0.927253246307373
fm_2,human,179,1.1988365650177002
fm_2,human,182,-1.848306655883789
fm_2,human,183,0.14289610087871552
fm_2,human,185,0.8670910596847534
fm_2,human,186,-1.2959587574005127
fm_2,human,193,0.2593138515949249
fm_2,human,194,-1.8411622047424316
fm_2,human,197,0.05209114030003548
fm_2,human,199,1.3578646183013916
fm_2,human,200,-1.8861193656921387
fm_2,human,205,-0.9817603826522827
fm_2,human,209,0.8311750292778015
fm_2,human,210,-1.3849577903747559
fm_2,human,211,0.7378036379814148
fm_2,human,212,0.013872001320123672
fm_2,human,213,0.2922348976135254
fm_2,human,214,-0.5061172246932983
fm_2,human,216,1.1766767501831055
fm_2,human,219,-1.0440136194229126
fm_2,human,221,-1.435797095298767
fm_2,human,222,-1.9138129949569702
fm_2,human,224,-0.822869062423706
fm_2,human,228,0.4230209290981293
fm_2,human,229,-1.8256508111953735
fm_2,human,232,0.9608860015869141
fm_2,human,235,-0.9864373207092285
fm_2,human,236,0.9004266262054443
fm_2,human,238,-1.1770590543746948
fm_2,human,239,0.23350653052330017
fm_2,human,240,-1.1330671310424805
fm_2,human,245,-1.8924349546432495
fm_2,human,248,-1.9138777256011963
fm_2,human,249,-0.13594818115234375
fm_2,human,250,-0.9640529155731201
fm_2,human,251,-0.05586127191781998
fm_2,human,255,-0.16693435609340668
fm_2,human,257,-0.5361537933349609
fm_2,human,260,-0.8674054741859436
fm_2,human,261,-1.8298425674438477
fm_2,human,262,-0.9733109474182129
fm_2,human,265,-1.0724895000457764
fm_2,human,266,-1.8339545726776123
fm_2,human,267,-1.4123141765594482
fm_2,human,273,0.5988892912864685
fm_2,human,275,-1.5479648113250732
fm_2,human,276,0.823253333568573
fm_2,human,278,-1.6319254636764526
fm_2,human,279,-0.3313919007778168
fm_2,human,281,-0.266371488571167
fm_2,human,282,-0.6555180549621582
fm_2,human,286,-1.7791955471038818
fm_2,human,287,0.8823713064193726
fm_2,human,290,0.4245302081108093
fm_2,human,291,-0.38842540979385376
fm_2,human,292,-1.7963767051696777
fm_2,human,293,-0.8527040481567383
fm_2,human,295,0.5356385111808777
fm_2,human,297,0.41991379857063293
fm_2,human,299,-1.0145084857940674
fm_2,human,300,0.5934567451477051
fm_2,human,301,-1.8250041007995605
fm_2,human,303,-1.2924418449401855
fm_2,human,306,0.69464111328125
fm_2,human,307,0.055384356528520584
fm_2,human,308,-1.3230904340744019
fm_2,human,310,-1.8024978637695312
fm_2,human,311,-1.693281650543213
fm_2,human,312,0.03714865818619728
fm_2,human,313,0.6124029755592346
fm_2,human,315,0.3359730541706085
fm_2,human,317,0.6803209781646729
fm_2,human,319,-1.1681864261627197
fm_2,human,320,-1.0141780376434326
fm_2,human,322,0.6079868078231812
fm_2,human,324,-1.200385332107544
fm_2,human,327,-1.2875912189483643
fm_2,human,328,0.45495638251304626
fm_2,human,329,0.8850585222244263
fm_2,human,330,-0.34491994976997375
fm_2,human,332,-1.912367582321167
fm_2,human,333,-0.266371488571167
fm_2,human,334,-1.4810500144958496
fm_2,human,335,-0.942487359046936
fm_2,human,337,0.49876347184181213
fm_2,human,339,-0.04797767102718353
fm_2,human,343,0.9653277397155762
fm_2,human,345,-1.312304973602295
fm_2,human,347,-1.8442034721374512
fm_2,human,351,-1.0576305389404297
fm_2,human,352,-1.4100756645202637
fm_2,human,353,-1.3744940757751465
fm_2,human,355,0.8470166921615601
fm_2,human,356,-1.8871870040893555
fm_2,human,358,0.7788640260696411
fm_2,human,360,-1.9159748554229736
fm_2,human,361,-1.3437654972076416
fm_2,human,362,-1.4068553447723389
fm_2,human,363,1.1207139492034912
fm_2,human,364,-0.3904223144054413
fm_2,human,366,0.50834721326828
fm_2,human,368,0.9840437173843384
fm_2,human,369,-1.4615072011947632
fm_2,human,371,1.2822297811508179
fm_2,human,372,-1.3528509140014648
fm_2,human,376,-1.819612741470337
fm_2,human,378,1.057416558265686
fm_2,human,381,-0.6434608101844788
fm_2,human,382,-0.6217660903930664
fm_2,human,383,-0.5526168942451477
fm_2,human,389,0.5483446717262268
fm_2,human,391,-1.484100341796875
fm_2,human,394,-1.3456552028656006
fm_2,human,395,-1.1047314405441284
fm_2,human,397,-1.9071178436279297
fm_2,human,399,-0.16047944128513336
fm_2,human,405,0.8200044631958008
fm_2,human,406,0.69687819480896
fm_2,human,409,-0.27872079610824585
fm_2,human,410,1.0000011920928955
fm_2,human,412,-1.5767168998718262
fm_2,human,413,-1.1327303647994995
fm_2,human,417,-0.24454979598522186
fm_2,human,418,-0.9974879622459412
fm_2,human,421,-1.2562087774276733
fm_2,human,423,0.6467444896697998
fm_2,human,424,1.093358039855957
fm_2,human,425,-1.2867392301559448
fm_2,human,426,0.3407619893550873
fm_2,human,427,-0.3931720554828644
fm_2,human,429,-1.0051639080047607
fm_2,human,430,-1.2530772686004639
fm_2,human,431,-1.670763373374939
fm_2,human,433,-0.3424893915653229
fm_2,human,434,-1.3607035875320435
fm_2,human,437,0.2806485593318939
fm_2,human,440,-1.3736834526062012
fm_2,human,441,1.0768375396728516
fm_2,human,443,-1.4335018396377563
fm_2,human,445,-0.7622748017311096
fm_2,human,446,-1.3607035875320435
fm_2,human,448,-0.10418546199798584
fm_2,human,449,-1.8213050365447998
fm_2,human,450,-1.8627738952636719
fm_2,human,451,0.8606200218200684
fm_2,human,452,-1.2893972396850586
fm_2,human,454,-1.3041744232177734
fm_2,human,457,1.0835330486297607
fm_2,human,458,-1.8706060647964478
fm_2,human,463,0.6326597332954407
fm_2,human,465,-1.4639778137207031
fm_2,human,466,1.081015706062317
fm_2,human,468,0.45495638251304626
fm_2,human,469,1.0127630233764648
fm_2,human,478,-1.3125553131103516
fm_2,human,479,-1.411585807800293
fm_2,human,480,0.511624813079834
fm_2,human,482,-1.6200478076934814
fm_2,human,483,-1.1759450435638428
fm_2,human,484,-1.1559648513793945
fm_2,human,486,-0.1392778754234314
fm_2,human,487,0.4245302081108093
fm_2,human,491,1.0934057235717773
fm_2,human,494,-1.5643051862716675
fm_2,human,495,-1.3306154012680054
fm_2,human,496,-0.7924411296844482
fm_2,human,498,-0.9964087009429932
fm_2,human,500,-0.8292912244796753
fm_2,human,501,-1.148111343383789
fm_2,human,502,-1.2560532093048096
fm_2,human,507,0.4761115610599518
fm_2,human,508,-1.5643051862716675
fm_2,human,514,-1.8203380107879639
fm_2,human,515,0.6169149875640869
fm_2,human,517,-0.5444915890693665
fm_2,human,519,1.3011155128479004
fm_2,human,520,0.6900749206542969
fm_2,human,522,-1.3048344850540161
fm_2,human,523,-1.7991321086883545
fm_2,human,524,-1.2881979942321777
fm_2,human,526,-1.8597949743270874
fm_2,human,527,-1.3345003128051758
fm_2,human,528,1.0155233144760132
fm_2,human,529,-1.0240806341171265
fm_2,human,530,-0.2556443512439728
fm_2,human,531,-1.3593538999557495
fm_2,human,532,-1.7415852546691895
fm_2,human,533,0.8673815727233887
fm_2,human,534,-1.8924349546432495
fm_2,human,535,0.8097071051597595
fm_2,human,536,-0.1331479400396347
fm_2,human,537,-1.5643051862716675
fm_2,human,540,-1.7991198301315308
fm_2,human,542,-0.3207271993160248
fm_2,human,543,1.1954416036605835
fm_2,human,544,-1.0735735893249512
fm_2,human,545,-1.8472750186920166
fm_2,human,546,-0.6683915853500366
fm_2,human,548,0.7269922494888306
fm_2,human,549,-1.2138762474060059
fm_2,human,550,-1.3623712062835693
fm_2,human,553,-1.255622386932373
fm_2,human,555,0.7444994449615479
fm_2,human,558,0.875199556350708
fm_2,human,560,1.325813889503479
fm_2,human,568,-1.5791810750961304
fm_2,human,569,-1.4630773067474365
fm_2,human,571,-1.754769206047058
fm_2,human,573,-1.0002442598342896
fm_2,human,576,-1.686248779296875
fm_2,human,577,-1.0240806341171265
fm_2,human,579,-1.7256898880004883
fm_2,human,581,1.0768375396728516
fm_2,human,582,-1.2777687311172485
fm_2,human,583,0.7636191248893738
fm_2,human,584,-1.3796310424804688
fm_2,human,585,-0.39041635394096375
fm_2,human,586,-1.1559648513793945
fm_2,human,588,0.11584165692329407
fm_2,human,589,-0.8895677328109741
fm_2,human,590,-1.5677735805511475
fm_2,human,591,-1.586881160736084
fm_2,human,594,1.0768375396728516
fm_2,human,595,0.377922922372818
fm_2,human,596,-1.8046306371688843
fm_2,human,597,-0.32432278990745544
fm_2,human,598,-1.8342012166976929
fm_2,human,599,-1.2636324167251587
fm_2,human,600,-0.39237621426582336
fm_2,human,602,-1.8614869117736816
fm_2,human,604,-1.281370759010315
fm_2,human,605,-0.43675971031188965
fm_2,human,606,-0.46673786640167236
fm_2,human,612,-1.7200851440429688
fm_2,human,614,-1.8338418006896973
fm_2,human,616,-1.3079962730407715
fm_2,human,618,0.5512940883636475
fm_2,human,619,0.5165186524391174
fm_2,human,622,-1.298845887184143
fm_2,human,627,-1.1519908905029297
fm_2,human,629,-0.8219985961914062
fm_2,human,630,0.3310982286930084
fm_2,human,632,-1.3155370950698853
fm_2,human,634,0.9553588628768921
fm_2,human,635,-1.829715371131897
fm_2,human,636,-1.6904107332229614
fm_2,human,637,-1.3609626293182373
fm_2,human,639,-0.7622748017311096
fm_2,human,644,-1.7256898880004883
fm_2,human,645,0.7833857536315918
fm_2,human,650,-1.29087495803833
fm_2,human,651,-1.3914440870285034
fm_2,human,653,-1.816365122795105
fm_2,human,654,-0.5331062078475952
fm_2,human,656,0.6804776191711426
fm_2,human,657,-0.8219985961914062
fm_2,human,661,1.0305334329605103
fm_2,human,663,1.136110544204712
fm_2,human,665,0.51738440990448
fm_2,human,666,-0.9974879622459412
fm_2,human,669,-1.8731168508529663
fm_2,human,670,0.2795931100845337
fm_2,human,671,-0.8234477639198303
fm_2,human,674,-1.8029764890670776
fm_2,human,678,-1.4118753671646118
fm_2,human,679,-1.3818113803863525
fm_2,human,680,-1.018403172492981
fm_2,human,683,0.7981048822402954
fm_2,human,688,-1.8029764890670776
fm_2,human,690,1.080427646636963
fm_2,human,693,-0.24550792574882507
fm_2,human,695,-1.342715859413147
fm_2,human,696,0.7933942675590515
fm_2,human,697,0.12248362600803375
fm_2,human,698,-0.5553934574127197
fm_2,human,704,-0.19001135230064392
fm_2,human,706,0.5963625907897949
fm_2,human,707,-0.7622748017311096
fm_2,human,708,-1.414156436920166
fm_2,human,709,-1.4975745677947998
fm_2,human,711,0.8788045048713684
fm_2,human,712,0.8208967447280884
fm_2,human,714,0.14080891013145447
fm_2,human,715,0.9307593107223511
fm_2,human,716,-0.7871600389480591
fm_2,human,717,1.0293474197387695
fm_2,human,718,1.785290002822876
fm_2,human,722,-1.4238805770874023
fm_2,human,723,-0.8292912244796753
fm_2,human,729,0.4761115610599518
fm_2,human,732,-1.6200478076934814
fm_2,human,735,-1.2533814907073975
fm_2,human,738,-1.116385817527771
fm_2,human,741,-1.8752104043960571
fm_2,human,742,-0.34047842025756836
fm_2,human,746,-0.25685861706733704
fm_2,human,750,-0.6947802305221558
fm_2,human,754,0.6546342372894287
fm_2,human,757,0.7291224002838135
fm_2,human,758,-1.1623294353485107
fm_2,human,762,1.0452766418457031
fm_2,human,765,-1.1583396196365356
fm_2,human,768,-1.254931926727295
fm_2,human,774,0.6631766557693481
fm_2,human,775,-1.2867392301559448
fm_2,human,778,0.6003681421279907
fm_2,human,779,-0.3785971999168396
fm_2,human,782,-0.3060702383518219
fm_2,human,784,0.9810562133789062
fm_2,human,788,1.2791376113891602
fm_2,human,790,-1.4095910787582397
fm_2,human,793,-0.5119324922561646
fm_2,human,797,1.1421968936920166
fm_2,human,798,0.9696042537689209
fm_2,human,799,-1.754769206047058
fm_2,human,800,-0.2690214216709137
fm_2,human,801,-1.007627248764038
fm_2,human,803,-1.586881160736084
fm_2,human,811,-1.5145434141159058
fm_2,human,812,-1.4900462627410889
fm_2,human,814,-1.1238219738006592
fm_2,human,817,1.0635945796966553
fm_2,human,818,-0.7169103026390076
fm_2,human,821,1.0309195518493652
fm_2,human,823,-1.4324891567230225
fm_2,human,824,-1.7725226879119873
fm_2,human,825,-1.7069108486175537
fm_2,human,827,-1.2207311391830444
fm_2,human,828,0.24201926589012146
fm_2,human,830,-1.7903592586517334
fm_2,human,833,0.31440815329551697
fm_2,human,837,-1.4053070545196533
fm_2,human,838,-1.6200478076934814
fm_2,human,846,0.8311750292778015
fm_2,human,850,-1.3121408224105835
fm_2,human,853,-1.80679452419281
fm_2,human,860,-0.45775261521339417
fm_2,human,866,0.9423946142196655
fm_2,human,867,1.8616851568222046
fm_2,human,868,-1.3403321504592896
fm_2,human,869,-1.3406243324279785
fm_2,human,871,-1.7833251953125
fm_2,human,873,-1.889442801475525
fm_2,human,874,-0.8865783214569092
fm_2,human,877,-1.358038306236267
fm_2,human,880,0.4015847444534302
fm_2,human,882,0.8983054161071777
fm_2,human,883,-0.7505258321762085
fm_2,human,884,-0.9250864386558533
fm_2,human,885,0.9696042537689209
fm_2,human,886,-0.23909398913383484
fm_2,human,893,-0.10628396272659302
fm_2,human,894,0.013872001320123672
fm_2,human,895,-1.191853404045105
fm_2,human,896,-1.2867392301559448
fm_2,human,897,-1.040244221687317
fm_2,human,900,0.11478108167648315
fm_2,human,901,0.856841504573822
fm_2,human,902,-1.3618388175964355
fm_2,human,903,1.0434279441833496
fm_2,human,904,-1.203974723815918
fm_2,human,905,-1.010596752166748
fm_2,human,908,-0.6861505508422852
fm_2,human,911,0.703421950340271
fm_2,human,915,-0.9258965253829956
fm_2,human,917,-0.5761004686355591
fm_2,human,918,-0.42467203736305237
fm_2,human,919,-1.8131014108657837
fm_2,human,921,-0.7162699699401855
fm_2,human,922,-0.4464370310306549
fm_2,human,923,0.8841338157653809
fm_2,human,924,-0.8865783214569092
fm_2,human,925,-1.2983849048614502
fm_2,human,926,-1.4693989753723145
fm_2,human,927,0.3587406873703003
fm_2,human,931,-1.7991198301315308
fm_2,human,934,-1.1873400211334229
fm_2,human,935,-0.6209054589271545
fm_2,human,936,-0.9285418391227722
fm_2,human,937,-0.4464370310306549
fm_2,human,939,-1.087549090385437
fm_2,human,940,-1.8148894309997559
fm_2,human,942,0.3128695487976074
fm_2,human,943,-1.3593538999557495
fm_2,human,947,-1.9298357963562012
fm_2,human,948,-1.4744378328323364
fm_2,human,949,-0.7212338447570801
fm_2,human,950,0.9620239734649658
fm_2,human,951,1.0831518173217773
fm_2,human,960,-0.9620423913002014
fm_2,human,962,0.5217029452323914
fm_2,human,964,-0.8261122703552246
fm_2,human,971,-1.2312769889831543
fm_2,human,974,-0.7623279094696045
fm_2,human,975,0.8959974050521851
fm_2,human,976,-1.7115752696990967
fm_2,human,978,-1.9152917861938477
fm_2,human,979,-0.9907713532447815
fm_2,human,986,-1.136629343032837
fm_2,human,987,-1.4068553447723389
fm_2,human,989,1.081015706062317
fm_2,human,990,0.9686168432235718
fm_2,human,991,-1.0953468084335327
fm_2,human,992,-1.865789532661438
fm_2,human,995,-1.8706060647964478
fm_2,human,996,-1.7190840244293213
fm_2,human,998,-1.3406243324279785
fm_2,human,999,0.7120211720466614
fm_3,human,1,0.622984766960144
fm_3,human,3,-1.0236515998840332
fm_3,human,4,0.25601184368133545
fm_3,human,6,0.5170854926109314
fm_3,human,7,-1.4187898635864258
fm_3,human,8,-0.39126142859458923
fm_3,human,10,0.6282492280006409
fm_3,human,11,-0.9833348393440247
fm_3,human,12,0.14310868084430695
fm_3,human,13,-0.0019077351316809654
fm_3,human,19,-1.4110661745071411
fm_3,human,24,-0.8368505239486694
fm_3,human,25,0.2840670347213745
fm_3,human,26,-0.46256500482559204
fm_3,human,29,0.2726778984069824
fm_3,human,30,-1.5073695182800293
fm_3,human,31,-1.3418192863464355
fm_3,human,32,0.26700472831726074
fm_3,human,34,0.1672576665878296
fm_3,human,40,-0.07184925675392151
fm_3,human,42,0.5363852977752686
fm_3,human,43,-0.10095434635877609
fm_3,human,44,-1.067517876625061
fm_3,human,45,-0.014501838944852352
fm_3,human,50,-0.8263387084007263
fm_3,human,52,-0.18747812509536743
fm_3,human,55,0.5970605611801147
fm_3,human,56,0.5250923037528992
fm_3,human,57,-0.770083487033844
fm_3,human,60,-1.3840230703353882
fm_3,human,61,-0.7596428990364075
fm_3,human,62,-0.35764509439468384
fm_3,human,64,-0.8675419688224792
fm_3,human,66,0.6528549194335938
fm_3,human,67,0.8764739632606506
fm_3,human,68,0.5539109110832214
fm_3,human,70,-0.25497308373451233
fm_3,human,71,0.43401747941970825
fm_3,human,73,0.5878661274909973
fm_3,human,74,-1.5137114524841309
fm_3,human,75,0.03931134194135666
fm_3,human,77,-1.4142005443572998
fm_3,human,78,-0.73154217004776
fm_3,human,79,0.591202437877655
fm_3,human,80,0.1996292769908905
fm_3,human,82,0.5124331712722778
fm_3,human,83,0.5706982016563416
fm_3,human,84,0.4275341331958771
fm_3,human,85,-1.4794808626174927
fm_3,human,87,-0.682258129119873
fm_3,human,89,0.2133033275604248
fm_3,human,90,0.7570540308952332
fm_3,human,91,-0.13384278118610382
fm_3,human,93,0.29694533348083496
fm_3,human,95,-0.6396269202232361
fm_3,human,97,-0.34810885787010193
fm_3,human,98,-0.692381739616394
fm_3,human,101,-0.8467337489128113
fm_3,human,102,-0.03055274486541748
fm_3,human,105,-1.163576364517212
fm_3,human,108,-1.325953483581543
fm_3,human,109,0.6574628949165344
fm_3,human,110,0.6133177876472473
fm_3,human,111,-1.2801499366760254
fm_3,human,114,-0.8205520510673523
fm_3,human,115,0.20221315324306488
fm_3,human,119,0.5144866108894348
fm_3,human,121,0.7914654612541199
fm_3,human,126,-0.8178339004516602
fm_3,human,132,-0.6689370274543762
fm_3,human,133,-0.04317865148186684
fm_3,human,134,-0.09296606481075287
fm_3,human,136,-1.2301928997039795
fm_3,human,137,0.27967917919158936
fm_3,human,138,0.41784441471099854
fm_3,human,140,-1.406843662261963
fm_3,human,141,-1.4651895761489868
fm_3,human,142,0.3674473762512207
fm_3,human,145,0.5746586918830872
fm_3,human,146,0.589831531047821
fm_3,human,149,0.45656898617744446
fm_3,human,156,-0.6450697779655457
fm_3,human,159,0.062186919152736664
fm_3,human,164,-1.4674220085144043
fm_3,human,165,0.421941876411438
fm_3,human,166,-1.2934608459472656
fm_3,human,168,-1.362404704093933
fm_3,human,169,-0.5808974504470825
fm_3,human,170,0.19148394465446472
fm_3,human,173,-0.5040782690048218
fm_3,human,174,0.7069448828697205
fm_3,human,175,0.6647592186927795
fm_3,human,177,-1.4989534616470337
fm_3,human,179,0.34091416001319885
fm_3,human,182,-1.4785470962524414
fm_3,human,183,0.2467162013053894
fm_3,human,185,0.10535657405853271
fm_3,human,186,-0.34942564368247986
fm_3,human,193,-0.52637779712677
fm_3,human,194,-0.8624458909034729
fm_3,human,197,0.26950711011886597
fm_3,human,199,0.08630560338497162
fm_3,human,200,-1.4180735349655151
fm_3,human,205,0.0720568373799324
fm_3,human,209,0.6123648285865784
fm_3,human,210,-1.1084544658660889
fm_3,human,211,0.6434330344200134
fm_3,human,212,0.5144866108894348
fm_3,human,213,0.6068604588508606
fm_3,human,214,-0.7045856714248657
fm_3,human,216,0.6716718673706055
fm_3,human,219,-1.1050268411636353
fm_3,human,221,-1.4341613054275513
fm_3,human,222,-1.2801499366760254
fm_3,human,224,-0.6813656687736511
fm_3,human,228,-0.05084461346268654
fm_3,human,229,-0.9247531294822693
fm_3,human,232,0.5706401467323303
fm_3,human,235,-0.40113043785095215
fm_3,human,236,0.7891226410865784
fm_3,human,238,-1.406246304512024
fm_3,human,239,0.2726778984069824
fm_3,human,240,-1.4018815755844116
fm_3,human,245,-1.406843662261963
fm_3,human,248,-1.51755690574646
fm_3,human,249,-0.8851205706596375
fm_3,human,250,-1.3640156984329224
fm_3,human,251,-0.1329236775636673
fm_3,human,255,-0.044148996472358704
fm_3,human,257,-0.43453332781791687
fm_3,human,260,-1.2593766450881958
fm_3,human,261,-0.8949176073074341
fm_3,human,262,-0.3194231390953064
fm_3,human,265,-0.5808974504470825
fm_3,human,266,-0.8588361144065857
fm_3,human,267,-1.4224016666412354
fm_3,human,273,0.5683507323265076
fm_3,human,275,-1.100759506225586
fm_3,human,276,0.5225111842155457
fm_3,human,278,-1.2024532556533813
fm_3,human,279,-0.007830134592950344
fm_3,human,281,-0.6689370274543762
fm_3,human,282,-0.8833785057067871
fm_3,human,286,-0.7237231135368347
fm_3,human,287,0.3387513756752014
fm_3,human,290,0.2934081256389618
fm_3,human,291,-0.23506546020507812
fm_3,human,292,-1.2171213626861572
fm_3,human,293,-1.208073616027832
fm_3,human,295,0.4251174330711365
fm_3,human,297,0.2771546244621277
fm_3,human,299,-0.32920676469802856
fm_3,human,300,0.6379297375679016
fm_3,human,301,-0.9015781283378601
fm_3,human,303,-0.39126142859458923
fm_3,human,306,0.4893530011177063
fm_3,human,307,0.3563106954097748
fm_3,human,308,0.08785809576511383
fm_3,human,310,-1.0722979307174683
fm_3,human,311,-1.144423246383667
fm_3,human,312,0.5350238680839539
fm_3,human,313,0.7888871431350708
fm_3,human,315,0.47943612933158875
fm_3,human,317,0.6295779347419739
fm_3,human,319,-1.4331955909729004
fm_3,human,320,-0.5040782690048218
fm_3,human,322,0.5240066051483154
fm_3,human,324,-1.3963385820388794
fm_3,human,327,-0.8127185106277466
fm_3,human,328,0.6357405781745911
fm_3,human,329,0.6000660061836243
fm_3,human,330,0.12980395555496216
fm_3,human,332,-1.4664132595062256
fm_3,human,333,-0.6689370274543762
fm_3,human,334,-0.8584154844284058
fm_3,human,335,-1.4712061882019043
fm_3,human,337,-0.03787297382950783
fm_3,human,339,-0.3727613687515259
fm_3,human,343,0.5746586918830872
fm_3,human,345,-1.0910989046096802
fm_3,human,347,-0.8467337489128113
fm_3,human,351,-1.374459981918335
fm_3,human,352,-1.4289826154708862
fm_3,human,353,-1.4026777744293213
fm_3,human,355,0.34769538044929504
fm_3,human,356,-1.4328148365020752
fm_3,human,358,0.40915536880493164
fm_3,human,360,-1.4794808626174927
fm_3,human,361,-1.4142606258392334
fm_3,human,362,-1.419268250465393
fm_3,human,363,0.4704013168811798
fm_3,human,364,-1.0412683486938477
fm_3,human,366,0.34135255217552185
fm_3,human,368,0.5974939465522766
fm_3,human,369,-1.4654531478881836
fm_3,human,371,0.4462848901748657
fm_3,human,372,-1.393474817276001
fm_3,human,376,-0.9082419276237488
fm_3,human,378,0.6819239854812622
fm_3,human,381,-0.6403217911720276
fm_3,human,382,-0.7293880581855774
fm_3,human,383,-0.057413019239902496
fm_3,human,389,0.771917998790741
fm_3,human,391,-0.053711265325546265
fm_3,human,394,-1.2743412256240845
fm_3,human,395,-1.001847505569458
fm_3,human,397,-1.314476728439331
fm_3,human,399,-0.1454540491104126
fm_3,human,405,0.2079191505908966
fm_3,human,406,0.6293334364891052
fm_3,human,409,-0.03872751444578171
fm_3,human,410,0.6161629557609558
fm_3,human,412,-0.5594621896743774
fm_3,human,413,0.026608094573020935
fm_3,human,417,0.3839576840400696
fm_3,human,418,-0.13384278118610382
fm_3,human,421,-1.4845645427703857
fm_3,human,423,0.2844969928264618
fm_3,human,424,0.7444210648536682
fm_3,human,425,-0.1543499231338501
fm_3,human,426,0.4079153537750244
fm_3,human,427,0.6316377520561218
fm_3,human,429,-0.5053980946540833
fm_3,human,430,-0.015690594911575317
fm_3,human,431,-0.8875972628593445
fm_3,human,433,-0.14979590475559235
fm_3,human,434,-1.4151948690414429
fm_3,human,437,-0.3589092493057251
fm_3,human,440,-1.4472899436950684
fm_3,human,441,0.7277413010597229
fm_3,human,443,-0.07160698622465134
fm_3,human,445,0.10448680818080902
fm_3,human,446,-1.4151948690414429
fm_3,human,448,0.5206211805343628
fm_3,human,449,-0.9688440561294556
fm_3,human,450,-1.1747502088546753
fm_3,human,451,0.4530504047870636
fm_3,human,452,-0.8155292272567749
fm_3,human,454,-0.22034265100955963
fm_3,human,457,0.49127304553985596
fm_3,human,458,-1.439386010169983
fm_3,human,463,0.14563079178333282
fm_3,human,465,-1.4789313077926636
fm_3,human,466,0.4467487931251526
fm_3,human,468,0.6357405781745911
fm_3,human,469,0.271917462348938
fm_3,human,478,-1.4254566431045532
fm_3,human,479,-1.3905246257781982
fm_3,human,480,0.6079718470573425
fm_3,human,482,-0.9118197560310364
fm_3,human,483,0.012145360000431538
fm_3,human,484,-1.4651895761489868
fm_3,human,486,0.05536554753780365
fm_3,human,487,0.2934081256389618
fm_3,human,491,0.5015251636505127
fm_3,human,494,-0.8949492573738098
fm_3,human,495,-1.2572097778320312
fm_3,human,496,-0.9191831946372986
fm_3,human,498,-0.3975697159767151
fm_3,human,500,0.08847472816705704
fm_3,human,501,-1.1044464111328125
fm_3,human,502,-1.1460905075073242
fm_3,human,507,0.37526553869247437
fm_3,human,508,-0.8949492573738098
fm_3,human,514,-0.8876726627349854
fm_3,human,515,0.2595294117927551
fm_3,human,517,-0.019552279263734818
fm_3,human,519,0.45233991742134094
fm_3,human,520,0.664897620677948
fm_3,human,522,-0.18320584297180176
fm_3,human,523,-1.503416895866394
fm_3,human,524,-0.12287913262844086
fm_3,human,526,-0.8223070502281189
fm_3,human,527,0.3144128918647766
fm_3,human,528,0.6330880522727966
fm_3,human,529,-0.09953410923480988
fm_3,human,530,0.20548173785209656
fm_3,human,531,-1.4081567525863647
fm_3,human,532,-0.8568139672279358
fm_3,human,533,0.5088012218475342
fm_3,human,534,-1.406843662261963
fm_3,human,535,-4.6732835471630096e-05
fm_3,human,536,-0.19140788912773132
fm_3,human,537,-0.8949492573738098
fm_3,human,540,-0.9285425543785095
fm_3,human,542,0.1725459098815918
fm_3,human,543,0.11335249245166779
fm_3,human,544,-1.0062308311462402
fm_3,human,545,-0.7861127257347107
fm_3,human,546,-0.9085034132003784
fm_3,human,548,0.5751675963401794
fm_3,human,549,-0.026430055499076843
fm_3,human,550,0.09008803218603134
fm_3,human,553,-1.1313873529434204
fm_3,human,555,0.63456791639328
fm_3,human,558,0.36231791973114014
fm_3,human,560,0.8301727175712585
fm_3,human,568,-1.0961008071899414
fm_3,human,569,-0.6724945902824402
fm_3,human,571,-1.72489333152771
fm_3,human,573,-1.125071406364441
fm_3,human,576,-0.7963655591011047
fm_3,human,577,-0.09953410923480988
fm_3,human,579,-0.8707614541053772
fm_3,human,581,0.7277413010597229
fm_3,human,582,-1.0886292457580566
fm_3,human,583,0.7874540686607361
fm_3,human,584,-1.3578916788101196
fm_3,human,585,0.07115133106708527
fm_3,human,586,-1.4651895761489868
fm_3,human,588,0.552792489528656
fm_3,human,589,-0.3635315001010895
fm_3,human,590,-1.35398268699646
fm_3,human,591,-1.4142005443572998
fm_3,human,594,0.7277413010597229
fm_3,human,595,0.6078784465789795
fm_3,human,596,-0.9532714486122131
fm_3,human,597,-0.8636954426765442
fm_3,human,598,-0.8882644772529602
fm_3,human,599,-0.7687601447105408
fm_3,human,600,0.06900332123041153
fm_3,human,602,-1.4695847034454346
fm_3,human,604,-1.2211213111877441
fm_3,human,605,-0.951602578163147
fm_3,human,606,-0.3934701979160309
fm_3,human,612,-1.1759823560714722
fm_3,human,614,-0.8726233243942261
fm_3,human,616,-1.43074631690979
fm_3,human,618,0.6020807027816772
fm_3,human,619,0.43992871046066284
fm_3,human,622,-1.4392262697219849
fm_3,human,627,-0.36031919717788696
fm_3,human,629,-1.0385955572128296
fm_3,human,630,0.7425833344459534
fm_3,human,632,-1.1287822723388672
fm_3,human,634,0.3835035264492035
fm_3,human,635,-0.8776775002479553
fm_3,human,636,-1.3431484699249268
fm_3,human,637,-1.4267479181289673
fm_3,human,639,0.10448680818080902
fm_3,human,644,-0.8707614541053772
fm_3,human,645,0.4773002862930298
fm_3,human,650,-0.4520145058631897
fm_3,human,651,-1.5662083625793457
fm_3,human,653,-1.0453962087631226
fm_3,human,654,0.15417778491973877
fm_3,human,656,0.4590420126914978
fm_3,human,657,-1.0385955572128296
fm_3,human,661,0.2840670347213745
fm_3,human,663,0.4811680316925049
fm_3,human,665,0.29694533348083496
fm_3,human,666,-0.13384278118610382
fm_3,human,669,-0.7933323383331299
fm_3,human,670,0.46792519092559814
fm_3,human,671,-0.9089002013206482
fm_3,human,674,-0.9984450340270996
fm_3,human,678,-1.189767837524414
fm_3,human,679,-1.4056212902069092
fm_3,human,680,-1.3066926002502441
fm_3,human,683,0.3467121720314026
fm_3,human,688,-0.9984450340270996
fm_3,human,690,0.7318702936172485
fm_3,human,693,-0.09499836713075638
fm_3,human,695,-1.4219152927398682
fm_3,human,696,0.3722149729728699
fm_3,human,697,0.5839871764183044
fm_3,human,698,-0.13193833827972412
fm_3,human,704,-0.13699036836624146
fm_3,human,706,0.525776207447052
fm_3,human,707,0.10448680818080902
fm_3,human,708,-1.4215588569641113
fm_3,human,709,-0.6738882660865784
fm_3,human,711,0.5937362313270569
fm_3,human,712,0.4775312542915344
fm_3,human,714,0.44361525774002075
fm_3,human,715,0.5394464135169983
fm_3,human,716,-0.9664424061775208
fm_3,human,717,0.641927182674408
fm_3,human,718,0.8936843872070312
fm_3,human,722,-0.6699123978614807
fm_3,human,723,0.08847472816705704
fm_3,human,729,0.37526553869247437
fm_3,human,732,-0.9118197560310364
fm_3,human,735,-0.9676564335823059
fm_3,human,738,-1.0853725671768188
fm_3,human,741,-1.6269606351852417
fm_3,human,742,0.30902451276779175
fm_3,human,746,-0.4805822968482971
fm_3,human,750,0.0964086726307869
fm_3,human,754,0.6541839241981506
fm_3,human,757,0.6263747215270996
fm_3,human,758,-1.1582040786743164
fm_3,human,762,0.5400993824005127
fm_3,human,765,-0.7059926986694336
fm_3,human,768,-1.592634916305542
fm_3,human,774,0.4876379072666168
fm_3,human,775,-0.1543499231338501
fm_3,human,778,0.39870285987854004
fm_3,human,779,-0.7524911761283875
fm_3,human,782,0.3396194577217102
fm_3,human,784,0.7760645747184753
fm_3,human,788,0.20499500632286072
fm_3,human,790,-0.6687250137329102
fm_3,human,793,-0.9914111495018005
fm_3,human,797,0.2624583840370178
fm_3,human,798,0.7749080657958984
fm_3,human,799,-1.72489333152771
fm_3,human,800,-0.7187529802322388
fm_3,human,801,-1.2285528182983398
fm_3,human,803,-1.4142005443572998
fm_3,human,811,-1.4828011989593506
fm_3,human,812,-1.1136645078659058
fm_3,human,814,-1.4999325275421143
fm_3,human,817,0.6641436219215393
fm_3,human,818,-0.2321128398180008
fm_3,human,821,0.2705107033252716
fm_3,human,823,-1.4308974742889404
fm_3,human,824,-1.600886344909668
fm_3,human,825,-1.506683111190796
fm_3,human,827,-0.4308265447616577
fm_3,human,828,0.26965922117233276
fm_3,human,830,-1.01454758644104
fm_3,human,833,0.1059093028306961
fm_3,human,837,-1.3619234561920166
fm_3,human,838,-0.9118197560310364
fm_3,human,846,0.6123648285865784
fm_3,human,850,-0.7800751328468323
fm_3,human,853,-0.9216607213020325
fm_3,human,860,-0.843295693397522
fm_3,human,866,0.2315748780965805
fm_3,human,867,0.9341650605201721
fm_3,human,868,-1.3975939750671387
fm_3,human,869,-1.4278697967529297
fm_3,human,871,-1.1021414995193481
fm_3,human,873,-1.371312141418457
fm_3,human,874,-0.5062437057495117
fm_3,human,877,-0.8560217022895813
fm_3,human,880,0.6258006691932678
fm_3,human,882,0.3680860996246338
fm_3,human,883,-0.5964584946632385
fm_3,human,884,-1.245818853378296
fm_3,human,885,0.7749080657958984
fm_3,human,886,-0.15785066783428192
fm_3,human,893,0.35246387124061584
fm_3,human,894,0.5144866108894348
fm_3,human,895,-1.267990231513977
fm_3,human,896,-0.1543499231338501
fm_3,human,897,-0.5442762970924377
fm_3,human,900,0.28345513343811035
fm_3,human,901,0.6042211651802063
fm_3,human,902,0.4500250816345215
fm_3,human,903,0.531633198261261
fm_3,human,904,-1.492265224456787
fm_3,human,905,-0.11429734528064728
fm_3,human,908,-1.2286077737808228
fm_3,human,911,0.5733272433280945
fm_3,human,915,-0.46030497550964355
fm_3,human,917,-0.9310044050216675
fm_3,human,918,0.003154371865093708
fm_3,human,919,-0.9833348393440247
fm_3,human,921,-1.0040675401687622
fm_3,human,922,0.1711679995059967
fm_3,human,923,0.3683561384677887
fm_3,human,924,-0.5062437057495117
fm_3,human,925,-0.9800110459327698
fm_3,human,926,-0.9207318425178528
fm_3,human,927,0.33691632747650146
fm_3,human,931,-0.9285425543785095
fm_3,human,934,0.01138253603130579
fm_3,human,935,-1.0406159162521362
fm_3,human,936,-0.7446737289428711
fm_3,human,937,0.1711679995059967
fm_3,human,939,-1.3553378582000732
fm_3,human,940,-1.1755619049072266
fm_3,human,942,0.6167890429496765
fm_3,human,943,-1.4081567525863647
fm_3,human,947,-1.5494966506958008
fm_3,human,948,-1.4255475997924805
fm_3,human,949,-0.27544155716896057
fm_3,human,950,0.5729609131813049
fm_3,human,951,0.42568936944007874
fm_3,human,960,-1.3456909656524658
fm_3,human,962,0.39434337615966797
fm_3,human,964,-1.308579921722412
fm_3,human,971,-1.4104158878326416
fm_3,human,974,-0.25497308373451233
fm_3,human,975,0.30458641052246094
fm_3,human,976,-0.14626279473304749
fm_3,human,978,-1.1894932985305786
fm_3,human,979,-0.7955570816993713
fm_3,human,986,-0.7696824669837952
fm_3,human,987,-1.419268250465393
fm_3,human,989,0.4467487931251526
fm_3,human,990,0.5169411301612854
fm_3,human,991,-0.035786256194114685
fm_3,human,992,-0.8104196786880493
fm_3,human,995,-1.439386010169983
fm_3,human,996,-1.534876823425293
fm_3,human,998,-1.4278697967529297
fm_3,human,999,0.3305566906929016
fm_4,human,1,0.45255517959594727
fm_4,human,3,-1.090074062347412
fm_4,human,4,-0.21744348108768463
fm_4,human,6,1.3455922603607178
fm_4,human,7,-1.4223781824111938
fm_4,human,8,-0.9142178297042847
fm_4,human,10,0.6385408043861389
fm_4,human,11,-0.8368703126907349
fm_4,human,12,1.6178590059280396
fm_4,human,13,-0.5390978455543518
fm_4,human,19,-0.7916823029518127
fm_4,human,24,-0.16466444730758667
fm_4,human,25,-0.13491693139076233
fm_4,human,26,-1.0501511096954346
fm_4,human,29,1.5899871587753296
fm_4,human,30,-0.3730228543281555
fm_4,human,31,-0.8406183123588562
fm_4,human,32,-0.058416590094566345
fm_4,human,34,0.3374178409576416
fm_4,human,40,-0.6670005917549133
fm_4,human,42,1.172690510749817
fm_4,human,43,-0.5987611413002014
fm_4,human,44,-0.30804577469825745
fm_4,human,45,-0.26868027448654175
fm_4,human,50,-0.8181354403495789
fm_4,human,52,-0.3246850371360779
fm_4,human,55,0.385814368724823
fm_4,human,56,0.11554381251335144
fm_4,human,57,-0.6464472413063049
fm_4,human,60,-1.6354900598526
fm_4,human,61,0.22921358048915863
fm_4,human,62,-0.857692539691925
fm_4,human,64,-0.8245259523391724
fm_4,human,66,0.276245653629303
fm_4,human,67,0.15808440744876862
fm_4,human,68,0.14591610431671143
fm_4,human,70,-0.17952483892440796
fm_4,human,71,0.5767706036567688
fm_4,human,73,1.2194114923477173
fm_4,human,74,-1.3470309972763062
fm_4,human,75,-0.5455136895179749
fm_4,human,77,-0.8205010294914246
fm_4,human,78,-0.21997208893299103
fm_4,human,79,0.9037763476371765
fm_4,human,80,-0.08297207206487656
fm_4,human,82,-0.7085205316543579
fm_4,human,83,0.17403492331504822
fm_4,human,84,1.4732896089553833
fm_4,human,85,-0.5390105843544006
fm_4,human,87,-0.9678451418876648
fm_4,human,89,1.3801474571228027
fm_4,human,90,0.8336514234542847
fm_4,human,91,-0.3783726692199707
fm_4,human,93,1.6040228605270386
fm_4,human,95,-0.2212277203798294
fm_4,human,97,-0.9790947437286377
fm_4,human,98,-1.3135581016540527
fm_4,human,101,-0.8217893242835999
fm_4,human,102,-0.501696765422821
fm_4,human,105,-0.8513427376747131
fm_4,human,108,-0.8735848665237427
fm_4,human,109,1.0542371273040771
fm_4,human,110,1.2026786804199219
fm_4,human,111,-0.6063553690910339
fm_4,human,114,-0.5140812397003174
fm_4,human,115,1.1261374950408936
fm_4,human,119,0.06049959361553192
fm_4,human,121,0.641696035861969
fm_4,human,126,-0.6942538619041443
fm_4,human,132,-1.3774749040603638
fm_4,human,133,-0.34177905321121216
fm_4,human,134,-0.7583326101303101
fm_4,human,136,-1.3881431818008423
fm_4,human,137,1.6171321868896484
fm_4,human,138,-0.24263083934783936
fm_4,human,140,-0.5241774320602417
fm_4,human,141,-1.6791683435440063
fm_4,human,142,-0.10150289535522461
fm_4,human,145,0.9516168236732483
fm_4,human,146,0.19355322420597076
fm_4,human,149,-0.14610841870307922
fm_4,human,156,-0.19121965765953064
fm_4,human,159,1.9344874620437622
fm_4,human,164,-0.46487390995025635
fm_4,human,165,-0.17966985702514648
fm_4,human,166,-1.2592453956604004
fm_4,human,168,-1.1840773820877075
fm_4,human,169,-0.2227800190448761
fm_4,human,170,1.5737749338150024
fm_4,human,173,-0.23489396274089813
fm_4,human,174,0.6104398369789124
fm_4,human,175,-0.4261620044708252
fm_4,human,177,-0.8197797536849976
fm_4,human,179,-0.18874016404151917
fm_4,human,182,-0.4627670645713806
fm_4,human,183,1.438108205795288
fm_4,human,185,0.09301011264324188
fm_4,human,186,-0.8710678219795227
fm_4,human,193,-1.0820358991622925
fm_4,human,194,-0.8238125443458557
fm_4,human,197,1.6189322471618652
fm_4,human,199,-0.6399938464164734
fm_4,human,200,-0.5150269269943237
fm_4,human,205,1.6878632307052612
fm_4,human,209,0.7221873998641968
fm_4,human,210,-1.2075107097625732
fm_4,human,211,0.6722612977027893
fm_4,human,212,0.06049959361553192
fm_4,human,213,0.2682155966758728
fm_4,human,214,-1.7897074222564697
fm_4,human,216,-0.4912378191947937
fm_4,human,219,0.22970418632030487
fm_4,human,221,-1.4231255054473877
fm_4,human,222,-0.6063553690910339
fm_4,human,224,-0.6464803814888
fm_4,human,228,-0.3470878005027771
fm_4,human,229,-0.8327663540840149
fm_4,human,232,0.8571094274520874
fm_4,human,235,-0.33799779415130615
fm_4,human,236,0.7244278192520142
fm_4,human,238,-0.3018236756324768
fm_4,human,239,1.5899871587753296
fm_4,human,240,-1.3330966234207153
fm_4,human,245,-0.5241774320602417
fm_4,human,248,-0.5230939388275146
fm_4,human,249,-0.562517523765564
fm_4,human,250,-0.2889730930328369
fm_4,human,251,0.09022222459316254
fm_4,human,255,-0.1004648357629776
fm_4,human,257,-0.9888808131217957
fm_4,human,260,-0.6262214183807373
fm_4,human,261,-0.8282539248466492
fm_4,human,262,-0.2798084616661072
fm_4,human,265,-0.2227800190448761
fm_4,human,266,-0.8234684467315674
fm_4,human,267,-1.4305897951126099
fm_4,human,273,0.3075333833694458
fm_4,human,275,0.06393341720104218
fm_4,human,276,0.7735868692398071
fm_4,human,278,-0.2824428081512451
fm_4,human,279,0.05769774317741394
fm_4,human,281,-1.3774749040603638
fm_4,human,282,-1.2575565576553345
fm_4,human,286,-0.7207387089729309
fm_4,human,287,1.5250247716903687
fm_4,human,290,1.606805443763733
fm_4,human,291,-0.5509765148162842
fm_4,human,292,-0.49181514978408813
fm_4,human,293,-0.8019964694976807
fm_4,human,295,0.7400016784667969
fm_4,human,297,0.2514074444770813
fm_4,human,299,-1.1073821783065796
fm_4,human,300,0.5587061047554016
fm_4,human,301,-0.8284854292869568
fm_4,human,303,-0.9142178297042847
fm_4,human,306,1.041079044342041
fm_4,human,307,-0.3160594701766968
fm_4,human,308,-0.37556660175323486
fm_4,human,310,-0.8378349542617798
fm_4,human,311,-0.40733766555786133
fm_4,human,312,0.10299521684646606
fm_4,human,313,0.5822511315345764
fm_4,human,315,0.3230273127555847
fm_4,human,317,0.5491045713424683
fm_4,human,319,-1.6485356092453003
fm_4,human,320,-0.23489396274089813
fm_4,human,322,0.6172947287559509
fm_4,human,324,-1.292319893836975
fm_4,human,327,-1.0989580154418945
fm_4,human,328,0.4359081983566284
fm_4,human,329,0.3720107674598694
fm_4,human,330,-1.2939680814743042
fm_4,human,332,-0.544022798538208
fm_4,human,333,-1.3774749040603638
fm_4,human,334,-0.29319196939468384
fm_4,human,335,-1.5046941041946411
fm_4,human,337,2.17427396774292
fm_4,human,339,-1.292188048362732
fm_4,human,343,0.9516168236732483
fm_4,human,345,0.48210495710372925
fm_4,human,347,-0.8217893242835999
fm_4,human,351,-0.2868611812591553
fm_4,human,352,-1.4731999635696411
fm_4,human,353,-1.4559048414230347
fm_4,human,355,1.643354058265686
fm_4,human,356,-0.5569760203361511
fm_4,human,358,1.479663610458374
fm_4,human,360,-0.5390105843544006
fm_4,human,361,-1.5373996496200562
fm_4,human,362,-1.432572603225708
fm_4,human,363,1.3214665651321411
fm_4,human,364,-0.5926857590675354
fm_4,human,366,1.3487955331802368
fm_4,human,368,1.1903282403945923
fm_4,human,369,-0.6753179430961609
fm_4,human,371,-0.26760342717170715
fm_4,human,372,-1.471034288406372
fm_4,human,376,-0.8283050060272217
fm_4,human,378,1.044887900352478
fm_4,human,381,-0.2305392324924469
fm_4,human,382,-0.6607630848884583
fm_4,human,383,1.678481936454773
fm_4,human,389,0.5273180603981018
fm_4,human,391,-0.21096576750278473
fm_4,human,394,-1.2280348539352417
fm_4,human,395,-0.9866109490394592
fm_4,human,397,-0.5849153995513916
fm_4,human,399,-0.681428074836731
fm_4,human,405,0.022059790790081024
fm_4,human,406,0.593773603439331
fm_4,human,409,-0.6447663903236389
fm_4,human,410,0.8066346049308777
fm_4,human,412,-0.1229327917098999
fm_4,human,413,1.696781873703003
fm_4,human,417,-0.04550294578075409
fm_4,human,418,-0.3783726692199707
fm_4,human,421,-1.2723102569580078
fm_4,human,423,-0.19680342078208923
fm_4,human,424,-0.2819943428039551
fm_4,human,425,-0.8656929731369019
fm_4,human,426,0.007200360298156738
fm_4,human,427,0.17403998970985413
fm_4,human,429,-1.0011945962905884
fm_4,human,430,1.7021371126174927
fm_4,human,431,-0.4234721064567566
fm_4,human,433,-0.44440263509750366
fm_4,human,434,-1.514328122138977
fm_4,human,437,-1.1742109060287476
fm_4,human,440,-0.32825303077697754
fm_4,human,441,0.920562744140625
fm_4,human,443,-0.30372917652130127
fm_4,human,445,1.6891050338745117
fm_4,human,446,-1.514328122138977
fm_4,human,448,-0.017468124628067017
fm_4,human,449,-0.8387747406959534
fm_4,human,450,-0.7448329329490662
fm_4,human,451,1.37834894657135
fm_4,human,452,-0.9941766858100891
fm_4,human,454,-0.7329535484313965
fm_4,human,457,1.2690755128860474
fm_4,human,458,-0.4959139823913574
fm_4,human,463,2.0117990970611572
fm_4,human,465,-0.34234142303466797
fm_4,human,466,1.3873499631881714
fm_4,human,468,0.4359081983566284
fm_4,human,469,0.3393326997756958
fm_4,human,478,-1.5964285135269165
fm_4,human,479,-1.2725201845169067
fm_4,human,480,0.3999727964401245
fm_4,human,482,-0.3837633728981018
fm_4,human,483,1.6990007162094116
fm_4,human,484,-1.6791683435440063
fm_4,human,486,1.7162655591964722
fm_4,human,487,1.606805443763733
fm_4,human,491,1.2310043573379517
fm_4,human,494,-0.33935004472732544
fm_4,human,495,-1.5299354791641235
fm_4,human,496,-1.2905949354171753
fm_4,human,498,-0.24702684581279755
fm_4,human,500,1.6935687065124512
fm_4,human,501,-1.469608187675476
fm_4,human,502,-1.436226487159729
fm_4,human,507,1.528847098350525
fm_4,human,508,-0.33935004472732544
fm_4,human,514,-0.8256139755249023
fm_4,human,515,1.8523459434509277
fm_4,human,517,-0.8927298188209534
fm_4,human,519,-0.27846646308898926
fm_4,human,520,0.6070548295974731
fm_4,human,522,-0.7951530814170837
fm_4,human,523,-0.4284343123435974
fm_4,human,524,-0.8129214644432068
fm_4,human,526,-0.8173800706863403
fm_4,human,527,-0.3095325231552124
fm_4,human,528,1.1454763412475586
fm_4,human,529,-0.45323944091796875
fm_4,human,530,1.6537703275680542
fm_4,human,531,-1.5025964975357056
fm_4,human,532,-0.514922559261322
fm_4,human,533,1.1676218509674072
fm_4,human,534,-0.5241774320602417
fm_4,human,535,0.268413782119751
fm_4,human,536,-0.6851115822792053
fm_4,human,537,-0.33935004472732544
fm_4,human,540,-0.8235273957252502
fm_4,human,542,1.672524094581604
fm_4,human,543,-0.7828574776649475
fm_4,human,544,-0.4019489288330078
fm_4,human,545,-0.8205099701881409
fm_4,human,546,-0.4651648998260498
fm_4,human,548,-0.1519654393196106
fm_4,human,549,-0.6408930420875549
fm_4,human,550,-0.39503270387649536
fm_4,human,553,-1.4254602193832397
fm_4,human,555,0.7663964033126831
fm_4,human,558,1.5386005640029907
fm_4,human,560,0.34430474042892456
fm_4,human,568,-0.046008095145225525
fm_4,human,569,-0.6325640082359314
fm_4,human,571,-0.9364382028579712
fm_4,human,573,-0.3254435062408447
fm_4,human,576,-0.6472693681716919
fm_4,human,577,-0.45323944091796875
fm_4,human,579,-0.4948904514312744
fm_4,human,581,0.920562744140625
fm_4,human,582,0.4984503984451294
fm_4,human,583,0.6850924491882324
fm_4,human,584,-1.2510656118392944
fm_4,human,585,-0.6574237942695618
fm_4,human,586,-1.6791683435440063
fm_4,human,588,-0.009055912494659424
fm_4,human,589,-0.8211525082588196
fm_4,human,590,-0.8228748440742493
fm_4,human,591,-0.8205010294914246
fm_4,human,594,0.920562744140625
fm_4,human,595,0.26156145334243774
fm_4,human,596,-0.8291078209877014
fm_4,human,597,-0.6614000201225281
fm_4,human,598,-0.8277184963226318
fm_4,human,599,-0.23311372101306915
fm_4,human,600,-0.8008928894996643
fm_4,human,602,-0.47296667098999023
fm_4,human,604,-1.5497866868972778
fm_4,human,605,-0.027303919196128845
fm_4,human,606,-0.44788020849227905
fm_4,human,612,-0.7921149134635925
fm_4,human,614,-0.8251161575317383
fm_4,human,616,-1.5124567747116089
fm_4,human,618,0.29859256744384766
fm_4,human,619,0.632233202457428
fm_4,human,622,-1.5989973545074463
fm_4,human,627,-0.17324990034103394
fm_4,human,629,0.4864952564239502
fm_4,human,630,0.43418145179748535
fm_4,human,632,-1.1822638511657715
fm_4,human,634,1.5077052116394043
fm_4,human,635,-0.8255373239517212
fm_4,human,636,-0.7878658175468445
fm_4,human,637,-1.5320199728012085
fm_4,human,639,1.6891050338745117
fm_4,human,644,-0.4948904514312744
fm_4,human,645,1.3917222023010254
fm_4,human,650,-0.8593509793281555
fm_4,human,651,-0.7031415104866028
fm_4,human,653,-0.8444557189941406
fm_4,human,654,1.6734046936035156
fm_4,human,656,1.0888370275497437
fm_4,human,657,0.4864952564239502
fm_4,human,661,-0.13491693139076233
fm_4,human,663,1.2856311798095703
fm_4,human,665,1.6040228605270386
fm_4,human,666,-0.3783726692199707
fm_4,human,669,-0.8135567903518677
fm_4,human,670,-0.1511157751083374
fm_4,human,671,-0.27826952934265137
fm_4,human,674,-0.8332792520523071
fm_4,human,678,-1.0389025211334229
fm_4,human,679,-1.4477415084838867
fm_4,human,680,-1.0731960535049438
fm_4,human,683,1.5571180582046509
fm_4,human,688,-0.8332792520523071
fm_4,human,690,0.8912891745567322
fm_4,human,693,0.06679651141166687
fm_4,human,695,-1.547247052192688
fm_4,human,696,1.6477657556533813
fm_4,human,697,0.44931215047836304
fm_4,human,698,-0.5450941324234009
fm_4,human,704,1.878731608390808
fm_4,human,706,0.5831788182258606
fm_4,human,707,1.6891050338745117
fm_4,human,708,-1.4127713441848755
fm_4,human,709,-0.64471435546875
fm_4,human,711,0.9039122462272644
fm_4,human,712,1.2164338827133179
fm_4,human,714,-0.913216233253479
fm_4,human,715,1.0750788450241089
fm_4,human,716,-1.1424199342727661
fm_4,human,717,1.1156787872314453
fm_4,human,718,-0.040373992174863815
fm_4,human,722,-0.6186814308166504
fm_4,human,723,1.6935687065124512
fm_4,human,729,1.528847098350525
fm_4,human,732,-0.3837633728981018
fm_4,human,735,-1.2724192142486572
fm_4,human,738,-1.4591084718704224
fm_4,human,741,-0.6125696301460266
fm_4,human,742,-0.21709759533405304
fm_4,human,746,-0.6564731597900391
fm_4,human,750,1.5691684484481812
fm_4,human,754,0.5236404538154602
fm_4,human,757,0.6833176016807556
fm_4,human,758,-0.26735633611679077
fm_4,human,762,1.0934083461761475
fm_4,human,765,-1.029162049293518
fm_4,human,768,-1.0315266847610474
fm_4,human,774,0.3232980966567993
fm_4,human,775,-0.8656929731369019
fm_4,human,778,1.2412816286087036
fm_4,human,779,-0.5643060207366943
fm_4,human,782,-0.041795842349529266
fm_4,human,784,0.7517860531806946
fm_4,human,788,-0.4720514416694641
fm_4,human,790,-0.6135769486427307
fm_4,human,793,0.10469937324523926
fm_4,human,797,-0.04138730466365814
fm_4,human,798,0.7248033285140991
fm_4,human,799,-0.9364382028579712
fm_4,human,800,-0.6575817465782166
fm_4,human,801,-1.387543797492981
fm_4,human,803,-0.8205010294914246
fm_4,human,811,-0.35033977031707764
fm_4,human,812,-0.29624974727630615
fm_4,human,814,-1.7098660469055176
fm_4,human,817,1.0228325128555298
fm_4,human,818,-1.0813102722167969
fm_4,human,821,-0.11813244223594666
fm_4,human,823,-1.4105654954910278
fm_4,human,824,-0.5510814785957336
fm_4,human,825,-0.39341825246810913
fm_4,human,827,-1.0396567583084106
fm_4,human,828,1.3764362335205078
fm_4,human,830,-0.8273129463195801
fm_4,human,833,-0.12327641248703003
fm_4,human,837,-1.5394493341445923
fm_4,human,838,-0.3837633728981018
fm_4,human,846,0.7221873998641968
fm_4,human,850,-0.2415781468153
fm_4,human,853,-0.8260613679885864
fm_4,human,860,-0.11274916678667068
fm_4,human,866,1.9287408590316772
fm_4,human,867,-0.13112515211105347
fm_4,human,868,-1.5056113004684448
fm_4,human,869,-1.554407000541687
fm_4,human,871,-0.8275507092475891
fm_4,human,873,-0.5448430180549622
fm_4,human,874,-0.531071662902832
fm_4,human,877,-0.25511634349823
fm_4,human,880,-0.008018117398023605
fm_4,human,882,1.5292659997940063
fm_4,human,883,-0.2209169864654541
fm_4,human,884,-0.8966320157051086
fm_4,human,885,0.7248033285140991
fm_4,human,886,-0.3924395442008972
fm_4,human,893,-0.2830336093902588
fm_4,human,894,0.06049959361553192
fm_4,human,895,-1.4939650297164917
fm_4,human,896,-0.8656929731369019
fm_4,human,897,-0.22731228172779083
fm_4,human,900,1.6101175546646118
fm_4,human,901,0.8137472867965698
fm_4,human,902,-0.7037232518196106
fm_4,human,903,1.1359933614730835
fm_4,human,904,-1.3319381475448608
fm_4,human,905,-0.4138086438179016
fm_4,human,908,-0.25179147720336914
fm_4,human,911,-0.13913023471832275
fm_4,human,915,-0.4880170226097107
fm_4,human,917,-1.1168458461761475
fm_4,human,918,-0.48732680082321167
fm_4,human,919,-0.8368703126907349
fm_4,human,921,-0.9089102149009705
fm_4,human,922,1.6673442125320435
fm_4,human,923,1.0529817342758179
fm_4,human,924,-0.531071662902832
fm_4,human,925,-1.075007438659668
fm_4,human,926,-0.3364914655685425
fm_4,human,927,1.5650131702423096
fm_4,human,931,-0.8235273957252502
fm_4,human,934,1.5536701679229736
fm_4,human,935,-1.061391830444336
fm_4,human,936,-0.5896438360214233
fm_4,human,937,1.6673442125320435
fm_4,human,939,-0.284961998462677
fm_4,human,940,-0.6157575845718384
fm_4,human,942,0.31184840202331543
fm_4,human,943,-1.5025964975357056
fm_4,human,947,-0.5011329054832458
fm_4,human,948,-0.793498158454895
fm_4,human,949,-0.36527764797210693
fm_4,human,950,1.0019420385360718
fm_4,human,951,1.4322545528411865
fm_4,human,960,-0.30460548400878906
fm_4,human,962,0.3116950988769531
fm_4,human,964,-0.18100157380104065
fm_4,human,971,-0.30634185671806335
fm_4,human,974,-0.17952483892440796
fm_4,human,975,1.9526337385177612
fm_4,human,976,-0.6885241866111755
fm_4,human,978,-0.6562495827674866
fm_4,human,979,-0.35118818283081055
fm_4,human,986,-0.20042254030704498
fm_4,human,987,-1.432572603225708
fm_4,human,989,1.3873499631881714
fm_4,human,990,1.6351590156555176
fm_4,human,991,-0.5062228441238403
fm_4,human,992,-0.815152645111084
fm_4,human,995,-0.4959139823913574
fm_4,human,996,-0.683840811252594
fm_4,human,998,-1.554407000541687
fm_4,human,999,1.5741239786148071
fm_5,human,1,1.7249467372894287
fm_5,human,3,-0.1367470622062683
fm_5,human,4,2.321215867996216
fm_5,human,6,0.5250958204269409
fm_5,human,7,-0.781790018081665
fm_5,human,8,0.1470220983028412
fm_5,human,10,1.8538357019424438
fm_5,human,11,-2.3703744411468506
fm_5,human,12,0.3736726939678192
fm_5,human,13,-0.895643413066864
fm_5,human,19,-2.7368996143341064
fm_5,human,24,-2.463536262512207
fm_5,human,25,-0.09197481721639633
fm_5,human,26,-0.38695278763771057
fm_5,human,29,0.13720670342445374
fm_5,human,30,-1.6843101978302002
fm_5,human,31,-1.8227901458740234
fm_5,human,32,2.4371042251586914
fm_5,human,34,-0.5691362023353577
fm_5,human,40,-1.3604862689971924
fm_5,human,42,0.9166262149810791
fm_5,human,43,-1.2770863771438599
fm_5,human,44,-1.9809045791625977
fm_5,human,45,-1.042891263961792
fm_5,human,50,-2.359891414642334
fm_5,human,52,-1.8891403675079346
fm_5,human,55,2.1361312866210938
fm_5,human,56,2.362168073654175
fm_5,human,57,-2.6563994884490967
fm_5,human,60,-1.2878392934799194
fm_5,human,61,-1.643903374671936
fm_5,human,62,-1.3332690000534058
fm_5,human,64,-2.3718039989471436
fm_5,human,66,2.535576343536377
fm_5,human,67,0.04408979415893555
fm_5,human,68,2.282559394836426
fm_5,human,70,-2.008876085281372
fm_5,human,71,1.5820642709732056
fm_5,human,73,0.9698106050491333
fm_5,human,74,-0.08714110404253006
fm_5,human,75,-1.5031675100326538
fm_5,human,77,-2.1791861057281494
fm_5,human,78,-1.594194769859314
fm_5,human,79,1.3336549997329712
fm_5,human,80,-1.189311146736145
fm_5,human,82,0.9286592602729797
fm_5,human,83,2.5168840885162354
fm_5,human,84,0.06048803776502609
fm_5,human,85,-2.4868876934051514
fm_5,human,87,0.26811662316322327
fm_5,human,89,0.1638965606689453
fm_5,human,90,2.2256996631622314
fm_5,human,91,-1.2122160196304321
fm_5,human,93,0.022828467190265656
fm_5,human,95,-1.5809977054595947
fm_5,human,97,-0.3501242697238922
fm_5,human,98,-2.5296003818511963
fm_5,human,101,-2.3711142539978027
fm_5,human,102,-1.4747116565704346
fm_5,human,105,-2.3723084926605225
fm_5,human,108,-2.0526416301727295
fm_5,human,109,1.478675365447998
fm_5,human,110,1.188650131225586
fm_5,human,111,-2.034254789352417
fm_5,human,114,1.8935167789459229
fm_5,human,115,0.35879239439964294
fm_5,human,119,2.3061883449554443
fm_5,human,121,2.463517427444458
fm_5,human,126,1.9154467582702637
fm_5,human,132,-2.5309393405914307
fm_5,human,133,-0.431266725063324
fm_5,human,134,-0.4054243862628937
fm_5,human,136,-1.091409683227539
fm_5,human,137,-0.01348228007555008
fm_5,human,138,-0.16754046082496643
fm_5,human,140,-1.943379282951355
fm_5,human,141,-1.3061537742614746
fm_5,human,142,2.30733323097229
fm_5,human,145,1.2976934909820557
fm_5,human,146,1.8134746551513672
fm_5,human,149,1.447522521018982
fm_5,human,156,-2.4977633953094482
fm_5,human,159,-0.157120019197464
fm_5,human,164,-1.8883635997772217
fm_5,human,165,2.0464818477630615
fm_5,human,166,0.1308545172214508
fm_5,human,168,-0.5605106353759766
fm_5,human,169,-1.5257682800292969
fm_5,human,170,-0.35773733258247375
fm_5,human,173,-1.460949182510376
fm_5,human,174,2.088914155960083
fm_5,human,175,0.24960535764694214
fm_5,human,177,-2.3130056858062744
fm_5,human,179,0.07644786685705185
fm_5,human,182,-1.865856647491455
fm_5,human,183,-0.8540250062942505
fm_5,human,185,0.3424166142940521
fm_5,human,186,0.1469804346561432
fm_5,human,193,-0.06801595538854599
fm_5,human,194,-2.369757890701294
fm_5,human,197,-0.6001772284507751
fm_5,human,199,0.10656430572271347
fm_5,human,200,-1.9348206520080566
fm_5,human,205,-0.7940829992294312
fm_5,human,209,1.658900499343872
fm_5,human,210,-0.5737793445587158
fm_5,human,211,1.7797698974609375
fm_5,human,212,2.3061883449554443
fm_5,human,213,2.2370030879974365
fm_5,human,214,0.1514328420162201
fm_5,human,216,1.9111993312835693
fm_5,human,219,-2.6387455463409424
fm_5,human,221,-0.8283301591873169
fm_5,human,222,-2.034254789352417
fm_5,human,224,-2.37400221824646
fm_5,human,228,-1.0744212865829468
fm_5,human,229,-2.3717663288116455
fm_5,human,232,1.265317678451538
fm_5,human,235,2.1700875759124756
fm_5,human,236,2.403397798538208
fm_5,human,238,-1.2181870937347412
fm_5,human,239,0.13720670342445374
fm_5,human,240,-1.1029317378997803
fm_5,human,245,-1.943379282951355
fm_5,human,248,-2.4932801723480225
fm_5,human,249,1.3995335102081299
fm_5,human,250,-0.742835521697998
fm_5,human,251,-0.9017480611801147
fm_5,human,255,-1.0510174036026
fm_5,human,257,1.5770429372787476
fm_5,human,260,0.3083653748035431
fm_5,human,261,-2.3725297451019287
fm_5,human,262,-1.3688123226165771
fm_5,human,265,-1.5257682800292969
fm_5,human,266,-2.3760182857513428
fm_5,human,267,-0.7884202003479004
fm_5,human,273,2.1566174030303955
fm_5,human,275,-2.042276382446289
fm_5,human,276,1.2509217262268066
fm_5,human,278,-2.088679552078247
fm_5,human,279,-1.026149034500122
fm_5,human,281,-2.5309393405914307
fm_5,human,282,-1.4551055431365967
fm_5,human,286,-2.6642987728118896
fm_5,human,287,0.6866493225097656
fm_5,human,290,-0.07031372934579849
fm_5,human,291,-1.464370846748352
fm_5,human,292,-2.711035966873169
fm_5,human,293,-2.504910707473755
fm_5,human,295,1.5670149326324463
fm_5,human,297,1.6741156578063965
fm_5,human,299,0.8553867340087891
fm_5,human,300,2.0034685134887695
fm_5,human,301,-2.373671531677246
fm_5,human,303,0.1470220983028412
fm_5,human,306,0.7810803055763245
fm_5,human,307,1.8040800094604492
fm_5,human,308,-2.2480220794677734
fm_5,human,310,-2.363875150680542
fm_5,human,311,-2.449842929840088
fm_5,human,312,2.2948529720306396
fm_5,human,313,2.4849555492401123
fm_5,human,315,2.6557374000549316
fm_5,human,317,1.9220390319824219
fm_5,human,319,-1.1590834856033325
fm_5,human,320,-1.460949182510376
fm_5,human,322,1.4756605625152588
fm_5,human,324,-0.2219811975955963
fm_5,human,327,0.18379613757133484
fm_5,human,328,2.1334750652313232
fm_5,human,329,1.718637228012085
fm_5,human,330,-0.051476553082466125
fm_5,human,332,-2.4842944145202637
fm_5,human,333,-2.5309393405914307
fm_5,human,334,-1.7543973922729492
fm_5,human,335,0.49494698643684387
fm_5,human,337,-0.014945276081562042
fm_5,human,339,-1.1604175567626953
fm_5,human,343,1.2976934909820557
fm_5,human,345,-1.8443491458892822
fm_5,human,347,-2.3711142539978027
fm_5,human,351,-0.9031007289886475
fm_5,human,352,-0.7869305610656738
fm_5,human,353,-0.7770884037017822
fm_5,human,355,0.48494282364845276
fm_5,human,356,-2.480165719985962
fm_5,human,358,0.7799938917160034
fm_5,human,360,-2.4868876934051514
fm_5,human,361,-0.8965389728546143
fm_5,human,362,-0.7808876037597656
fm_5,human,363,0.5851418972015381
fm_5,human,364,-0.5278915762901306
fm_5,human,366,-0.0011661127209663391
fm_5,human,368,1.0277247428894043
fm_5,human,369,-1.3853175640106201
fm_5,human,371,0.3947540521621704
fm_5,human,372,-0.8463422060012817
fm_5,human,376,-2.3739686012268066
fm_5,human,378,1.6761548519134521
fm_5,human,381,-2.117586135864258
fm_5,human,382,-2.634121894836426
fm_5,human,383,-1.1571303606033325
fm_5,human,389,2.51108717918396
fm_5,human,391,-1.6371756792068481
fm_5,human,394,-0.11308630555868149
fm_5,human,395,-0.9244120121002197
fm_5,human,397,-2.013836145401001
fm_5,human,399,-1.7802239656448364
fm_5,human,405,-0.27503064274787903
fm_5,human,406,1.8887988328933716
fm_5,human,409,-1.1073426008224487
fm_5,human,410,1.8615963459014893
fm_5,human,412,-2.0078587532043457
fm_5,human,413,-0.9358837604522705
fm_5,human,417,2.1001410484313965
fm_5,human,418,-1.2122160196304321
fm_5,human,421,-0.17141063511371613
fm_5,human,423,0.7989323735237122
fm_5,human,424,1.3122972249984741
fm_5,human,425,-0.2994978427886963
fm_5,human,426,2.420360803604126
fm_5,human,427,-0.3809857964515686
fm_5,human,429,0.09008044749498367
fm_5,human,430,-1.066509485244751
fm_5,human,431,-1.8963091373443604
fm_5,human,433,-1.8309640884399414
fm_5,human,434,-0.8181354403495789
fm_5,human,437,1.4214401245117188
fm_5,human,440,-1.4621572494506836
fm_5,human,441,2.0195648670196533
fm_5,human,443,-1.4318366050720215
fm_5,human,445,-0.6275027990341187
fm_5,human,446,-0.8181354403495789
fm_5,human,448,-0.6827542781829834
fm_5,human,449,-2.3713219165802
fm_5,human,450,-2.8807809352874756
fm_5,human,451,1.0091382265090942
fm_5,human,452,0.2610747516155243
fm_5,human,454,0.12608453631401062
fm_5,human,457,0.7399596571922302
fm_5,human,458,-1.917114019393921
fm_5,human,463,-0.17811700701713562
fm_5,human,465,-1.5589690208435059
fm_5,human,466,0.5231054425239563
fm_5,human,468,2.1334750652313232
fm_5,human,469,-0.3324294984340668
fm_5,human,478,-1.100743293762207
fm_5,human,479,-0.48989415168762207
fm_5,human,480,2.5434000492095947
fm_5,human,482,-1.857490062713623
fm_5,human,483,-0.9809566736221313
fm_5,human,484,-1.3061537742614746
fm_5,human,486,-0.7824051380157471
fm_5,human,487,-0.07031372934579849
fm_5,human,491,0.774046778678894
fm_5,human,494,-1.8105006217956543
fm_5,human,495,-1.089597225189209
fm_5,human,496,-1.3783477544784546
fm_5,human,498,-1.4437026977539062
fm_5,human,500,-0.6773756742477417
fm_5,human,501,-1.2468891143798828
fm_5,human,502,-0.5198456645011902
fm_5,human,507,-0.19139958918094635
fm_5,human,508,-1.8105006217956543
fm_5,human,514,-2.3757944107055664
fm_5,human,515,0.2847566306591034
fm_5,human,517,-0.24846979975700378
fm_5,human,519,0.4285433292388916
fm_5,human,520,2.2572574615478516
fm_5,human,522,-0.08417230099439621
fm_5,human,523,-1.803714632987976
fm_5,human,524,-0.34934911131858826
fm_5,human,526,-2.3574752807617188
fm_5,human,527,-0.9834002256393433
fm_5,human,528,1.3083863258361816
fm_5,human,529,-1.1127249002456665
fm_5,human,530,-0.3471437692642212
fm_5,human,531,-0.8291983604431152
fm_5,human,532,-1.9777967929840088
fm_5,human,533,0.8407188057899475
fm_5,human,534,-1.943379282951355
fm_5,human,535,-0.41010358929634094
fm_5,human,536,-1.7549121379852295
fm_5,human,537,-1.8105006217956543
fm_5,human,540,-2.3670272827148438
fm_5,human,542,-0.35461506247520447
fm_5,human,543,0.8635201454162598
fm_5,human,544,0.3890824615955353
fm_5,human,545,-2.38432240486145
fm_5,human,546,-2.0317130088806152
fm_5,human,548,0.09662892669439316
fm_5,human,549,-0.7713860273361206
fm_5,human,550,-2.2712693214416504
fm_5,human,553,-1.2046904563903809
fm_5,human,555,1.7338719367980957
fm_5,human,558,0.15590044856071472
fm_5,human,560,-0.07157536596059799
fm_5,human,568,-2.0636367797851562
fm_5,human,569,-2.1433145999908447
fm_5,human,571,-2.329000234603882
fm_5,human,573,-0.37057968974113464
fm_5,human,576,-2.149210214614868
fm_5,human,577,-1.1127249002456665
fm_5,human,579,-1.9604732990264893
fm_5,human,581,2.0195648670196533
fm_5,human,582,-1.8141587972640991
fm_5,human,583,2.01322865486145
fm_5,human,584,-0.3064393997192383
fm_5,human,585,-1.2527313232421875
fm_5,human,586,-1.3061537742614746
fm_5,human,588,-0.6174060106277466
fm_5,human,589,-0.5094074606895447
fm_5,human,590,-1.9074630737304688
fm_5,human,591,-2.1791861057281494
fm_5,human,594,2.0195648670196533
fm_5,human,595,2.2153360843658447
fm_5,human,596,-2.368588447570801
fm_5,human,597,-0.6340625286102295
fm_5,human,598,-2.37074875831604
fm_5,human,599,-1.643256664276123
fm_5,human,600,-1.0899676084518433
fm_5,human,602,-1.8762494325637817
fm_5,human,604,-1.1787893772125244
fm_5,human,605,-0.5862863659858704
fm_5,human,606,2.2037291526794434
fm_5,human,612,-2.2848410606384277
fm_5,human,614,-2.373537063598633
fm_5,human,616,-1.202225923538208
fm_5,human,618,1.825940728187561
fm_5,human,619,1.8308454751968384
fm_5,human,622,-0.9236027002334595
fm_5,human,627,-2.1375153064727783
fm_5,human,629,-1.399229884147644
fm_5,human,630,2.5248286724090576
fm_5,human,632,0.05023325979709625
fm_5,human,634,0.2897677719593048
fm_5,human,635,-2.3748600482940674
fm_5,human,636,-2.0995521545410156
fm_5,human,637,-0.7949733734130859
fm_5,human,639,-0.6275027990341187
fm_5,human,644,-1.9604732990264893
fm_5,human,645,0.283529132604599
fm_5,human,650,0.2645520865917206
fm_5,human,651,-0.5176443457603455
fm_5,human,653,-2.3703596591949463
fm_5,human,654,-0.4816339910030365
fm_5,human,656,0.6330748796463013
fm_5,human,657,-1.399229884147644
fm_5,human,661,-0.09197481721639633
fm_5,human,663,0.6166034936904907
fm_5,human,665,0.022828467190265656
fm_5,human,666,-1.2122160196304321
fm_5,human,669,-2.3471477031707764
fm_5,human,670,1.8356759548187256
fm_5,human,671,-0.1761293113231659
fm_5,human,674,-2.366283655166626
fm_5,human,678,-0.9074708223342896
fm_5,human,679,-0.7684076428413391
fm_5,human,680,0.21934470534324646
fm_5,human,683,0.12409303337335587
fm_5,human,688,-2.366283655166626
fm_5,human,690,2.061884641647339
fm_5,human,693,-0.5871805548667908
fm_5,human,695,-0.8708903789520264
fm_5,human,696,0.07716386765241623
fm_5,human,697,-0.6475563049316406
fm_5,human,698,-2.2330644130706787
fm_5,human,704,-0.35671350359916687
fm_5,human,706,1.4942491054534912
fm_5,human,707,-0.6275027990341187
fm_5,human,708,-0.7914299964904785
fm_5,human,709,-2.1592185497283936
fm_5,human,711,1.4867584705352783
fm_5,human,712,0.5478883981704712
fm_5,human,714,0.2866809070110321
fm_5,human,715,0.9722466468811035
fm_5,human,716,0.051808327436447144
fm_5,human,717,1.3665542602539062
fm_5,human,718,0.19061869382858276
fm_5,human,722,-2.1223349571228027
fm_5,human,723,-0.6773756742477417
fm_5,human,729,-0.19139958918094635
fm_5,human,732,-1.857490062713623
fm_5,human,735,-0.5078385472297668
fm_5,human,738,-1.308413028717041
fm_5,human,741,-2.3184123039245605
fm_5,human,742,-0.43484053015708923
fm_5,human,746,-2.1207239627838135
fm_5,human,750,-0.6665357351303101
fm_5,human,754,2.3442025184631348
fm_5,human,757,1.8172130584716797
fm_5,human,758,-0.5849952697753906
fm_5,human,762,1.022524118423462
fm_5,human,765,-0.42578601837158203
fm_5,human,768,0.04140617698431015
fm_5,human,774,2.3976523876190186
fm_5,human,775,-0.2994978427886963
fm_5,human,778,0.2759559452533722
fm_5,human,779,-1.323792576789856
fm_5,human,782,-1.0118032693862915
fm_5,human,784,2.360743999481201
fm_5,human,788,0.46374449133872986
fm_5,human,790,-2.113978385925293
fm_5,human,793,-0.8914663195610046
fm_5,human,797,0.5826779007911682
fm_5,human,798,2.3855011463165283
fm_5,human,799,-2.329000234603882
fm_5,human,800,-1.1957420110702515
fm_5,human,801,-1.152227759361267
fm_5,human,803,-2.1791861057281494
fm_5,human,811,-1.589699149131775
fm_5,human,812,-2.0272181034088135
fm_5,human,814,-1.553636074066162
fm_5,human,817,1.5323286056518555
fm_5,human,818,0.3352227509021759
fm_5,human,821,-0.13429906964302063
fm_5,human,823,-0.8245208263397217
fm_5,human,824,-2.5188236236572266
fm_5,human,825,-1.7245734930038452
fm_5,human,827,-0.1482081264257431
fm_5,human,828,-0.04711505025625229
fm_5,human,830,-2.3578832149505615
fm_5,human,833,-0.6487972140312195
fm_5,human,837,-1.1542779207229614
fm_5,human,838,-1.857490062713623
fm_5,human,846,1.658900499343872
fm_5,human,850,-1.6657320261001587
fm_5,human,853,-2.37097430229187
fm_5,human,860,-0.013693057000637054
fm_5,human,866,0.07121094316244125
fm_5,human,867,0.6437022686004639
fm_5,human,868,-0.943988561630249
fm_5,human,869,-0.8460880517959595
fm_5,human,871,-2.3491101264953613
fm_5,human,873,-1.9767723083496094
fm_5,human,874,-1.8312679529190063
fm_5,human,877,-1.6960506439208984
fm_5,human,880,2.6502087116241455
fm_5,human,882,0.2582726776599884
fm_5,human,883,-2.4314913749694824
fm_5,human,884,0.32363006472587585
fm_5,human,885,2.3855011463165283
fm_5,human,886,2.4445786476135254
fm_5,human,893,2.0689220428466797
fm_5,human,894,2.3061883449554443
fm_5,human,895,-1.1502692699432373
fm_5,human,896,-0.2994978427886963
fm_5,human,897,-1.4947218894958496
fm_5,human,900,-0.5528315901756287
fm_5,human,901,1.5745556354522705
fm_5,human,902,-2.518327474594116
fm_5,human,903,0.9830412864685059
fm_5,human,904,0.035310253500938416
fm_5,human,905,-1.1631810665130615
fm_5,human,908,0.21963676810264587
fm_5,human,911,0.06766162067651749
fm_5,human,915,-0.5027720928192139
fm_5,human,917,-0.21324723958969116
fm_5,human,918,-0.9504977464675903
fm_5,human,919,-2.3703744411468506
fm_5,human,921,0.7545057535171509
fm_5,human,922,-0.4352606236934662
fm_5,human,923,0.6839457154273987
fm_5,human,924,-1.8312679529190063
fm_5,human,925,0.18297913670539856
fm_5,human,926,-1.9315134286880493
fm_5,human,927,-0.3572021424770355
fm_5,human,931,-2.3670272827148438
fm_5,human,934,-1.1377171277999878
fm_5,human,935,-0.16551655530929565
fm_5,human,936,-2.0236122608184814
fm_5,human,937,-0.4352606236934662
fm_5,human,939,-0.7251303791999817
fm_5,human,940,-2.87876296043396
fm_5,human,942,2.2194597721099854
fm_5,human,943,-0.8291983604431152
fm_5,human,947,-2.154855966567993
fm_5,human,948,-2.72194504737854
fm_5,human,949,-1.2472604513168335
fm_5,human,950,1.4654505252838135
fm_5,human,951,0.38133224844932556
fm_5,human,960,-0.47469767928123474
fm_5,human,962,2.505683422088623
fm_5,human,964,0.19129210710525513
fm_5,human,971,-1.2737751007080078
fm_5,human,974,-2.008876085281372
fm_5,human,975,0.2705358564853668
fm_5,human,976,-2.394493579864502
fm_5,human,978,-2.0911905765533447
fm_5,human,979,-2.231626272201538
fm_5,human,986,-2.56133770942688
fm_5,human,987,-0.7808876037597656
fm_5,human,989,0.5231054425239563
fm_5,human,990,0.7547688484191895
fm_5,human,991,-1.0247119665145874
fm_5,human,992,-2.3501923084259033
fm_5,human,995,-1.917114019393921
fm_5,human,996,-2.3982298374176025
fm_5,human,998,-0.8460880517959595
fm_5,human,999,0.09143241494894028
ph_1,human,1,0.4369979500770569
ph_1,human,3,-1.6679973602294922
ph_1,human,4,-0.0431513786315918
ph_1,human,6,0.804434061050415
ph_1,human,7,-1.6170623302459717
ph_1,human,8,-1.49567449092865
ph_1,human,10,0.5004296898841858
ph_1,human,11,0.6256862878799438
ph_1,human,12,0.6293379068374634
ph_1,human,13,-1.6760727167129517
ph_1,human,19,-0.7360978126525879
ph_1,human,24,-1.1753171682357788
ph_1,human,25,1.5309685468673706
ph_1,human,26,-1.2467050552368164
ph_1,human,29,1.488485336303711
ph_1,human,30,-0.3671780228614807
ph_1,human,31,-0.7848591804504395
ph_1,human,32,-0.27916496992111206
ph_1,human,34,1.2458655834197998
ph_1,human,40,-0.8759586811065674
ph_1,human,42,0.7316657304763794
ph_1,human,43,-1.2411742210388184
ph_1,human,44,-1.284497857093811
ph_1,human,45,2.041862964630127
ph_1,human,50,0.9590499401092529
ph_1,human,52,-0.09589266777038574
ph_1,human,55,0.33432072401046753
ph_1,human,56,-0.4239178001880646
ph_1,human,57,-0.90442955493927
ph_1,human,60,-1.3885269165039062
ph_1,human,61,0.20259913802146912
ph_1,human,62,-1.0170356035232544
ph_1,human,64,0.8362851142883301
ph_1,human,66,0.03515458106994629
ph_1,human,67,0.6708388328552246
ph_1,human,68,0.29110726714134216
ph_1,human,70,0.0028193816542625427
ph_1,human,71,-0.6287204027175903
ph_1,human,73,0.6389960050582886
ph_1,human,74,-1.373701572418213
ph_1,human,75,1.945639967918396
ph_1,human,77,-0.017045557498931885
ph_1,human,78,-0.6142901182174683
ph_1,human,79,0.5244708061218262
ph_1,human,80,1.1681989431381226
ph_1,human,82,-0.020719148218631744
ph_1,human,83,-0.05047501623630524
ph_1,human,84,1.0993165969848633
ph_1,human,85,-0.6967523694038391
ph_1,human,87,-1.496236801147461
ph_1,human,89,0.6812053322792053
ph_1,human,90,0.3904428482055664
ph_1,human,91,-1.572778344154358
ph_1,human,93,1.250830888748169
ph_1,human,95,-0.6523045301437378
ph_1,human,97,-1.035657525062561
ph_1,human,98,-0.5736253261566162
ph_1,human,101,0.8776670098304749
ph_1,human,102,-0.026697352528572083
ph_1,human,105,0.43191617727279663
ph_1,human,108,-0.09971160441637039
ph_1,human,109,0.4875984191894531
ph_1,human,110,0.6582793593406677
ph_1,human,111,0.057824864983558655
ph_1,human,114,-0.7645260095596313
ph_1,human,115,0.7062074542045593
ph_1,human,119,0.2241847813129425
ph_1,human,121,0.309940367937088
ph_1,human,126,-0.6965948939323425
ph_1,human,132,-0.6715487241744995
ph_1,human,133,1.5840802192687988
ph_1,human,134,-1.576453685760498
ph_1,human,136,-1.1405928134918213
ph_1,human,137,1.3099032640457153
ph_1,human,138,0.7741769552230835
ph_1,human,140,-0.15525397658348083
ph_1,human,141,-1.0457239151000977
ph_1,human,142,0.08199681341648102
ph_1,human,145,0.5804052948951721
ph_1,human,146,0.3724350035190582
ph_1,human,149,-0.0330066978931427
ph_1,human,156,-0.8363769054412842
ph_1,human,159,1.8387655019760132
ph_1,human,164,-0.22572922706604004
ph_1,human,165,0.49650877714157104
ph_1,human,166,-1.1888800859451294
ph_1,human,168,-1.7467182874679565
ph_1,human,169,-0.816882848739624
ph_1,human,170,1.2533161640167236
ph_1,human,173,-0.9745137691497803
ph_1,human,174,-0.1307402402162552
ph_1,human,175,-0.4384961724281311
ph_1,human,177,-1.2347455024719238
ph_1,human,179,1.2480398416519165
ph_1,human,182,-0.2669469118118286
ph_1,human,183,1.1144870519638062
ph_1,human,185,0.5101097822189331
ph_1,human,186,-1.490390658378601
ph_1,human,193,-1.242106556892395
ph_1,human,194,0.8569929003715515
ph_1,human,197,1.6994355916976929
ph_1,human,199,0.3264651298522949
ph_1,human,200,-0.17040854692459106
ph_1,human,205,1.9657906293869019
ph_1,human,209,0.5087718963623047
ph_1,human,210,-0.9823588728904724
ph_1,human,211,-0.37202727794647217
ph_1,human,212,0.2241847813129425
ph_1,human,213,0.36399152874946594
ph_1,human,214,-0.8140918612480164
ph_1,human,216,0.12693044543266296
ph_1,human,219,0.2524462938308716
ph_1,human,221,-1.658535122871399
ph_1,human,222,0.057824864983558655
ph_1,human,224,-1.1151142120361328
ph_1,human,228,-0.1727323979139328
ph_1,human,229,0.7386017441749573
ph_1,human,232,0.48669612407684326
ph_1,human,235,-0.5693334341049194
ph_1,human,236,0.355468213558197
ph_1,human,238,-0.5794693827629089
ph_1,human,239,1.488485336303711
ph_1,human,240,-1.592800498008728
ph_1,human,245,-0.15525397658348083
ph_1,human,248,-0.7655640840530396
ph_1,human,249,-1.13233482837677
ph_1,human,250,-0.7334070205688477
ph_1,human,251,1.3162800073623657
ph_1,human,255,1.5876718759536743
ph_1,human,257,-0.29332950711250305
ph_1,human,260,-1.2319068908691406
ph_1,human,261,0.7819674015045166
ph_1,human,262,-1.241430401802063
ph_1,human,265,-0.816882848739624
ph_1,human,266,0.8230232000350952
ph_1,human,267,-1.6356637477874756
ph_1,human,273,0.29726773500442505
ph_1,human,275,0.6610572338104248
ph_1,human,276,-0.23674625158309937
ph_1,human,278,-1.1794341802597046
ph_1,human,279,-0.39431995153427124
ph_1,human,281,-0.6715487241744995
ph_1,human,282,-0.7478681206703186
ph_1,human,286,1.8026376962661743
ph_1,human,287,0.7449697256088257
ph_1,human,290,1.2639836072921753
ph_1,human,291,-1.1325582265853882
ph_1,human,292,0.39333799481391907
ph_1,human,293,-0.8041126728057861
ph_1,human,295,0.10524144768714905
ph_1,human,297,-0.03045514225959778
ph_1,human,299,-1.3882595300674438
ph_1,human,300,0.4882144331932068
ph_1,human,301,0.7548938989639282
ph_1,human,303,-1.49567449092865
ph_1,human,306,0.4484955072402954
ph_1,human,307,0.20696669816970825
ph_1,human,308,0.7720862030982971
ph_1,human,310,0.48215746879577637
ph_1,human,311,0.23743242025375366
ph_1,human,312,0.2583622336387634
ph_1,human,313,0.28354960680007935
ph_1,human,315,-0.7814911603927612
ph_1,human,317,0.463176965713501
ph_1,human,319,-1.1111905574798584
ph_1,human,320,-0.9745137691497803
ph_1,human,322,-0.4096958041191101
ph_1,human,324,-1.6238914728164673
ph_1,human,327,-1.5385921001434326
ph_1,human,328,0.44736480712890625
ph_1,human,329,0.39266520738601685
ph_1,human,330,-0.5244047045707703
ph_1,human,332,-0.6710817813873291
ph_1,human,333,-0.6715487241744995
ph_1,human,334,-0.1488747000694275
ph_1,human,335,-1.6765497922897339
ph_1,human,337,1.2038542032241821
ph_1,human,339,-0.9417443871498108
ph_1,human,343,0.5804052948951721
ph_1,human,345,0.5699675679206848
ph_1,human,347,0.8776670098304749
ph_1,human,351,-0.7305697798728943
ph_1,human,352,-1.688603162765503
ph_1,human,353,-1.5780471563339233
ph_1,human,355,0.7058200836181641
ph_1,human,356,-0.5963424444198608
ph_1,human,358,0.5944562554359436
ph_1,human,360,-0.6967523694038391
ph_1,human,361,-1.5357091426849365
ph_1,human,362,-1.6288533210754395
ph_1,human,363,0.7397881746292114
ph_1,human,364,0.1267145723104477
ph_1,human,366,0.7597869634628296
ph_1,human,368,0.600010097026825
ph_1,human,369,-1.1664091348648071
ph_1,human,371,0.8676435351371765
ph_1,human,372,-1.5005100965499878
ph_1,human,376,0.726708710193634
ph_1,human,378,0.5180665254592896
ph_1,human,381,-0.9988225102424622
ph_1,human,382,-0.8754596710205078
ph_1,human,383,1.8978817462921143
ph_1,human,389,0.23196852207183838
ph_1,human,391,0.6202833652496338
ph_1,human,394,-1.6232064962387085
ph_1,human,395,-1.3165572881698608
ph_1,human,397,-0.0010681450366973877
ph_1,human,399,-0.25846707820892334
ph_1,human,405,0.8507189750671387
ph_1,human,406,0.482075035572052
ph_1,human,409,-1.3003647327423096
ph_1,human,410,0.46052122116088867
ph_1,human,412,0.4451022148132324
ph_1,human,413,2.0380935668945312
ph_1,human,417,0.11384207010269165
ph_1,human,418,-1.572778344154358
ph_1,human,421,-1.6756212711334229
ph_1,human,423,-0.2217734456062317
ph_1,human,424,-0.5506422519683838
ph_1,human,425,-1.5554835796356201
ph_1,human,426,0.10818508267402649
ph_1,human,427,1.5793958902359009
ph_1,human,429,-1.5999947786331177
ph_1,human,430,2.0869088172912598
ph_1,human,431,0.2129354178905487
ph_1,human,433,-0.1621447503566742
ph_1,human,434,-1.5949985980987549
ph_1,human,437,-0.5574585199356079
ph_1,human,440,-0.4756404757499695
ph_1,human,441,0.43545424938201904
ph_1,human,443,1.7293485403060913
ph_1,human,445,1.8728423118591309
ph_1,human,446,-1.5949985980987549
ph_1,human,448,0.8978775143623352
ph_1,human,449,0.6745940446853638
ph_1,human,450,0.6278457641601562
ph_1,human,451,0.452630877494812
ph_1,human,452,-1.5021874904632568
ph_1,human,454,-1.4678797721862793
ph_1,human,457,0.720329999923706
ph_1,human,458,-0.1968589723110199
ph_1,human,463,1.084060549736023
ph_1,human,465,-0.40395501255989075
ph_1,human,466,0.8081965446472168
ph_1,human,468,0.44736480712890625
ph_1,human,469,1.6728663444519043
ph_1,human,478,-1.4143483638763428
ph_1,human,479,-1.6111342906951904
ph_1,human,480,-0.7089757323265076
ph_1,human,482,0.11250635981559753
ph_1,human,483,2.0565967559814453
ph_1,human,484,-1.0457239151000977
ph_1,human,486,1.5525397062301636
ph_1,human,487,1.2639836072921753
ph_1,human,491,0.6910378932952881
ph_1,human,494,-0.0023824013769626617
ph_1,human,495,-1.253177523612976
ph_1,human,496,-0.7476733922958374
ph_1,human,498,-1.0643669366836548
ph_1,human,500,1.9062705039978027
ph_1,human,501,-0.9249812960624695
ph_1,human,502,-0.926477313041687
ph_1,human,507,1.2533248662948608
ph_1,human,508,-0.0023824013769626617
ph_1,human,514,0.7462800741195679
ph_1,human,515,1.2329968214035034
ph_1,human,517,-1.5681523084640503
ph_1,human,519,0.8243715763092041
ph_1,human,520,0.4223310649394989
ph_1,human,522,-1.5178982019424438
ph_1,human,523,-0.328891783952713
ph_1,human,524,-1.5664740800857544
ph_1,human,526,0.9739605188369751
ph_1,human,527,1.8855007886886597
ph_1,human,528,0.5874538421630859
ph_1,human,529,-1.626728892326355
ph_1,human,530,1.5904589891433716
ph_1,human,531,-1.5709058046340942
ph_1,human,532,0.40843403339385986
ph_1,human,533,0.5793189406394958
ph_1,human,534,-0.15525397658348083
ph_1,human,535,0.9232792854309082
ph_1,human,536,-0.22412407398223877
ph_1,human,537,-0.0023824013769626617
ph_1,human,540,0.6344119310379028
ph_1,human,542,1.6710084676742554
ph_1,human,543,-0.5583683252334595
ph_1,human,544,-1.287197470664978
ph_1,human,545,0.9278492331504822
ph_1,human,546,-1.2619887590408325
ph_1,human,548,-0.8625026941299438
ph_1,human,549,-1.661435842514038
ph_1,human,550,0.8407256603240967
ph_1,human,553,-0.7893475890159607
ph_1,human,555,-0.25140708684921265
ph_1,human,558,1.0238953828811646
ph_1,human,560,0.9746170043945312
ph_1,human,568,0.6343351602554321
ph_1,human,569,-0.20593178272247314
ph_1,human,571,0.14352740347385406
ph_1,human,573,-0.5121684074401855
ph_1,human,576,-0.3731396794319153
ph_1,human,577,-1.626728892326355
ph_1,human,579,0.36269283294677734
ph_1,human,581,0.43545424938201904
ph_1,human,582,0.5374735593795776
ph_1,human,583,0.3635464012622833
ph_1,human,584,-1.6216435432434082
ph_1,human,585,-1.62796950340271
ph_1,human,586,-1.0457239151000977
ph_1,human,588,0.7341623306274414
ph_1,human,589,-0.7601290941238403
ph_1,human,590,-0.754645824432373
ph_1,human,591,-0.017045557498931885
ph_1,human,594,0.43545424938201904
ph_1,human,595,0.3503696322441101
ph_1,human,596,0.6281233429908752
ph_1,human,597,-0.567297637462616
ph_1,human,598,0.8079714179039001
ph_1,human,599,-0.4725267291069031
ph_1,human,600,-1.5948752164840698
ph_1,human,602,-0.25866931676864624
ph_1,human,604,-1.1653647422790527
ph_1,human,605,-0.7050114274024963
ph_1,human,606,-1.1022006273269653
ph_1,human,612,0.1936248391866684
ph_1,human,614,0.8148783445358276
ph_1,human,616,-1.066358208656311
ph_1,human,618,0.6619660258293152
ph_1,human,619,0.023769080638885498
ph_1,human,622,-1.4742910861968994
ph_1,human,627,0.17533810436725616
ph_1,human,629,0.05821159482002258
ph_1,human,630,0.1696021854877472
ph_1,human,632,-1.5935829877853394
ph_1,human,634,0.971307635307312
ph_1,human,635,0.7927571535110474
ph_1,human,636,-0.6725151538848877
ph_1,human,637,-1.6287907361984253
ph_1,human,639,1.8728423118591309
ph_1,human,644,0.36269283294677734
ph_1,human,645,0.8525140881538391
ph_1,human,650,-1.470752239227295
ph_1,human,651,-1.5361902713775635
ph_1,human,653,0.560960054397583
ph_1,human,654,1.7495343685150146
ph_1,human,656,0.5643123388290405
ph_1,human,657,0.05821159482002258
ph_1,human,661,1.5309685468673706
ph_1,human,663,0.7079005837440491
ph_1,human,665,1.250830888748169
ph_1,human,666,-1.572778344154358
ph_1,human,669,1.0550258159637451
ph_1,human,670,0.2784073054790497
ph_1,human,671,-0.6430802345275879
ph_1,human,674,0.573226809501648
ph_1,human,678,-1.1272505521774292
ph_1,human,679,-1.5912426710128784
ph_1,human,680,-1.4912571907043457
ph_1,human,683,1.0778592824935913
ph_1,human,688,0.573226809501648
ph_1,human,690,0.4083534777164459
ph_1,human,693,0.7991635799407959
ph_1,human,695,-1.557802677154541
ph_1,human,696,0.8141962885856628
ph_1,human,697,0.7355439066886902
ph_1,human,698,-0.7730685472488403
ph_1,human,704,1.4533871412277222
ph_1,human,706,-0.4336963891983032
ph_1,human,707,1.8728423118591309
ph_1,human,708,-1.6135437488555908
ph_1,human,709,-0.11565649509429932
ph_1,human,711,0.5842247009277344
ph_1,human,712,0.6065785884857178
ph_1,human,714,0.07380960881710052
ph_1,human,715,0.5712580680847168
ph_1,human,716,-0.4802297055721283
ph_1,human,717,0.5533677935600281
ph_1,human,718,0.4633631706237793
ph_1,human,722,-0.2992602586746216
ph_1,human,723,1.9062705039978027
ph_1,human,729,1.2533248662948608
ph_1,human,732,0.11250635981559753
ph_1,human,735,-1.3299806118011475
ph_1,human,738,-0.935398280620575
ph_1,human,741,-0.6837129592895508
ph_1,human,742,2.170194625854492
ph_1,human,746,-1.1481800079345703
ph_1,human,750,1.8580149412155151
ph_1,human,754,0.34224265813827515
ph_1,human,757,0.5183677673339844
ph_1,human,758,-0.4405219256877899
ph_1,human,762,0.6277858018875122
ph_1,human,765,-0.9404873847961426
ph_1,human,768,-1.2613204717636108
ph_1,human,774,0.36449700593948364
ph_1,human,775,-1.5554835796356201
ph_1,human,778,0.6541798710823059
ph_1,human,779,-0.11335895955562592
ph_1,human,782,0.6821461915969849
ph_1,human,784,0.3489220142364502
ph_1,human,788,0.23895502090454102
ph_1,human,790,-0.3309386670589447
ph_1,human,793,-0.4765686094760895
ph_1,human,797,-0.0837678611278534
ph_1,human,798,0.3242819011211395
ph_1,human,799,0.14352740347385406
ph_1,human,800,-0.097829669713974
ph_1,human,801,-0.9337453842163086
ph_1,human,803,-0.017045557498931885
ph_1,human,811,-0.41222354769706726
ph_1,human,812,-1.2616126537322998
ph_1,human,814,-0.9425652027130127
ph_1,human,817,0.4558805227279663
ph_1,human,818,-1.1681833267211914
ph_1,human,821,1.5915710926055908
ph_1,human,823,-1.6354068517684937
ph_1,human,824,-0.8108154535293579
ph_1,human,825,-0.3791237771511078
ph_1,human,827,-1.4292653799057007
ph_1,human,828,1.0507463216781616
ph_1,human,830,0.5163678526878357
ph_1,human,833,1.9887415170669556
ph_1,human,837,-1.4623690843582153
ph_1,human,838,0.11250635981559753
ph_1,human,846,0.5087718963623047
ph_1,human,850,-0.4030613303184509
ph_1,human,853,0.6666584014892578
ph_1,human,860,-0.9872127175331116
ph_1,human,866,1.1449936628341675
ph_1,human,867,-0.28046268224716187
ph_1,human,868,-1.4578276872634888
ph_1,human,869,-1.5733240842819214
ph_1,human,871,0.395420640707016
ph_1,human,873,-0.09163253009319305
ph_1,human,874,-0.8678469657897949
ph_1,human,877,-0.32199427485466003
ph_1,human,880,-0.6465905904769897
ph_1,human,882,1.0199795961380005
ph_1,human,883,-0.803449273109436
ph_1,human,884,-1.3692206144332886
ph_1,human,885,0.3242819011211395
ph_1,human,886,-0.34124937653541565
ph_1,human,893,0.43913206458091736
ph_1,human,894,0.2241847813129425
ph_1,human,895,-1.4529774188995361
ph_1,human,896,-1.5554835796356201
ph_1,human,897,-0.897436797618866
ph_1,human,900,1.6343060731887817
ph_1,human,901,0.5461018085479736
ph_1,human,902,1.5510977506637573
ph_1,human,903,0.6530645489692688
ph_1,human,904,-1.3193796873092651
ph_1,human,905,-1.6088682413101196
ph_1,human,908,-0.9182161092758179
ph_1,human,911,-0.8488857746124268
ph_1,human,915,0.09088698029518127
ph_1,human,917,-1.66512930393219
ph_1,human,918,-0.48076125979423523
ph_1,human,919,0.6256862878799438
ph_1,human,921,-1.3168306350708008
ph_1,human,922,1.7003823518753052
ph_1,human,923,0.5762252807617188
ph_1,human,924,-0.8678469657897949
ph_1,human,925,-1.5370941162109375
ph_1,human,926,-0.27939480543136597
ph_1,human,927,1.3418859243392944
ph_1,human,931,0.6344119310379028
ph_1,human,934,2.0935745239257812
ph_1,human,935,-1.6180299520492554
ph_1,human,936,-1.0552479028701782
ph_1,human,937,1.7003823518753052
ph_1,human,939,-0.8937177062034607
ph_1,human,940,0.47052550315856934
ph_1,human,942,0.3905366361141205
ph_1,human,943,-1.5709058046340942
ph_1,human,947,-0.8496302366256714
ph_1,human,948,-0.7962365746498108
ph_1,human,949,-1.1746771335601807
ph_1,human,950,0.5098085403442383
ph_1,human,951,0.8403021097183228
ph_1,human,960,-0.893561065196991
ph_1,human,962,-0.34664463996887207
ph_1,human,964,-0.9942591786384583
ph_1,human,971,-0.5791024565696716
ph_1,human,974,0.0028193816542625427
ph_1,human,975,0.9599059820175171
ph_1,human,976,1.247925877571106
ph_1,human,978,0.22400841116905212
ph_1,human,979,-0.8354541063308716
ph_1,human,986,-0.8838545680046082
ph_1,human,987,-1.6288533210754395
ph_1,human,989,0.8081965446472168
ph_1,human,990,0.8571600317955017
ph_1,human,991,-1.705592393875122
ph_1,human,992,1.0161656141281128
ph_1,human,995,-0.1968589723110199
ph_1,human,996,-0.4257933497428894
ph_1,human,998,-1.5733240842819214
ph_1,human,999,1.13408362865448
ph_2,human,1,0.5266140103340149
ph_2,human,3,-0.11999961733818054
ph_2,human,4,-0.010719597339630127
ph_2,human,6,1.162777304649353
ph_2,human,7,-0.9069867134094238
ph_2,human,8,-1.2123501300811768
ph_2,human,10,0.4802119731903076
ph_2,human,11,-0.8390867710113525
ph_2,human,12,1.214956283569336
ph_2,human,13,-1.3604885339736938
ph_2,human,19,0.4995536804199219
ph_2,human,24,-1.5814119577407837
ph_2,human,25,1.038799524307251
ph_2,human,26,-1.2378946542739868
ph_2,human,29,1.2525922060012817
ph_2,human,30,-1.692686915397644
ph_2,human,31,-0.6369421482086182
ph_2,human,32,-0.2725142538547516
ph_2,human,34,1.5930697917938232
ph_2,human,40,-1.3951494693756104
ph_2,human,42,0.052936673164367676
ph_2,human,43,-1.3408185243606567
ph_2,human,44,-2.0040998458862305
ph_2,human,45,1.866970181465149
ph_2,human,50,-0.3000801205635071
ph_2,human,52,0.015294402837753296
ph_2,human,55,0.14974232017993927
ph_2,human,56,0.44282376766204834
ph_2,human,57,-1.212012529373169
ph_2,human,60,-1.3673914670944214
ph_2,human,61,-0.9405921101570129
ph_2,human,62,-1.3113809823989868
ph_2,human,64,-0.45319610834121704
ph_2,human,66,-0.10855485498905182
ph_2,human,67,1.9832335710525513
ph_2,human,68,0.09738880395889282
ph_2,human,70,0.3547174036502838
ph_2,human,71,0.888576090335846
ph_2,human,73,0.9941521883010864
ph_2,human,74,-1.4796900749206543
ph_2,human,75,1.9706958532333374
ph_2,human,77,-1.531819224357605
ph_2,human,78,-1.6792253255844116
ph_2,human,79,0.8313062191009521
ph_2,human,80,2.1037421226501465
ph_2,human,82,0.10606949031352997
ph_2,human,83,-0.169516921043396
ph_2,human,84,1.3576101064682007
ph_2,human,85,-1.7236536741256714
ph_2,human,87,-1.184187889099121
ph_2,human,89,0.9327272176742554
ph_2,human,90,0.4482586085796356
ph_2,human,91,-1.5233280658721924
ph_2,human,93,1.6798241138458252
ph_2,human,95,-1.6503095626831055
ph_2,human,97,0.9039658308029175
ph_2,human,98,-1.3331738710403442
ph_2,human,101,-0.3916299045085907
ph_2,human,102,0.8541248440742493
ph_2,human,105,-1.2730571031570435
ph_2,human,108,-1.3402512073516846
ph_2,human,109,0.8007617592811584
ph_2,human,110,0.9454283714294434
ph_2,human,111,-1.3754082918167114
ph_2,human,114,-0.5018603801727295
ph_2,human,115,1.4190188646316528
ph_2,human,119,0.08105778694152832
ph_2,human,121,0.14234746992588043
ph_2,human,126,-0.20309118926525116
ph_2,human,132,-1.3603423833847046
ph_2,human,133,1.523217797279358
ph_2,human,134,-1.2718931436538696
ph_2,human,136,-1.131543517112732
ph_2,human,137,1.7090568542480469
ph_2,human,138,1.7291103601455688
ph_2,human,140,-1.5566574335098267
ph_2,human,141,-1.3830739259719849
ph_2,human,142,0.0005315244197845459
ph_2,human,145,0.7920821905136108
ph_2,human,146,0.40450334548950195
ph_2,human,149,-0.1774928867816925
ph_2,human,156,-1.4942954778671265
ph_2,human,159,1.6820483207702637
ph_2,human,164,-1.6308939456939697
ph_2,human,165,-0.02566860243678093
ph_2,human,166,-1.934218168258667
ph_2,human,168,-0.7206111550331116
ph_2,human,169,-1.6750482320785522
ph_2,human,170,1.3397427797317505
ph_2,human,173,-1.6761360168457031
ph_2,human,174,0.731692373752594
ph_2,human,175,1.1832399368286133
ph_2,human,177,0.7925140857696533
ph_2,human,179,0.7016940712928772
ph_2,human,182,-1.6575075387954712
ph_2,human,183,1.502274990081787
ph_2,human,185,0.5776339769363403
ph_2,human,186,-1.2180124521255493
ph_2,human,193,-1.2397961616516113
ph_2,human,194,-0.42786920070648193
ph_2,human,197,1.6072752475738525
ph_2,human,199,0.8047339916229248
ph_2,human,200,-1.5711005926132202
ph_2,human,205,1.9095364809036255
ph_2,human,209,0.5774387717247009
ph_2,human,210,-0.8770681023597717
ph_2,human,211,0.4036223292350769
ph_2,human,212,0.08105778694152832
ph_2,human,213,0.19206781685352325
ph_2,human,214,-1.8859225511550903
ph_2,human,216,-0.22205296158790588
ph_2,human,219,-0.6873326301574707
ph_2,human,221,-0.9109742045402527
ph_2,human,222,-1.3754082918167114
ph_2,human,224,-1.6034973859786987
ph_2,human,228,-0.6360174417495728
ph_2,human,229,-0.6347864866256714
ph_2,human,232,0.8053454160690308
ph_2,human,235,-0.4227621555328369
ph_2,human,236,0.24424690008163452
ph_2,human,238,-1.537434697151184
ph_2,human,239,1.2525922060012817
ph_2,human,240,-1.068449854850769
ph_2,human,245,-1.5566574335098267
ph_2,human,248,-1.793607234954834
ph_2,human,249,-0.2326941043138504
ph_2,human,250,-1.4168848991394043
ph_2,human,251,0.7166218757629395
ph_2,human,255,1.3100876808166504
ph_2,human,257,0.13145306706428528
ph_2,human,260,-1.2994226217269897
ph_2,human,261,-0.5431128144264221
ph_2,human,262,-1.6231733560562134
ph_2,human,265,-1.6750482320785522
ph_2,human,266,-0.4545764923095703
ph_2,human,267,-0.9070826172828674
ph_2,human,273,0.12525375187397003
ph_2,human,275,-0.910395085811615
ph_2,human,276,0.42975160479545593
ph_2,human,278,-1.9427858591079712
ph_2,human,279,-0.41483938694000244
ph_2,human,281,-1.3603423833847046
ph_2,human,282,-0.7877582907676697
ph_2,human,286,-0.921311616897583
ph_2,human,287,1.0820192098617554
ph_2,human,290,1.6744918823242188
ph_2,human,291,-1.4294363260269165
ph_2,human,292,-0.9463689923286438
ph_2,human,293,-1.4272938966751099
ph_2,human,295,0.821901798248291
ph_2,human,297,0.44092902541160583
ph_2,human,299,-1.2892835140228271
ph_2,human,300,0.38998571038246155
ph_2,human,301,-0.5778769254684448
ph_2,human,303,-1.2123501300811768
ph_2,human,306,0.784773588180542
ph_2,human,307,0.18948456645011902
ph_2,human,308,0.6614995002746582
ph_2,human,310,-1.096373200416565
ph_2,human,311,-0.8732724189758301
ph_2,human,312,0.0887807235121727
ph_2,human,313,0.05794450640678406
ph_2,human,315,-0.08983837068080902
ph_2,human,317,0.42840638756752014
ph_2,human,319,-1.194470763206482
ph_2,human,320,-1.6761360168457031
ph_2,human,322,0.24986010789871216
ph_2,human,324,-0.6959389448165894
ph_2,human,327,-1.17073655128479
ph_2,human,328,0.28892385959625244
ph_2,human,329,0.5209084749221802
ph_2,human,330,0.3172089755535126
ph_2,human,332,-1.700760006904602
ph_2,human,333,-1.3603423833847046
ph_2,human,334,-1.5278788805007935
ph_2,human,335,-1.2568730115890503
ph_2,human,337,1.1293829679489136
ph_2,human,339,-1.297631859779358
ph_2,human,343,0.7920821905136108
ph_2,human,345,-0.8641752600669861
ph_2,human,347,-0.3916299045085907
ph_2,human,351,-1.4788957834243774
ph_2,human,352,-0.901807427406311
ph_2,human,353,-0.9232238531112671
ph_2,human,355,0.4386662542819977
ph_2,human,356,-1.632045865058899
ph_2,human,358,1.0788480043411255
ph_2,human,360,-1.7236536741256714
ph_2,human,361,-0.9743704795837402
ph_2,human,362,-0.9072791337966919
ph_2,human,363,1.2155307531356812
ph_2,human,364,-0.6833340525627136
ph_2,human,366,1.0667849779129028
ph_2,human,368,0.9634756445884705
ph_2,human,369,-1.997042179107666
ph_2,human,371,0.3116844892501831
ph_2,human,372,-0.9566370248794556
ph_2,human,376,-0.6135939955711365
ph_2,human,378,0.7400022745132446
ph_2,human,381,-1.610054850578308
ph_2,human,382,-1.286454677581787
ph_2,human,383,1.7479779720306396
ph_2,human,389,0.04562292993068695
ph_2,human,391,0.20145165920257568
ph_2,human,394,-1.1122000217437744
ph_2,human,395,-0.6380226612091064
ph_2,human,397,-1.4226902723312378
ph_2,human,399,-0.46843692660331726
ph_2,human,405,0.4206554889678955
ph_2,human,406,0.4533206522464752
ph_2,human,409,-1.325109839439392
ph_2,human,410,0.488289475440979
ph_2,human,412,-0.016989395022392273
ph_2,human,413,1.9341399669647217
ph_2,human,417,-0.09548309445381165
ph_2,human,418,-1.5233280658721924
ph_2,human,421,-1.066235899925232
ph_2,human,423,0.9167667031288147
ph_2,human,424,0.8408704996109009
ph_2,human,425,-1.2492595911026
ph_2,human,426,0.06885795295238495
ph_2,human,427,2.041837692260742
ph_2,human,429,-0.6549065709114075
ph_2,human,430,1.9501513242721558
ph_2,human,431,-1.305458903312683
ph_2,human,433,-0.1376020908355713
ph_2,human,434,-0.9345777034759521
ph_2,human,437,-0.13193568587303162
ph_2,human,440,-1.623069405555725
ph_2,human,441,0.5776483416557312
ph_2,human,443,1.8103773593902588
ph_2,human,445,1.889827847480774
ph_2,human,446,-0.9345777034759521
ph_2,human,448,1.9266880750656128
ph_2,human,449,-0.7749537825584412
ph_2,human,450,-0.8776100277900696
ph_2,human,451,1.1725115776062012
ph_2,human,452,-1.1699930429458618
ph_2,human,454,-1.2322653532028198
ph_2,human,457,1.1587574481964111
ph_2,human,458,-1.5980068445205688
ph_2,human,463,1.2732570171356201
ph_2,human,465,-1.6465181112289429
ph_2,human,466,1.3157662153244019
ph_2,human,468,0.28892385959625244
ph_2,human,469,0.8383491039276123
ph_2,human,478,-1.081084966659546
ph_2,human,479,-1.0585857629776
ph_2,human,480,0.018694013357162476
ph_2,human,482,-1.3843144178390503
ph_2,human,483,1.9403854608535767
ph_2,human,484,-1.3830739259719849
ph_2,human,486,1.637252688407898
ph_2,human,487,1.6744918823242188
ph_2,human,491,1.108019471168518
ph_2,human,494,-1.4565566778182983
ph_2,human,495,-0.9048004150390625
ph_2,human,496,-0.8198866248130798
ph_2,human,498,-1.6382287740707397
ph_2,human,500,1.9007242918014526
ph_2,human,501,-0.8832546472549438
ph_2,human,502,-1.4707101583480835
ph_2,human,507,1.4346734285354614
ph_2,human,508,-1.4565566778182983
ph_2,human,514,-0.562541127204895
ph_2,human,515,1.4449853897094727
ph_2,human,517,-0.49880754947662354
ph_2,human,519,0.2770737409591675
ph_2,human,520,0.13734346628189087
ph_2,human,522,-1.244085431098938
ph_2,human,523,-1.6986161470413208
ph_2,human,524,-1.260543704032898
ph_2,human,526,-0.2838504910469055
ph_2,human,527,2.038555145263672
ph_2,human,528,0.8836926221847534
ph_2,human,529,-1.474401831626892
ph_2,human,530,1.795710802078247
ph_2,human,531,-0.9443029165267944
ph_2,human,532,-1.1385890245437622
ph_2,human,533,0.8601742386817932
ph_2,human,534,-1.5566574335098267
ph_2,human,535,0.3116685152053833
ph_2,human,536,-0.541747510433197
ph_2,human,537,-1.4565566778182983
ph_2,human,540,-0.7245723009109497
ph_2,human,542,1.8363367319107056
ph_2,human,543,0.23089343309402466
ph_2,human,544,-0.6959362030029297
ph_2,human,545,-0.32212743163108826
ph_2,human,546,-1.4704145193099976
ph_2,human,548,1.3771793842315674
ph_2,human,549,-1.3285936117172241
ph_2,human,550,0.6620994806289673
ph_2,human,553,-1.1835459470748901
ph_2,human,555,0.453274130821228
ph_2,human,558,1.538475751876831
ph_2,human,560,2.022554874420166
ph_2,human,568,-0.9203712344169617
ph_2,human,569,-1.1680200099945068
ph_2,human,571,-1.7672287225723267
ph_2,human,573,-0.6090205311775208
ph_2,human,576,-1.2653855085372925
ph_2,human,577,-1.474401831626892
ph_2,human,579,-1.1789226531982422
ph_2,human,581,0.5776483416557312
ph_2,human,582,-0.858610987663269
ph_2,human,583,0.3517056703567505
ph_2,human,584,-1.0814646482467651
ph_2,human,585,-0.3430250883102417
ph_2,human,586,-1.3830739259719849
ph_2,human,588,1.9048787355422974
ph_2,human,589,-1.2680870294570923
ph_2,human,590,-0.6631391644477844
ph_2,human,591,-1.531819224357605
ph_2,human,594,0.5776483416557312
ph_2,human,595,0.22568702697753906
ph_2,human,596,-0.7768080234527588
ph_2,human,597,-0.004002958536148071
ph_2,human,598,-0.5094571113586426
ph_2,human,599,-1.6424492597579956
ph_2,human,600,-0.35697710514068604
ph_2,human,602,-1.647711992263794
ph_2,human,604,-0.8908379673957825
ph_2,human,605,-0.6682884693145752
ph_2,human,606,-0.0866495668888092
ph_2,human,612,-1.3456405401229858
ph_2,human,614,-0.47940173745155334
ph_2,human,616,-1.1286201477050781
ph_2,human,618,0.36407986283302307
ph_2,human,619,0.7156917452812195
ph_2,human,622,-0.9703719019889832
ph_2,human,627,0.3707127571105957
ph_2,human,629,-0.7645974159240723
ph_2,human,630,-0.0334630087018013
ph_2,human,632,-1.138013243675232
ph_2,human,634,1.5013383626937866
ph_2,human,635,-0.5064197778701782
ph_2,human,636,-0.6522948145866394
ph_2,human,637,-0.9100115299224854
ph_2,human,639,1.889827847480774
ph_2,human,644,-1.1789226531982422
ph_2,human,645,1.2216525077819824
ph_2,human,650,-1.2056305408477783
ph_2,human,651,-0.6972737908363342
ph_2,human,653,-1.0053339004516602
ph_2,human,654,1.8494367599487305
ph_2,human,656,0.7810224890708923
ph_2,human,657,-0.7645974159240723
ph_2,human,661,1.038799524307251
ph_2,human,663,1.1660727262496948
ph_2,human,665,1.6798241138458252
ph_2,human,666,-1.5233280658721924
ph_2,human,669,-0.20208075642585754
ph_2,human,670,0.24325299263000488
ph_2,human,671,-0.8151793479919434
ph_2,human,674,-0.9041800498962402
ph_2,human,678,-1.2402642965316772
ph_2,human,679,-0.9165934324264526
ph_2,human,680,-1.162961483001709
ph_2,human,683,1.5774084329605103
ph_2,human,688,-0.9041800498962402
ph_2,human,690,0.5571293234825134
ph_2,human,693,1.2631360292434692
ph_2,human,695,-0.9577580094337463
ph_2,human,696,0.27159440517425537
ph_2,human,697,-0.022759318351745605
ph_2,human,698,-1.5746954679489136
ph_2,human,704,1.637803316116333
ph_2,human,706,0.23417943716049194
ph_2,human,707,1.889827847480774
ph_2,human,708,-0.9068688154220581
ph_2,human,709,-1.1017037630081177
ph_2,human,711,0.7215006351470947
ph_2,human,712,0.9227650761604309
ph_2,human,714,0.655049204826355
ph_2,human,715,0.9823139905929565
ph_2,human,716,-1.276535987854004
ph_2,human,717,0.8547660708427429
ph_2,human,718,1.911596417427063
ph_2,human,722,-1.237762212753296
ph_2,human,723,1.9007242918014526
ph_2,human,729,1.4346734285354614
ph_2,human,732,-1.3843144178390503
ph_2,human,735,-1.5428675413131714
ph_2,human,738,-0.8458406925201416
ph_2,human,741,-1.510995626449585
ph_2,human,742,1.9883326292037964
ph_2,human,746,-1.6996811628341675
ph_2,human,750,1.9388985633850098
ph_2,human,754,0.1295652985572815
ph_2,human,757,0.5092154145240784
ph_2,human,758,-0.6771039366722107
ph_2,human,762,0.9479764699935913
ph_2,human,765,-1.2384577989578247
ph_2,human,768,-1.240979790687561
ph_2,human,774,0.14845813810825348
ph_2,human,775,-1.2492595911026
ph_2,human,778,0.93114173412323
ph_2,human,779,-1.1963849067687988
ph_2,human,782,2.018461227416992
ph_2,human,784,0.32946109771728516
ph_2,human,788,-0.21072785556316376
ph_2,human,790,-1.2616468667984009
ph_2,human,793,-0.6952263116836548
ph_2,human,797,0.9347141981124878
ph_2,human,798,0.3163910508155823
ph_2,human,799,-1.7672287225723267
ph_2,human,800,-1.1621025800704956
ph_2,human,801,-0.28115028142929077
ph_2,human,803,-1.531819224357605
ph_2,human,811,-1.6677703857421875
ph_2,human,812,-1.9927738904953003
ph_2,human,814,-1.5981348752975464
ph_2,human,817,0.7755899429321289
ph_2,human,818,-1.0761936902999878
ph_2,human,821,1.0731176137924194
ph_2,human,823,-0.9106840491294861
ph_2,human,824,-1.967652440071106
ph_2,human,825,-1.7106345891952515
ph_2,human,827,-0.9008069634437561
ph_2,human,828,1.4529188871383667
ph_2,human,830,-0.9696352481842041
ph_2,human,833,1.67864990234375
ph_2,human,837,-1.1952829360961914
ph_2,human,838,-1.3843144178390503
ph_2,human,846,0.5774387717247009
ph_2,human,850,-1.6179523468017578
ph_2,human,853,-0.6871410012245178
ph_2,human,860,-0.6505759954452515
ph_2,human,866,1.3711841106414795
ph_2,human,867,1.3264952898025513
ph_2,human,868,-0.9945695400238037
ph_2,human,869,-0.9382857084274292
ph_2,human,871,-1.186151146888733
ph_2,human,873,-1.4999687671661377
ph_2,human,874,-1.5397933721542358
ph_2,human,877,-1.6132410764694214
ph_2,human,880,0.05661273002624512
ph_2,human,882,1.543061375617981
ph_2,human,883,-1.4559671878814697
ph_2,human,884,-1.2203599214553833
ph_2,human,885,0.3163910508155823
ph_2,human,886,-0.15260164439678192
ph_2,human,893,-0.06114530190825462
ph_2,human,894,0.08105778694152832
ph_2,human,895,-0.7476296424865723
ph_2,human,896,-1.2492595911026
ph_2,human,897,-1.67862868309021
ph_2,human,900,1.5821679830551147
ph_2,human,901,0.6445204019546509
ph_2,human,902,-0.9765828847885132
ph_2,human,903,0.9958056211471558
ph_2,human,904,-1.552420735359192
ph_2,human,905,-1.5000683069229126
ph_2,human,908,-0.5390838384628296
ph_2,human,911,1.3984991312026978
ph_2,human,915,-0.9781737327575684
ph_2,human,917,-0.0032835006713867188
ph_2,human,918,-1.2873306274414062
ph_2,human,919,-0.8390867710113525
ph_2,human,921,-1.1329299211502075
ph_2,human,922,1.8331354856491089
ph_2,human,923,0.8041872978210449
ph_2,human,924,-1.5397933721542358
ph_2,human,925,-1.1536675691604614
ph_2,human,926,-1.3782483339309692
ph_2,human,927,1.4692761898040771
ph_2,human,931,-0.7245723009109497
ph_2,human,934,2.0180740356445312
ph_2,human,935,-0.03977955877780914
ph_2,human,936,-0.9061490297317505
ph_2,human,937,1.8331354856491089
ph_2,human,939,-1.5036909580230713
ph_2,human,940,-0.9379451870918274
ph_2,human,942,0.2055114209651947
ph_2,human,943,-0.9443029165267944
ph_2,human,947,-1.7262582778930664
ph_2,human,948,0.5709335803985596
ph_2,human,949,0.8196181654930115
ph_2,human,950,0.6767333745956421
ph_2,human,951,1.3646389245986938
ph_2,human,960,-1.424367904663086
ph_2,human,962,0.05873030424118042
ph_2,human,964,-0.5980203151702881
ph_2,human,971,-1.5666009187698364
ph_2,human,974,0.3547174036502838
ph_2,human,975,1.199387550354004
ph_2,human,976,0.6300432682037354
ph_2,human,978,-1.2331539392471313
ph_2,human,979,-1.558822512626648
ph_2,human,986,-1.4959551095962524
ph_2,human,987,-0.9072791337966919
ph_2,human,989,1.3157662153244019
ph_2,human,990,1.0020850896835327
ph_2,human,991,-1.4146054983139038
ph_2,human,992,-0.23916129767894745
ph_2,human,995,-1.5980068445205688
ph_2,human,996,-1.4603544473648071
ph_2,human,998,-0.9382857084274292
ph_2,human,999,1.6139997243881226
ph_3,human,1,0.13505087792873383
ph_3,human,3,0.6824235320091248
ph_3,human,4,0.17694588005542755
ph_3,human,6,0.8368201851844788
ph_3,human,7,-1.2705596685409546
ph_3,human,8,-0.47902727127075195
ph_3,human,10,0.21080558001995087
ph_3,human,11,-0.9056954979896545
ph_3,human,12,1.1541543006896973
ph_3,human,13,-0.5192026495933533
ph_3,human,19,0.8234987258911133
ph_3,human,24,-0.9816343188285828
ph_3,human,25,1.606501579284668
ph_3,human,26,-0.4976560175418854
ph_3,human,29,1.2976622581481934
ph_3,human,30,-0.2575133740901947
ph_3,human,31,0.6744318604469299
ph_3,human,32,0.28611475229263306
ph_3,human,34,0.8695741295814514
ph_3,human,40,-0.294676274061203
ph_3,human,42,0.7608739733695984
ph_3,human,43,-0.5399278402328491
ph_3,human,44,-1.0534765720367432
ph_3,human,45,1.5812344551086426
ph_3,human,50,-0.9356130957603455
ph_3,human,52,0.009810710325837135
ph_3,human,55,0.5098012089729309
ph_3,human,56,1.1800017356872559
ph_3,human,57,-0.7832379937171936
ph_3,human,60,-1.2643636465072632
ph_3,human,61,-0.2693215608596802
ph_3,human,62,-0.38974279165267944
ph_3,human,64,-0.9583914279937744
ph_3,human,66,0.5672401189804077
ph_3,human,67,0.7968388795852661
ph_3,human,68,0.21098707616329193
ph_3,human,70,0.006819935515522957
ph_3,human,71,1.4975334405899048
ph_3,human,73,0.8386582732200623
ph_3,human,74,-1.3302710056304932
ph_3,human,75,1.1101754903793335
ph_3,human,77,-0.5730417966842651
ph_3,human,78,-1.2957205772399902
ph_3,human,79,0.10457844287157059
ph_3,human,80,0.9124518036842346
ph_3,human,82,0.7140116095542908
ph_3,human,83,0.4830847978591919
ph_3,human,84,0.864901065826416
ph_3,human,85,-1.5231760740280151
ph_3,human,87,-0.6652635931968689
ph_3,human,89,0.31280195713043213
ph_3,human,90,0.8610482215881348
ph_3,human,91,-0.7850987315177917
ph_3,human,93,0.5778691172599792
ph_3,human,95,-1.2921342849731445
ph_3,human,97,-0.26487448811531067
ph_3,human,98,-0.4743751287460327
ph_3,human,101,-0.9599268436431885
ph_3,human,102,-0.03606545180082321
ph_3,human,105,-0.8520405888557434
ph_3,human,108,-0.5471938848495483
ph_3,human,109,0.845937967300415
ph_3,human,110,0.8694003820419312
ph_3,human,111,-0.6834153532981873
ph_3,human,114,-0.44825267791748047
ph_3,human,115,0.14962457120418549
ph_3,human,119,0.21843406558036804
ph_3,human,121,0.7785660028457642
ph_3,human,126,-0.1829223334789276
ph_3,human,132,-0.43841099739074707
ph_3,human,133,1.628144383430481
ph_3,human,134,-0.4216737747192383
ph_3,human,136,-1.1439851522445679
ph_3,human,137,0.6234952807426453
ph_3,human,138,0.4938969016075134
ph_3,human,140,-0.5820831656455994
ph_3,human,141,-0.8672319650650024
ph_3,human,142,0.1724175661802292
ph_3,human,145,0.20008383691310883
ph_3,human,146,0.17778609693050385
ph_3,human,149,0.5672661066055298
ph_3,human,156,-0.832879364490509
ph_3,human,159,1.5056421756744385
ph_3,human,164,-0.4607517123222351
ph_3,human,165,0.5617747902870178
ph_3,human,166,-1.0993319749832153
ph_3,human,168,-0.64920574426651
ph_3,human,169,-1.2132940292358398
ph_3,human,170,1.2399814128875732
ph_3,human,173,-1.1213736534118652
ph_3,human,174,1.3633687496185303
ph_3,human,175,0.34379661083221436
ph_3,human,177,1.0221362113952637
ph_3,human,179,1.541918158531189
ph_3,human,182,-0.4554164409637451
ph_3,human,183,0.6425337195396423
ph_3,human,185,1.4885551929473877
ph_3,human,186,-0.47647470235824585
ph_3,human,193,-0.5084959864616394
ph_3,human,194,-0.9575065970420837
ph_3,human,197,0.9383435249328613
ph_3,human,199,0.8079020380973816
ph_3,human,200,-0.5651134252548218
ph_3,human,205,1.1319025754928589
ph_3,human,209,0.20723609626293182
ph_3,human,210,-1.3103090524673462
ph_3,human,211,0.9740294814109802
ph_3,human,212,0.21843406558036804
ph_3,human,213,0.23253275454044342
ph_3,human,214,-0.5451114177703857
ph_3,human,216,1.6125612258911133
ph_3,human,219,-0.35599440336227417
ph_3,human,221,-1.3156476020812988
ph_3,human,222,-0.6834153532981873
ph_3,human,224,-0.4440973699092865
ph_3,human,228,0.3311811089515686
ph_3,human,229,-0.9401295781135559
ph_3,human,232,0.12539415061473846
ph_3,human,235,-0.13133512437343597
ph_3,human,236,0.8204914927482605
ph_3,human,238,-0.24943594634532928
ph_3,human,239,1.2976622581481934
ph_3,human,240,-0.6031427383422852
ph_3,human,245,-0.5820831656455994
ph_3,human,248,-1.5219638347625732
ph_3,human,249,0.80461186170578
ph_3,human,250,-0.28963595628738403
ph_3,human,251,0.8818766474723816
ph_3,human,255,1.3011549711227417
ph_3,human,257,-0.31771349906921387
ph_3,human,260,-0.661389172077179
ph_3,human,261,-0.9508458971977234
ph_3,human,262,-0.9883252382278442
ph_3,human,265,-1.2132940292358398
ph_3,human,266,-0.9614169001579285
ph_3,human,267,-1.2713385820388794
ph_3,human,273,0.5184842348098755
ph_3,human,275,-0.7379334568977356
ph_3,human,276,0.8604210615158081
ph_3,human,278,-1.1537007093429565
ph_3,human,279,0.13837787508964539
ph_3,human,281,-0.43841099739074707
ph_3,human,282,-0.12436879426240921
ph_3,human,286,-1.1473495960235596
ph_3,human,287,1.2751377820968628
ph_3,human,290,0.5708042979240417
ph_3,human,291,-0.5863860249519348
ph_3,human,292,-0.3350117802619934
ph_3,human,293,-1.2497148513793945
ph_3,human,295,1.160420536994934
ph_3,human,297,0.188954159617424
ph_3,human,299,-0.5537316799163818
ph_3,human,300,0.21499113738536835
ph_3,human,301,-0.9461727738380432
ph_3,human,303,-0.47902727127075195
ph_3,human,306,0.16612036526203156
ph_3,human,307,0.27275508642196655
ph_3,human,308,-0.08795005828142166
ph_3,human,310,-0.8514396548271179
ph_3,human,311,-0.25094375014305115
ph_3,human,312,0.21460305154323578
ph_3,human,313,0.7301725745201111
ph_3,human,315,0.24675960838794708
ph_3,human,317,0.22223804891109467
ph_3,human,319,-0.8544540405273438
ph_3,human,320,-1.1213736534118652
ph_3,human,322,0.6433731913566589
ph_3,human,324,-1.1808521747589111
ph_3,human,327,-0.6691395044326782
ph_3,human,328,0.22265426814556122
ph_3,human,329,0.15479819476604462
ph_3,human,330,-0.5344293713569641
ph_3,human,332,-1.5226900577545166
ph_3,human,333,-0.43841099739074707
ph_3,human,334,-1.42144775390625
ph_3,human,335,-1.0524004697799683
ph_3,human,337,0.5590835213661194
ph_3,human,339,-0.2963111996650696
ph_3,human,343,0.20008383691310883
ph_3,human,345,-0.7474245429039001
ph_3,human,347,-0.9599268436431885
ph_3,human,351,-0.2915119528770447
ph_3,human,352,-1.2326977252960205
ph_3,human,353,-1.2116574048995972
ph_3,human,355,0.2969793677330017
ph_3,human,356,-1.4946321249008179
ph_3,human,358,0.8218197226524353
ph_3,human,360,-1.5231760740280151
ph_3,human,361,-1.1584166288375854
ph_3,human,362,-1.2613273859024048
ph_3,human,363,0.26189106702804565
ph_3,human,364,-0.19723746180534363
ph_3,human,366,0.2017839550971985
ph_3,human,368,0.8331364989280701
ph_3,human,369,-0.8804855346679688
ph_3,human,371,1.6686055660247803
ph_3,human,372,-1.2159407138824463
ph_3,human,376,-0.9391389489173889
ph_3,human,378,0.8663243651390076
ph_3,human,381,-0.8251753449440002
ph_3,human,382,-0.724035918712616
ph_3,human,383,0.6576255559921265
ph_3,human,389,0.7196106910705566
ph_3,human,391,-0.5859469175338745
ph_3,human,394,-1.1457585096359253
ph_3,human,395,-0.029811909422278404
ph_3,human,397,-0.6661125421524048
ph_3,human,399,-0.03477826714515686
ph_3,human,405,0.6444589495658875
ph_3,human,406,0.2160249501466751
ph_3,human,409,-0.5414028763771057
ph_3,human,410,0.5218333005905151
ph_3,human,412,-0.4468366205692291
ph_3,human,413,1.2475478649139404
ph_3,human,417,0.47287648916244507
ph_3,human,418,-0.7850987315177917
ph_3,human,421,-1.5099276304244995
ph_3,human,423,0.477340430021286
ph_3,human,424,0.4948408305644989
ph_3,human,425,-0.41345423460006714
ph_3,human,426,0.8511728644371033
ph_3,human,427,0.9954659342765808
ph_3,human,429,0.10291700810194016
ph_3,human,430,1.34424889087677
ph_3,human,431,-1.3878753185272217
ph_3,human,433,-0.0037349145859479904
ph_3,human,434,-1.160356879234314
ph_3,human,437,0.3324764370918274
ph_3,human,440,-0.2322947382926941
ph_3,human,441,0.8671184182167053
ph_3,human,443,1.080438494682312
ph_3,human,445,1.0766855478286743
ph_3,human,446,-1.160356879234314
ph_3,human,448,0.9261987209320068
ph_3,human,449,-0.9221767783164978
ph_3,human,450,-0.45909860730171204
ph_3,human,451,1.2381008863449097
ph_3,human,452,-0.7753689885139465
ph_3,human,454,-0.472858190536499
ph_3,human,457,0.24405379593372345
ph_3,human,458,-0.5268295407295227
ph_3,human,463,0.6058359146118164
ph_3,human,465,-0.22073279321193695
ph_3,human,466,0.29289060831069946
ph_3,human,468,0.22265426814556122
ph_3,human,469,1.1305131912231445
ph_3,human,478,-1.1647169589996338
ph_3,human,479,-1.376711130142212
ph_3,human,480,0.49066007137298584
ph_3,human,482,-1.403111219406128
ph_3,human,483,1.2819452285766602
ph_3,human,484,-0.8672319650650024
ph_3,human,486,0.44262826442718506
ph_3,human,487,0.5708042979240417
ph_3,human,491,0.2333856225013733
ph_3,human,494,-1.4192073345184326
ph_3,human,495,-0.7637537121772766
ph_3,human,496,-0.14302967488765717
ph_3,human,498,-1.0905643701553345
ph_3,human,500,1.1211471557617188
ph_3,human,501,-0.27801626920700073
ph_3,human,502,-0.9199357628822327
ph_3,human,507,0.8547752499580383
ph_3,human,508,-1.4192073345184326
ph_3,human,514,-0.9457148909568787
ph_3,human,515,1.2325464487075806
ph_3,human,517,0.41816022992134094
ph_3,human,519,1.6642096042633057
ph_3,human,520,0.1527099609375
ph_3,human,522,-0.42597582936286926
ph_3,human,523,-0.3740403354167938
ph_3,human,524,-0.41662314534187317
ph_3,human,526,-0.9279977679252625
ph_3,human,527,1.1010863780975342
ph_3,human,528,0.8566988110542297
ph_3,human,529,-0.7034537196159363
ph_3,human,530,0.7873494625091553
ph_3,human,531,-1.1779305934906006
ph_3,human,532,-1.3251408338546753
ph_3,human,533,0.524162769317627
ph_3,human,534,-0.5820831656455994
ph_3,human,535,0.7517117857933044
ph_3,human,536,-0.025957917794585228
ph_3,human,537,-1.4192073345184326
ph_3,human,540,-0.9023383855819702
ph_3,human,542,0.9080941677093506
ph_3,human,543,1.249133825302124
ph_3,human,544,-1.0329893827438354
ph_3,human,545,-0.9661936163902283
ph_3,human,546,-0.02895980142056942
ph_3,human,548,0.9764660000801086
ph_3,human,549,-0.47993409633636475
ph_3,human,550,-0.09751541167497635
ph_3,human,553,-0.7808682322502136
ph_3,human,555,1.0324102640151978
ph_3,human,558,0.4254041314125061
ph_3,human,560,0.8606458306312561
ph_3,human,568,-0.7511997818946838
ph_3,human,569,-0.6391712427139282
ph_3,human,571,-0.6414143443107605
ph_3,human,573,-0.542948305606842
ph_3,human,576,-0.08293714374303818
ph_3,human,577,-0.7034537196159363
ph_3,human,579,-1.3414795398712158
ph_3,human,581,0.8671184182167053
ph_3,human,582,-0.7562854886054993
ph_3,human,583,0.6770008206367493
ph_3,human,584,-1.308169960975647
ph_3,human,585,0.5581323504447937
ph_3,human,586,-0.8672319650650024
ph_3,human,588,0.8812881708145142
ph_3,human,589,-0.12526537477970123
ph_3,human,590,0.6029967665672302
ph_3,human,591,-0.5730417966842651
ph_3,human,594,0.8671184182167053
ph_3,human,595,0.24732477962970734
ph_3,human,596,-0.9031105637550354
ph_3,human,597,0.7819401621818542
ph_3,human,598,-0.9532826542854309
ph_3,human,599,-1.355233907699585
ph_3,human,600,0.49936455488204956
ph_3,human,602,-0.4791903495788574
ph_3,human,604,-0.5113125443458557
ph_3,human,605,-0.8170254826545715
ph_3,human,606,0.7237576842308044
ph_3,human,612,-0.6801256537437439
ph_3,human,614,-0.9577295184135437
ph_3,human,616,-1.4125454425811768
ph_3,human,618,0.8192574381828308
ph_3,human,619,1.1925491094589233
ph_3,human,622,-1.0346046686172485
ph_3,human,627,-0.07450320571660995
ph_3,human,629,-0.8005567193031311
ph_3,human,630,0.6545729041099548
ph_3,human,632,-0.951449453830719
ph_3,human,634,0.3927946090698242
ph_3,human,635,-0.9554473161697388
ph_3,human,636,0.3439584970474243
ph_3,human,637,-1.1284370422363281
ph_3,human,639,1.0766855478286743
ph_3,human,644,-1.3414795398712158
ph_3,human,645,0.8082826733589172
ph_3,human,650,-0.5582830309867859
ph_3,human,651,-1.342389464378357
ph_3,human,653,-0.8863392472267151
ph_3,human,654,0.9346308708190918
ph_3,human,656,0.17356212437152863
ph_3,human,657,-0.8005567193031311
ph_3,human,661,1.606501579284668
ph_3,human,663,0.2510979175567627
ph_3,human,665,0.5778691172599792
ph_3,human,666,-0.7850987315177917
ph_3,human,669,-0.875679075717926
ph_3,human,670,0.24136999249458313
ph_3,human,671,-0.562995970249176
ph_3,human,674,-0.8832234144210815
ph_3,human,678,-0.9571894407272339
ph_3,human,679,-1.2208313941955566
ph_3,human,680,-1.2075978517532349
ph_3,human,683,0.4584422707557678
ph_3,human,688,-0.8832234144210815
ph_3,human,690,0.8647497296333313
ph_3,human,693,0.5690813660621643
ph_3,human,695,-1.1310597658157349
ph_3,human,696,0.7504428029060364
ph_3,human,697,-0.6132520437240601
ph_3,human,698,-0.555942952632904
ph_3,human,704,1.4392979145050049
ph_3,human,706,0.62360680103302
ph_3,human,707,1.0766855478286743
ph_3,human,708,-1.2872803211212158
ph_3,human,709,-0.6294662356376648
ph_3,human,711,0.2005046159029007
ph_3,human,712,0.5292494893074036
ph_3,human,714,-0.43996721506118774
ph_3,human,715,0.12398896366357803
ph_3,human,716,-0.21910952031612396
ph_3,human,717,0.8521055579185486
ph_3,human,718,0.7987518906593323
ph_3,human,722,-0.6498681306838989
ph_3,human,723,1.1211471557617188
ph_3,human,729,0.8547752499580383
ph_3,human,732,-1.403111219406128
ph_3,human,735,-1.104630947113037
ph_3,human,738,-0.24032144248485565
ph_3,human,741,-1.1617299318313599
ph_3,human,742,1.3253872394561768
ph_3,human,746,-0.31373146176338196
ph_3,human,750,0.5831944942474365
ph_3,human,754,0.18406645953655243
ph_3,human,757,0.20673087239265442
ph_3,human,758,-0.5400744080543518
ph_3,human,762,0.20946507155895233
ph_3,human,765,-0.18134216964244843
ph_3,human,768,-1.5620570182800293
ph_3,human,774,-0.0623646005988121
ph_3,human,775,-0.41345423460006714
ph_3,human,778,0.18041996657848358
ph_3,human,779,0.06446512043476105
ph_3,human,782,0.8236727118492126
ph_3,human,784,0.8429344296455383
ph_3,human,788,0.14446233212947845
ph_3,human,790,-0.6537415385246277
ph_3,human,793,-0.8085212707519531
ph_3,human,797,1.5462571382522583
ph_3,human,798,0.8395682573318481
ph_3,human,799,-0.6414143443107605
ph_3,human,800,0.054424673318862915
ph_3,human,801,-0.9230248332023621
ph_3,human,803,-0.5730417966842651
ph_3,human,811,-0.23265111446380615
ph_3,human,812,-1.0983563661575317
ph_3,human,814,-0.8802098631858826
ph_3,human,817,0.844136118888855
ph_3,human,818,-0.4135455787181854
ph_3,human,821,1.533043384552002
ph_3,human,823,-1.3191585540771484
ph_3,human,824,-1.5817373991012573
ph_3,human,825,-0.2972806394100189
ph_3,human,827,-0.897003710269928
ph_3,human,828,0.8926374912261963
ph_3,human,830,-0.8541089296340942
ph_3,human,833,1.5515034198760986
ph_3,human,837,-1.3269824981689453
ph_3,human,838,-1.403111219406128
ph_3,human,846,0.20723609626293182
ph_3,human,850,-1.3782033920288086
ph_3,human,853,-0.91740882396698
ph_3,human,860,-0.8626649379730225
ph_3,human,866,0.5463376045227051
ph_3,human,867,0.8288809657096863
ph_3,human,868,-1.223827838897705
ph_3,human,869,-1.1067256927490234
ph_3,human,871,-0.804456889629364
ph_3,human,873,-0.6139968037605286
ph_3,human,874,-0.6398487687110901
ph_3,human,877,-1.3871688842773438
ph_3,human,880,1.2859303951263428
ph_3,human,882,0.424897700548172
ph_3,human,883,-0.7622748017311096
ph_3,human,884,-0.9585846066474915
ph_3,human,885,0.8395682573318481
ph_3,human,886,-0.24885210394859314
ph_3,human,893,0.5167885422706604
ph_3,human,894,0.21843406558036804
ph_3,human,895,-1.2725698947906494
ph_3,human,896,-0.41345423460006714
ph_3,human,897,-1.168535590171814
ph_3,human,900,0.9133104085922241
ph_3,human,901,0.20062169432640076
ph_3,human,902,-1.2477030754089355
ph_3,human,903,0.21504618227481842
ph_3,human,904,-1.2900543212890625
ph_3,human,905,-0.7423904538154602
ph_3,human,908,-0.9011640548706055
ph_3,human,911,0.9907984137535095
ph_3,human,915,0.1393405646085739
ph_3,human,917,0.7400975823402405
ph_3,human,918,-0.17080481350421906
ph_3,human,919,-0.9056954979896545
ph_3,human,921,-0.5153349041938782
ph_3,human,922,0.8855403661727905
ph_3,human,923,0.05525566637516022
ph_3,human,924,-0.6398487687110901
ph_3,human,925,-0.8754574656486511
ph_3,human,926,-0.07325073331594467
ph_3,human,927,0.8248627781867981
ph_3,human,931,-0.9023383855819702
ph_3,human,934,0.9156821370124817
ph_3,human,935,0.7548279166221619
ph_3,human,936,-0.16980436444282532
ph_3,human,937,0.8855403661727905
ph_3,human,939,-0.3517976701259613
ph_3,human,940,-0.2819099426269531
ph_3,human,942,0.22723041474819183
ph_3,human,943,-1.1779305934906006
ph_3,human,947,-1.1480135917663574
ph_3,human,948,0.8886849880218506
ph_3,human,949,0.9007547497749329
ph_3,human,950,0.5226675271987915
ph_3,human,951,0.3182489275932312
ph_3,human,960,-0.3506263494491577
ph_3,human,962,0.005731234326958656
ph_3,human,964,-0.9882543087005615
ph_3,human,971,-0.25415003299713135
ph_3,human,974,0.006819935515522957
ph_3,human,975,0.6672787070274353
ph_3,human,976,-0.41246849298477173
ph_3,human,978,-0.7092087864875793
ph_3,human,979,-0.9816345572471619
ph_3,human,986,-0.9557276368141174
ph_3,human,987,-1.2613273859024048
ph_3,human,989,0.29289060831069946
ph_3,human,990,0.7596067786216736
ph_3,human,991,-0.6046871542930603
ph_3,human,992,-0.900777280330658
ph_3,human,995,-0.5268295407295227
ph_3,human,996,-1.4936615228652954
ph_3,human,998,-1.1067256927490234
ph_3,human,999,0.49501490592956543
ph_4,human,1,1.216251015663147
ph_4,human,3,0.23863202333450317
ph_4,human,4,0.806942343711853
ph_4,human,6,0.7628568410873413
ph_4,human,7,-1.1026959419250488
ph_4,human,8,-0.9893849492073059
ph_4,human,10,1.6410157680511475
ph_4,human,11,-1.309949278831482
ph_4,human,12,0.9460958242416382
ph_4,human,13,-1.2274295091629028
ph_4,human,19,0.2910177707672119
ph_4,human,24,-2.2325243949890137
ph_4,human,25,0.05058056116104126
ph_4,human,26,-1.694035291671753
ph_4,human,29,0.9679664373397827
ph_4,human,30,-1.9754258394241333
ph_4,human,31,-0.053855620324611664
ph_4,human,32,0.2789861559867859
ph_4,human,34,1.438248872756958
ph_4,human,40,-1.6839985847473145
ph_4,human,42,0.6960781812667847
ph_4,human,43,-2.09945011138916
ph_4,human,44,-2.2790110111236572
ph_4,human,45,1.1308913230895996
ph_4,human,50,-0.37346458435058594
ph_4,human,52,-1.5067510604858398
ph_4,human,55,1.252002239227295
ph_4,human,56,1.8866713047027588
ph_4,human,57,-2.078853130340576
ph_4,human,60,-1.320786714553833
ph_4,human,61,-0.11668036878108978
ph_4,human,62,-1.9335074424743652
ph_4,human,64,-0.7627136707305908
ph_4,human,66,1.296786904335022
ph_4,human,67,1.4163572788238525
ph_4,human,68,1.8235219717025757
ph_4,human,70,-1.5846192836761475
ph_4,human,71,1.773149013519287
ph_4,human,73,0.8810517191886902
ph_4,human,74,-0.9459862112998962
ph_4,human,75,2.219886302947998
ph_4,human,77,-1.7157676219940186
ph_4,human,78,-1.8338427543640137
ph_4,human,79,0.9983928203582764
ph_4,human,80,1.6763224601745605
ph_4,human,82,0.07986302673816681
ph_4,human,83,0.975501537322998
ph_4,human,84,0.7028487920761108
ph_4,human,85,-2.035017728805542
ph_4,human,87,-1.0352466106414795
ph_4,human,89,0.7914724349975586
ph_4,human,90,1.4423446655273438
ph_4,human,91,-1.7629458904266357
ph_4,human,93,1.2527121305465698
ph_4,human,95,-1.8147540092468262
ph_4,human,97,-0.6590281128883362
ph_4,human,98,-2.0116465091705322
ph_4,human,101,-0.6369985342025757
ph_4,human,102,-1.619014024734497
ph_4,human,105,-1.679335355758667
ph_4,human,108,-1.6982483863830566
ph_4,human,109,1.0483149290084839
ph_4,human,110,0.9823743104934692
ph_4,human,111,-1.7394371032714844
ph_4,human,114,-0.535631537437439
ph_4,human,115,0.7996776103973389
ph_4,human,119,1.7008326053619385
ph_4,human,121,1.6903409957885742
ph_4,human,126,-0.4086257219314575
ph_4,human,132,-1.9779207706451416
ph_4,human,133,1.5641566514968872
ph_4,human,134,-0.9114582538604736
ph_4,human,136,-1.3133349418640137
ph_4,human,137,1.3004270792007446
ph_4,human,138,0.9185107946395874
ph_4,human,140,-1.9667437076568604
ph_4,human,141,-1.2673883438110352
ph_4,human,142,1.127005934715271
ph_4,human,145,1.3414679765701294
ph_4,human,146,1.2709918022155762
ph_4,human,149,0.349886953830719
ph_4,human,156,-2.0755813121795654
ph_4,human,159,1.8884795904159546
ph_4,human,164,-1.9855709075927734
ph_4,human,165,0.281981885433197
ph_4,human,166,-0.8697090148925781
ph_4,human,168,-0.5961225032806396
ph_4,human,169,-1.8152796030044556
ph_4,human,170,1.9180458784103394
ph_4,human,173,-1.8131201267242432
ph_4,human,174,1.8767367601394653
ph_4,human,175,1.090052604675293
ph_4,human,177,-0.010684996843338013
ph_4,human,179,-0.0754445493221283
ph_4,human,182,-1.9987109899520874
ph_4,human,183,0.5426161289215088
ph_4,human,185,0.4743157625198364
ph_4,human,186,-0.9788253307342529
ph_4,human,193,-1.6046278476715088
ph_4,human,194,-0.7014765739440918
ph_4,human,197,0.7237463593482971
ph_4,human,199,-0.39945924282073975
ph_4,human,200,-1.974977970123291
ph_4,human,205,1.8205187320709229
ph_4,human,209,1.5196505784988403
ph_4,human,210,-1.1075119972229004
ph_4,human,211,1.0346250534057617
ph_4,human,212,1.7008326053619385
ph_4,human,213,1.9194235801696777
ph_4,human,214,-1.0657434463500977
ph_4,human,216,0.06350380182266235
ph_4,human,219,0.2059234082698822
ph_4,human,221,-1.1187400817871094
ph_4,human,222,-1.7394371032714844
ph_4,human,224,-2.179558515548706
ph_4,human,228,-0.5761107802391052
ph_4,human,229,-1.0536212921142578
ph_4,human,232,0.9565017223358154
ph_4,human,235,-0.3077479898929596
ph_4,human,236,1.622680902481079
ph_4,human,238,-1.818894624710083
ph_4,human,239,0.9679664373397827
ph_4,human,240,-1.1534932851791382
ph_4,human,245,-1.9667437076568604
ph_4,human,248,-2.1064043045043945
ph_4,human,249,-0.41467735171318054
ph_4,human,250,-1.4438141584396362
ph_4,human,251,-0.678348958492279
ph_4,human,255,1.6415951251983643
ph_4,human,257,-0.16200833022594452
ph_4,human,260,-0.7327792048454285
ph_4,human,261,-0.9233865141868591
ph_4,human,262,-1.7909482717514038
ph_4,human,265,-1.8152796030044556
ph_4,human,266,-0.7983776330947876
ph_4,human,267,-1.0989105701446533
ph_4,human,273,1.2147741317749023
ph_4,human,275,-0.4015267789363861
ph_4,human,276,1.0033011436462402
ph_4,human,278,-2.201533794403076
ph_4,human,279,1.0591320991516113
ph_4,human,281,-1.9779207706451416
ph_4,human,282,-1.0555307865142822
ph_4,human,286,-0.0640248954296112
ph_4,human,287,1.0753073692321777
ph_4,human,290,1.1980760097503662
ph_4,human,291,-2.0970520973205566
ph_4,human,292,-0.1158187985420227
ph_4,human,293,-1.4149188995361328
ph_4,human,295,1.065004825592041
ph_4,human,297,0.9775220155715942
ph_4,human,299,-0.8244540095329285
ph_4,human,300,1.7523099184036255
ph_4,human,301,-0.9909911155700684
ph_4,human,303,-0.9893849492073059
ph_4,human,306,0.5983456969261169
ph_4,human,307,0.5188547372817993
ph_4,human,308,-1.1131505966186523
ph_4,human,310,-1.5421252250671387
ph_4,human,311,-0.19731929898262024
ph_4,human,312,1.7673814296722412
ph_4,human,313,1.7081401348114014
ph_4,human,315,0.6481027603149414
ph_4,human,317,1.6842674016952515
ph_4,human,319,-1.1641515493392944
ph_4,human,320,-1.8131201267242432
ph_4,human,322,1.043406367301941
ph_4,human,324,-0.935726523399353
ph_4,human,327,-1.0474755764007568
ph_4,human,328,1.8621662855148315
ph_4,human,329,1.1870285272598267
ph_4,human,330,-0.5121245980262756
ph_4,human,332,-2.0130841732025146
ph_4,human,333,-1.9779207706451416
ph_4,human,334,-1.8345764875411987
ph_4,human,335,-0.6716989874839783
ph_4,human,337,1.3526170253753662
ph_4,human,339,-1.2891120910644531
ph_4,human,343,1.3414679765701294
ph_4,human,345,-0.4652904272079468
ph_4,human,347,-0.6369985342025757
ph_4,human,351,-1.6065572500228882
ph_4,human,352,-1.0654557943344116
ph_4,human,353,-1.0761462450027466
ph_4,human,355,0.3571593463420868
ph_4,human,356,-1.9442957639694214
ph_4,human,358,1.6550806760787964
ph_4,human,360,-2.035017728805542
ph_4,human,361,-1.065606713294983
ph_4,human,362,-1.0945810079574585
ph_4,human,363,1.0659680366516113
ph_4,human,364,-1.1314553022384644
ph_4,human,366,0.37078654766082764
ph_4,human,368,0.8897598385810852
ph_4,human,369,-1.6837824583053589
ph_4,human,371,-0.04065859317779541
ph_4,human,372,-1.09364914894104
ph_4,human,376,-1.0562963485717773
ph_4,human,378,1.1447759866714478
ph_4,human,381,-2.191145181655884
ph_4,human,382,-2.1933560371398926
ph_4,human,383,1.373639702796936
ph_4,human,389,1.6982406377792358
ph_4,human,391,-1.5049257278442383
ph_4,human,394,-1.1159026622772217
ph_4,human,395,-0.9638106226921082
ph_4,human,397,-1.825402021408081
ph_4,human,399,-1.229561448097229
ph_4,human,405,-0.11042183637619019
ph_4,human,406,1.6627498865127563
ph_4,human,409,-2.087801694869995
ph_4,human,410,1.1368408203125
ph_4,human,412,-0.2715647220611572
ph_4,human,413,1.9543442726135254
ph_4,human,417,0.3970578908920288
ph_4,human,418,-1.7629458904266357
ph_4,human,421,-0.9937459826469421
ph_4,human,423,1.4748573303222656
ph_4,human,424,1.1887949705123901
ph_4,human,425,-0.9403812885284424
ph_4,human,426,1.54771089553833
ph_4,human,427,1.8907341957092285
ph_4,human,429,-0.1752784699201584
ph_4,human,430,2.059459924697876
ph_4,human,431,-1.731992244720459
ph_4,human,433,-1.36930251121521
ph_4,human,434,-1.0494576692581177
ph_4,human,437,-0.8655297160148621
ph_4,human,440,-1.942022442817688
ph_4,human,441,1.306923508644104
ph_4,human,443,2.0270919799804688
ph_4,human,445,1.7528595924377441
ph_4,human,446,-1.0494576692581177
ph_4,human,448,1.3976658582687378
ph_4,human,449,-1.2276417016983032
ph_4,human,450,0.08943018317222595
ph_4,human,451,2.031644344329834
ph_4,human,452,-1.0528104305267334
ph_4,human,454,-0.9330520033836365
ph_4,human,457,1.1321675777435303
ph_4,human,458,-1.9846577644348145
ph_4,human,463,0.9255903363227844
ph_4,human,465,-1.9566361904144287
ph_4,human,466,1.0882421731948853
ph_4,human,468,1.8621662855148315
ph_4,human,469,-0.007602721452713013
ph_4,human,478,-1.115051507949829
ph_4,human,479,-1.169860601425171
ph_4,human,480,0.9364720582962036
ph_4,human,482,-1.798426866531372
ph_4,human,483,1.9924840927124023
ph_4,human,484,-1.2673883438110352
ph_4,human,486,0.6937962770462036
ph_4,human,487,1.1980760097503662
ph_4,human,491,1.1305416822433472
ph_4,human,494,-1.8222355842590332
ph_4,human,495,-1.0643500089645386
ph_4,human,496,-1.040258765220642
ph_4,human,498,-1.7819427251815796
ph_4,human,500,1.8029530048370361
ph_4,human,501,-1.0331909656524658
ph_4,human,502,-1.0826178789138794
ph_4,human,507,0.6392155885696411
ph_4,human,508,-1.8222355842590332
ph_4,human,514,-0.9996984004974365
ph_4,human,515,2.1090288162231445
ph_4,human,517,0.45987844467163086
ph_4,human,519,-0.04527762532234192
ph_4,human,520,1.484242558479309
ph_4,human,522,-0.9243472218513489
ph_4,human,523,-1.9971481561660767
ph_4,human,524,-0.9254746437072754
ph_4,human,526,-0.323212206363678
ph_4,human,527,2.154003143310547
ph_4,human,528,1.0043226480484009
ph_4,human,529,-1.781369686126709
ph_4,human,530,1.414017677307129
ph_4,human,531,-1.0627305507659912
ph_4,human,532,-1.5162248611450195
ph_4,human,533,0.7426531314849854
ph_4,human,534,-1.9667437076568604
ph_4,human,535,-0.06927314400672913
ph_4,human,536,-1.3617150783538818
ph_4,human,537,-1.8222355842590332
ph_4,human,540,-1.2327946424484253
ph_4,human,542,1.5742778778076172
ph_4,human,543,-0.33917123079299927
ph_4,human,544,-1.2862448692321777
ph_4,human,545,-0.567697286605835
ph_4,human,546,-1.1751136779785156
ph_4,human,548,1.7055516242980957
ph_4,human,549,-1.13297700881958
ph_4,human,550,-1.1258796453475952
ph_4,human,553,-1.353791356086731
ph_4,human,555,1.0669550895690918
ph_4,human,558,1.0882929563522339
ph_4,human,560,1.5380147695541382
ph_4,human,568,-0.4225057363510132
ph_4,human,569,-1.6567473411560059
ph_4,human,571,-1.878835678100586
ph_4,human,573,-0.5710682272911072
ph_4,human,576,-1.7963285446166992
ph_4,human,577,-1.781369686126709
ph_4,human,579,-1.5938924551010132
ph_4,human,581,1.306923508644104
ph_4,human,582,-0.47968581318855286
ph_4,human,583,1.2623553276062012
ph_4,human,584,-1.1468580961227417
ph_4,human,585,0.6147446036338806
ph_4,human,586,-1.2673883438110352
ph_4,human,588,1.3035436868667603
ph_4,human,589,-0.8269823789596558
ph_4,human,590,-0.045358262956142426
ph_4,human,591,-1.7157676219940186
ph_4,human,594,1.306923508644104
ph_4,human,595,1.8902478218078613
ph_4,human,596,-1.2667567729949951
ph_4,human,597,0.4442827105522156
ph_4,human,598,-0.8540966510772705
ph_4,human,599,-1.837310552597046
ph_4,human,600,0.5110218524932861
ph_4,human,602,-2.000450611114502
ph_4,human,604,-1.043813943862915
ph_4,human,605,-1.3933870792388916
ph_4,human,606,0.8484542369842529
ph_4,human,612,-1.6691620349884033
ph_4,human,614,-0.8235424757003784
ph_4,human,616,-1.2766684293746948
ph_4,human,618,0.9889310598373413
ph_4,human,619,1.2191250324249268
ph_4,human,622,-1.0338671207427979
ph_4,human,627,-1.447808027267456
ph_4,human,629,-0.7984521985054016
ph_4,human,630,1.6123950481414795
ph_4,human,632,-1.087798833847046
ph_4,human,634,1.1144814491271973
ph_4,human,635,-0.8835846185684204
ph_4,human,636,0.07230307161808014
ph_4,human,637,-1.0267503261566162
ph_4,human,639,1.7528595924377441
ph_4,human,644,-1.5938924551010132
ph_4,human,645,0.660402238368988
ph_4,human,650,-0.9995296597480774
ph_4,human,651,-1.180652141571045
ph_4,human,653,-1.461715579032898
ph_4,human,654,1.5890556573867798
ph_4,human,656,0.5588617324829102
ph_4,human,657,-0.7984521985054016
ph_4,human,661,0.05058056116104126
ph_4,human,663,1.0592451095581055
ph_4,human,665,1.2527121305465698
ph_4,human,666,-1.7629458904266357
ph_4,human,669,-0.05852305889129639
ph_4,human,670,0.9256926774978638
ph_4,human,671,-1.0954666137695312
ph_4,human,674,-1.3838605880737305
ph_4,human,678,-1.288691759109497
ph_4,human,679,-1.0786556005477905
ph_4,human,680,-0.8601078391075134
ph_4,human,683,1.1248457431793213
ph_4,human,688,-1.3838605880737305
ph_4,human,690,1.328070878982544
ph_4,human,693,-0.11809574067592621
ph_4,human,695,-1.0478054285049438
ph_4,human,696,0.5146018266677856
ph_4,human,697,-1.2986024618148804
ph_4,human,698,-2.103018045425415
ph_4,human,704,2.176776885986328
ph_4,human,706,1.0234971046447754
ph_4,human,707,1.7528595924377441
ph_4,human,708,-1.1135424375534058
ph_4,human,709,-1.5257275104522705
ph_4,human,711,1.4401684999465942
ph_4,human,712,0.6564270257949829
ph_4,human,714,-0.7335033416748047
ph_4,human,715,0.8898162245750427
ph_4,human,716,-1.0143909454345703
ph_4,human,717,1.017608404159546
ph_4,human,718,1.4617217779159546
ph_4,human,722,-1.7741055488586426
ph_4,human,723,1.8029530048370361
ph_4,human,729,0.6392155885696411
ph_4,human,732,-1.798426866531372
ph_4,human,735,-1.2545812129974365
ph_4,human,738,-1.0346078872680664
ph_4,human,741,-1.475870132446289
ph_4,human,742,2.088183641433716
ph_4,human,746,-2.0905754566192627
ph_4,human,750,1.6516995429992676
ph_4,human,754,1.5554428100585938
ph_4,human,757,1.619292140007019
ph_4,human,758,-0.5273880958557129
ph_4,human,762,1.2219163179397583
ph_4,human,765,-0.9083819389343262
ph_4,human,768,-1.2319016456604004
ph_4,human,774,1.5569679737091064
ph_4,human,775,-0.9403812885284424
ph_4,human,778,0.44572049379348755
ph_4,human,779,-1.662031888961792
ph_4,human,782,1.270939588546753
ph_4,human,784,1.5610215663909912
ph_4,human,788,-0.25971823930740356
ph_4,human,790,-1.8092482089996338
ph_4,human,793,-1.2655225992202759
ph_4,human,797,1.0446364879608154
ph_4,human,798,1.5795674324035645
ph_4,human,799,-1.878835678100586
ph_4,human,800,-1.5309910774230957
ph_4,human,801,-1.1613759994506836
ph_4,human,803,-1.7157676219940186
ph_4,human,811,-1.9671785831451416
ph_4,human,812,-2.254794120788574
ph_4,human,814,-1.469422459602356
ph_4,human,817,1.0655429363250732
ph_4,human,818,-0.7416797876358032
ph_4,human,821,-0.006883829832077026
ph_4,human,823,-1.1267873048782349
ph_4,human,824,-2.264996290206909
ph_4,human,825,-1.9879140853881836
ph_4,human,827,-1.057853102684021
ph_4,human,828,0.5240139365196228
ph_4,human,830,-1.448690414428711
ph_4,human,833,0.4293912947177887
ph_4,human,837,-1.267095685005188
ph_4,human,838,-1.798426866531372
ph_4,human,846,1.5196505784988403
ph_4,human,850,-1.8361485004425049
ph_4,human,853,-1.1776827573776245
ph_4,human,860,-1.43793523311615
ph_4,human,866,0.7295967936515808
ph_4,human,867,1.435453176498413
ph_4,human,868,-1.1095670461654663
ph_4,human,869,-1.0323046445846558
ph_4,human,871,-1.6060500144958496
ph_4,human,873,-1.926222324371338
ph_4,human,874,-2.057422161102295
ph_4,human,877,-1.8467116355895996
ph_4,human,880,1.6818909645080566
ph_4,human,882,1.1460440158843994
ph_4,human,883,-2.0307977199554443
ph_4,human,884,-0.7874855995178223
ph_4,human,885,1.5795674324035645
ph_4,human,886,0.15203014016151428
ph_4,human,893,0.12720495462417603
ph_4,human,894,1.7008326053619385
ph_4,human,895,-1.0484273433685303
ph_4,human,896,-0.9403812885284424
ph_4,human,897,-1.8143365383148193
ph_4,human,900,0.6852766275405884
ph_4,human,901,1.4781452417373657
ph_4,human,902,-0.3333659768104553
ph_4,human,903,1.214294672012329
ph_4,human,904,-0.92409348487854
ph_4,human,905,-1.7739064693450928
ph_4,human,908,-0.9383487701416016
ph_4,human,911,1.7172517776489258
ph_4,human,915,-0.5640740394592285
ph_4,human,917,0.1893833875656128
ph_4,human,918,-1.8672783374786377
ph_4,human,919,-1.309949278831482
ph_4,human,921,-0.6058927774429321
ph_4,human,922,1.5312711000442505
ph_4,human,923,0.5819504261016846
ph_4,human,924,-2.057422161102295
ph_4,human,925,-1.0723350048065186
ph_4,human,926,-2.0632219314575195
ph_4,human,927,0.559400737285614
ph_4,human,931,-1.2327946424484253
ph_4,human,934,2.1470255851745605
ph_4,human,935,0.29900917410850525
ph_4,human,936,-1.0366687774658203
ph_4,human,937,1.5312711000442505
ph_4,human,939,-1.5588140487670898
ph_4,human,940,-0.0344359427690506
ph_4,human,942,1.9236536026000977
ph_4,human,943,-1.0627305507659912
ph_4,human,947,-2.174046039581299
ph_4,human,948,0.20719969272613525
ph_4,human,949,-0.03104400634765625
ph_4,human,950,0.944037675857544
ph_4,human,951,1.0402672290802002
ph_4,human,960,-1.2837541103363037
ph_4,human,962,1.2031464576721191
ph_4,human,964,-1.0137243270874023
ph_4,human,971,-1.8653490543365479
ph_4,human,974,-1.5846192836761475
ph_4,human,975,0.8605359792709351
ph_4,human,976,-0.5861398577690125
ph_4,human,978,-1.4673194885253906
ph_4,human,979,-2.0841686725616455
ph_4,human,986,-2.091461658477783
ph_4,human,987,-1.0945810079574585
ph_4,human,989,1.0882421731948853
ph_4,human,990,0.8740071654319763
ph_4,human,991,-1.619091510772705
ph_4,human,992,-0.1795571744441986
ph_4,human,995,-1.9846577644348145
ph_4,human,996,-0.9310854077339172
ph_4,human,998,-1.0323046445846558
ph_4,human,999,1.1645921468734741
ph_5,human,1,-0.15940549969673157
ph_5,human,3,1.5436301231384277
ph_5,human,4,-1.6279771327972412
ph_5,human,6,0.41820648312568665
ph_5,human,7,-1.9585000276565552
ph_5,human,8,-2.210651159286499
ph_5,human,10,-0.49908891320228577
ph_5,human,11,-0.5260607600212097
ph_5,human,12,0.5201402902603149
ph_5,human,13,-1.9357134103775024
ph_5,human,19,2.0225298404693604
ph_5,human,24,-0.7638965845108032
ph_5,human,25,0.8099814653396606
ph_5,human,26,-1.1349084377288818
ph_5,human,29,1.0852091312408447
ph_5,human,30,-2.014575481414795
ph_5,human,31,1.4357699155807495
ph_5,human,32,-1.8639572858810425
ph_5,human,34,1.482614278793335
ph_5,human,40,-1.7439202070236206
ph_5,human,42,-0.3207673728466034
ph_5,human,43,-0.739155113697052
ph_5,human,44,-1.5887833833694458
ph_5,human,45,1.1040440797805786
ph_5,human,50,-0.09689304977655411
ph_5,human,52,-0.7403187155723572
ph_5,human,55,-0.6806555986404419
ph_5,human,56,1.0071507692337036
ph_5,human,57,-0.6405988335609436
ph_5,human,60,-2.1109864711761475
ph_5,human,61,-0.3371164798736572
ph_5,human,62,-0.9501482844352722
ph_5,human,64,-0.2305653989315033
ph_5,human,66,-1.5964325666427612
ph_5,human,67,1.7580186128616333
ph_5,human,68,-1.2945942878723145
ph_5,human,70,-0.658856987953186
ph_5,human,71,1.6800954341888428
ph_5,human,73,0.14420971274375916
ph_5,human,74,-2.4503817558288574
ph_5,human,75,1.2852994203567505
ph_5,human,77,-1.7115522623062134
ph_5,human,78,-1.3005472421646118
ph_5,human,79,0.09120973199605942
ph_5,human,80,0.891939640045166
ph_5,human,82,-0.13175612688064575
ph_5,human,83,-1.6936525106430054
ph_5,human,84,0.7055152058601379
ph_5,human,85,-1.8703219890594482
ph_5,human,87,-2.240520715713501
ph_5,human,89,0.21849915385246277
ph_5,human,90,-0.673849880695343
ph_5,human,91,-1.8490270376205444
ph_5,human,93,1.2361308336257935
ph_5,human,95,-1.3063366413116455
ph_5,human,97,-0.8320406079292297
ph_5,human,98,-2.0587685108184814
ph_5,human,101,-0.174434095621109
ph_5,human,102,-0.47655707597732544
ph_5,human,105,-0.9561975002288818
ph_5,human,108,-1.7887606620788574
ph_5,human,109,-0.17706730961799622
ph_5,human,110,0.07376307994127274
ph_5,human,111,-1.3627532720565796
ph_5,human,114,-2.0972397327423096
ph_5,human,115,0.012437209486961365
ph_5,human,119,-1.3604334592819214
ph_5,human,121,-1.1061562299728394
ph_5,human,126,-1.9241448640823364
ph_5,human,132,-2.04164719581604
ph_5,human,133,1.9947031736373901
ph_5,human,134,-2.1054649353027344
ph_5,human,136,-2.0392580032348633
ph_5,human,137,1.268025279045105
ph_5,human,138,0.358622282743454
ph_5,human,140,-1.6214956045150757
ph_5,human,141,-2.108185052871704
ph_5,human,142,-1.5694915056228638
ph_5,human,145,-0.15371467173099518
ph_5,human,146,-0.2990323305130005
ph_5,human,149,-0.5021777749061584
ph_5,human,156,-1.3744679689407349
ph_5,human,159,1.3505364656448364
ph_5,human,164,-1.7719618082046509
ph_5,human,165,-0.8635647892951965
ph_5,human,166,-2.109575033187866
ph_5,human,168,-1.1729477643966675
ph_5,human,169,-1.4651786088943481
ph_5,human,170,2.0388383865356445
ph_5,human,173,-1.6072603464126587
ph_5,human,174,1.6870322227478027
ph_5,human,175,-0.07271526008844376
ph_5,human,177,1.9473599195480347
ph_5,human,179,0.6489344239234924
ph_5,human,182,-1.811785340309143
ph_5,human,183,0.5570517182350159
ph_5,human,185,0.6676866412162781
ph_5,human,186,-2.2040255069732666
ph_5,human,193,-1.1605212688446045
ph_5,human,194,-0.21162205934524536
ph_5,human,197,1.0133451223373413
ph_5,human,199,-0.01606154441833496
ph_5,human,200,-1.6454178094863892
ph_5,human,205,1.535568118095398
ph_5,human,209,-0.38244763016700745
ph_5,human,210,-2.054682731628418
ph_5,human,211,-0.9139032959938049
ph_5,human,212,-1.3604334592819214
ph_5,human,213,-1.042333960533142
ph_5,human,214,-1.9090591669082642
ph_5,human,216,-0.9477567076683044
ph_5,human,219,-0.7833440899848938
ph_5,human,221,-2.012829065322876
ph_5,human,222,-1.3627532720565796
ph_5,human,224,-0.47200143337249756
ph_5,human,228,-0.3322513997554779
ph_5,human,229,-0.3785151541233063
ph_5,human,232,0.11415005475282669
ph_5,human,235,-2.0226120948791504
ph_5,human,236,-0.9443197846412659
ph_5,human,238,-2.0806169509887695
ph_5,human,239,1.0852091312408447
ph_5,human,240,0.3217318058013916
ph_5,human,245,-1.6214956045150757
ph_5,human,248,-1.9971661567687988
ph_5,human,249,-1.1210271120071411
ph_5,human,250,-2.1078383922576904
ph_5,human,251,-0.23704132437705994
ph_5,human,255,2.0003721714019775
ph_5,human,257,-1.253071904182434
ph_5,human,260,-2.322669506072998
ph_5,human,261,-0.30440762639045715
ph_5,human,262,-1.7346855401992798
ph_5,human,265,-1.4651786088943481
ph_5,human,266,-0.2232460379600525
ph_5,human,267,-1.9630573987960815
ph_5,human,273,-0.720336377620697
ph_5,human,275,-0.45058679580688477
ph_5,human,276,-0.7250840067863464
ph_5,human,278,-1.5738264322280884
ph_5,human,279,1.8253214359283447
ph_5,human,281,-2.04164719581604
ph_5,human,282,-0.5944424271583557
ph_5,human,286,-0.7227712273597717
ph_5,human,287,0.032491542398929596
ph_5,human,290,1.3312259912490845
ph_5,human,291,-0.6107811331748962
ph_5,human,292,-1.0877574682235718
ph_5,human,293,-1.9458457231521606
ph_5,human,295,-0.5412740707397461
ph_5,human,297,-0.7290052175521851
ph_5,human,299,-1.3270405530929565
ph_5,human,300,-0.6268817186355591
ph_5,human,301,-0.327628493309021
ph_5,human,303,-2.210651159286499
ph_5,human,306,-0.3111109435558319
ph_5,human,307,-0.9346978068351746
ph_5,human,308,-0.017678432166576385
ph_5,human,310,-0.7279588580131531
ph_5,human,311,-1.1744061708450317
ph_5,human,312,-1.328692078590393
ph_5,human,313,-1.2171493768692017
ph_5,human,315,-1.5706582069396973
ph_5,human,317,-0.5672139525413513
ph_5,human,319,-2.0710651874542236
ph_5,human,320,-1.6072603464126587
ph_5,human,322,-0.8810390830039978
ph_5,human,324,-2.0802528858184814
ph_5,human,327,-2.2221720218658447
ph_5,human,328,-0.8088464140892029
ph_5,human,329,-0.12466615438461304
ph_5,human,330,0.21646592020988464
ph_5,human,332,-1.824411392211914
ph_5,human,333,-2.04164719581604
ph_5,human,334,-0.8407365679740906
ph_5,human,335,-1.7971936464309692
ph_5,human,337,0.8319962620735168
ph_5,human,339,-1.3710083961486816
ph_5,human,343,-0.15371467173099518
ph_5,human,345,-0.9602363705635071
ph_5,human,347,-0.174434095621109
ph_5,human,351,-2.1018383502960205
ph_5,human,352,-1.9538661241531372
ph_5,human,353,-1.9125396013259888
ph_5,human,355,-0.4506186842918396
ph_5,human,356,-1.6281927824020386
ph_5,human,358,1.9781445264816284
ph_5,human,360,-1.8703219890594482
ph_5,human,361,-1.9345580339431763
ph_5,human,362,-1.9531394243240356
ph_5,human,363,0.4012831747531891
ph_5,human,364,-1.9289612770080566
ph_5,human,366,-0.04050382226705551
ph_5,human,368,0.09258962422609329
ph_5,human,369,-2.0284194946289062
ph_5,human,371,0.38095128536224365
ph_5,human,372,-1.9033668041229248
ph_5,human,376,-0.3509448170661926
ph_5,human,378,-0.23481705784797668
ph_5,human,381,-0.7116926312446594
ph_5,human,382,-0.8312323093414307
ph_5,human,383,0.7963405251502991
ph_5,human,389,-1.2904959917068481
ph_5,human,391,-0.18777886033058167
ph_5,human,394,-2.192328453063965
ph_5,human,395,-0.34664595127105713
ph_5,human,397,-1.4216690063476562
ph_5,human,399,-0.6089751720428467
ph_5,human,405,0.224791020154953
ph_5,human,406,-0.5336291790008545
ph_5,human,409,-0.8278132677078247
ph_5,human,410,-0.3316749036312103
ph_5,human,412,0.06530804187059402
ph_5,human,413,1.5327047109603882
ph_5,human,417,-1.1361196041107178
ph_5,human,418,-1.8490270376205444
ph_5,human,421,-2.282886028289795
ph_5,human,423,1.5876438617706299
ph_5,human,424,-0.5324150919914246
ph_5,human,425,-2.1454193592071533
ph_5,human,426,1.127097725868225
ph_5,human,427,1.7330241203308105
ph_5,human,429,1.4035969972610474
ph_5,human,430,1.524351716041565
ph_5,human,431,-0.524543821811676
ph_5,human,433,-0.7064362168312073
ph_5,human,434,-1.926876187324524
ph_5,human,437,-1.563551664352417
ph_5,human,440,-2.0576555728912354
ph_5,human,441,-0.4821094274520874
ph_5,human,443,1.602804183959961
ph_5,human,445,1.5256047248840332
ph_5,human,446,-1.926876187324524
ph_5,human,448,1.2365715503692627
ph_5,human,449,-0.48754996061325073
ph_5,human,450,0.029521651566028595
ph_5,human,451,1.7266943454742432
ph_5,human,452,-2.2476980686187744
ph_5,human,454,-2.1615121364593506
ph_5,human,457,0.26893511414527893
ph_5,human,458,-1.6947293281555176
ph_5,human,463,0.44962555170059204
ph_5,human,465,-2.0502426624298096
ph_5,human,466,0.525611937046051
ph_5,human,468,-0.8088464140892029
ph_5,human,469,0.7014473676681519
ph_5,human,478,-1.973581075668335
ph_5,human,479,-2.1895484924316406
ph_5,human,480,-1.44615638256073
ph_5,human,482,-0.6200456023216248
ph_5,human,483,1.530464768409729
ph_5,human,484,-2.108185052871704
ph_5,human,486,0.5514834523200989
ph_5,human,487,1.3312259912490845
ph_5,human,491,0.21366626024246216
ph_5,human,494,-0.7150412201881409
ph_5,human,495,-1.8866263628005981
ph_5,human,496,-0.7625152468681335
ph_5,human,498,-1.6117897033691406
ph_5,human,500,1.5282350778579712
ph_5,human,501,-1.2661348581314087
ph_5,human,502,-2.2266006469726562
ph_5,human,507,0.8290884494781494
ph_5,human,508,-0.7150412201881409
ph_5,human,514,-0.30778953433036804
ph_5,human,515,1.9575749635696411
ph_5,human,517,1.7496939897537231
ph_5,human,519,0.35007569193840027
ph_5,human,520,-0.7956741452217102
ph_5,human,522,-2.1581437587738037
ph_5,human,523,-1.9112162590026855
ph_5,human,524,-2.1279308795928955
ph_5,human,526,-0.08211665600538254
ph_5,human,527,1.4969284534454346
ph_5,human,528,-0.02544447034597397
ph_5,human,529,-1.9191019535064697
ph_5,human,530,1.4844924211502075
ph_5,human,531,-1.9203113317489624
ph_5,human,532,-0.3584901988506317
ph_5,human,533,-0.04449217766523361
ph_5,human,534,-1.6214956045150757
ph_5,human,535,0.009861297905445099
ph_5,human,536,-0.6000034213066101
ph_5,human,537,-0.7150412201881409
ph_5,human,540,-0.4213833510875702
ph_5,human,542,1.4625002145767212
ph_5,human,543,-0.4150470793247223
ph_5,human,544,-1.9090089797973633
ph_5,human,545,-0.06845466047525406
ph_5,human,546,1.504134178161621
ph_5,human,548,2.085646390914917
ph_5,human,549,-2.006474733352661
ph_5,human,550,0.014392323791980743
ph_5,human,553,-2.1094257831573486
ph_5,human,555,-0.8073479533195496
ph_5,human,558,1.0662978887557983
ph_5,human,560,1.8198901414871216
ph_5,human,568,-0.3614175617694855
ph_5,human,569,0.1933821737766266
ph_5,human,571,-1.9914032220840454
ph_5,human,573,-1.1502394676208496
ph_5,human,576,-0.8319973349571228
ph_5,human,577,-1.9191019535064697
ph_5,human,579,-0.40035080909729004
ph_5,human,581,-0.4821094274520874
ph_5,human,582,-1.0080838203430176
ph_5,human,583,-0.14126577973365784
ph_5,human,584,-2.1846089363098145
ph_5,human,585,1.9621073007583618
ph_5,human,586,-2.108185052871704
ph_5,human,588,1.2289783954620361
ph_5,human,589,-1.4068129062652588
ph_5,human,590,1.4106043577194214
ph_5,human,591,-1.7115522623062134
ph_5,human,594,-0.4821094274520874
ph_5,human,595,-0.9613782167434692
ph_5,human,596,-0.4658985733985901
ph_5,human,597,1.7305468320846558
ph_5,human,598,-0.2813302278518677
ph_5,human,599,-1.1532142162322998
ph_5,human,600,1.9184256792068481
ph_5,human,602,-1.7869489192962646
ph_5,human,604,-1.6582270860671997
ph_5,human,605,-1.7999509572982788
ph_5,human,606,-0.19972580671310425
ph_5,human,612,-0.9548632502555847
ph_5,human,614,-0.24968698620796204
ph_5,human,616,-1.9326171875
ph_5,human,618,-0.5420202016830444
ph_5,human,619,-0.6406145095825195
ph_5,human,622,-1.9739842414855957
ph_5,human,627,-0.48249372839927673
ph_5,human,629,-1.5412983894348145
ph_5,human,630,-1.4222654104232788
ph_5,human,632,-2.2093746662139893
ph_5,human,634,0.8849907517433167
ph_5,human,635,-0.2689526081085205
ph_5,human,636,1.2792383432388306
ph_5,human,637,-1.9370509386062622
ph_5,human,639,1.5256047248840332
ph_5,human,644,-0.40035080909729004
ph_5,human,645,0.5365344882011414
ph_5,human,650,-2.2195229530334473
ph_5,human,651,-1.7851976156234741
ph_5,human,653,-0.6701738834381104
ph_5,human,654,1.5112900733947754
ph_5,human,656,-0.390691339969635
ph_5,human,657,-1.5412983894348145
ph_5,human,661,0.8099814653396606
ph_5,human,663,0.3395073115825653
ph_5,human,665,1.2361308336257935
ph_5,human,666,-1.8490270376205444
ph_5,human,669,0.009560294449329376
ph_5,human,670,-0.7127808928489685
ph_5,human,671,-1.7838290929794312
ph_5,human,674,-0.5647944808006287
ph_5,human,678,-2.1395070552825928
ph_5,human,679,-1.9182407855987549
ph_5,human,680,-2.3764188289642334
ph_5,human,683,1.115639567375183
ph_5,human,688,-0.5647944808006287
ph_5,human,690,-0.5294204354286194
ph_5,human,693,-0.2059280276298523
ph_5,human,695,-1.9402107000350952
ph_5,human,696,-0.12049884349107742
ph_5,human,697,1.0913596153259277
ph_5,human,698,-0.903083860874176
ph_5,human,704,1.9266067743301392
ph_5,human,706,-0.8945583701133728
ph_5,human,707,1.5256047248840332
ph_5,human,708,-1.9749606847763062
ph_5,human,709,0.22405549883842468
ph_5,human,711,-0.22921991348266602
ph_5,human,712,0.021936722099781036
ph_5,human,714,0.5256040692329407
ph_5,human,715,0.2362920641899109
ph_5,human,716,-2.393453359603882
ph_5,human,717,-0.07578086107969284
ph_5,human,718,1.4580332040786743
ph_5,human,722,0.1578415036201477
ph_5,human,723,1.5282350778579712
ph_5,human,729,0.8290884494781494
ph_5,human,732,-0.6200456023216248
ph_5,human,735,-1.9585974216461182
ph_5,human,738,-1.1030428409576416
ph_5,human,741,-1.888854742050171
ph_5,human,742,1.518276572227478
ph_5,human,746,-0.9218364357948303
ph_5,human,750,1.3337653875350952
ph_5,human,754,-0.8682078719139099
ph_5,human,757,-0.4633951485157013
ph_5,human,758,-1.1858865022659302
ph_5,human,762,0.015380389988422394
ph_5,human,765,-1.732081651687622
ph_5,human,768,-2.3229453563690186
ph_5,human,774,-0.8721877932548523
ph_5,human,775,-2.1454193592071533
ph_5,human,778,-0.22214528918266296
ph_5,human,779,-1.7924453020095825
ph_5,human,782,0.8896746039390564
ph_5,human,784,-0.8570282459259033
ph_5,human,788,-0.451667845249176
ph_5,human,790,0.14466264843940735
ph_5,human,793,-1.7592557668685913
ph_5,human,797,1.7034361362457275
ph_5,human,798,-0.9004956483840942
ph_5,human,799,-1.9914032220840454
ph_5,human,800,-1.7859179973602295
ph_5,human,801,-1.7800828218460083
ph_5,human,803,-1.7115522623062134
ph_5,human,811,-2.039510488510132
ph_5,human,812,-1.5831267833709717
ph_5,human,814,-2.1519503593444824
ph_5,human,817,-0.2276332974433899
ph_5,human,818,-1.6687078475952148
ph_5,human,821,0.8454949259757996
ph_5,human,823,-2.015962839126587
ph_5,human,824,-2.143319845199585
ph_5,human,825,-1.982480764389038
ph_5,human,827,-2.096071243286133
ph_5,human,828,0.51603764295578
ph_5,human,830,-0.6042866110801697
ph_5,human,833,1.0713697671890259
ph_5,human,837,-2.1595003604888916
ph_5,human,838,-0.6200456023216248
ph_5,human,846,-0.38244763016700745
ph_5,human,850,-1.0799363851547241
ph_5,human,853,-0.3977873921394348
ph_5,human,860,-1.8456296920776367
ph_5,human,866,0.08822043985128403
ph_5,human,867,0.4748091399669647
ph_5,human,868,-1.9169365167617798
ph_5,human,869,-1.9443460702896118
ph_5,human,871,-0.7895742058753967
ph_5,human,873,-1.527500033378601
ph_5,human,874,-0.17217887938022614
ph_5,human,877,-1.0189714431762695
ph_5,human,880,1.1262480020523071
ph_5,human,882,0.9399305582046509
ph_5,human,883,-1.3971246480941772
ph_5,human,884,-2.3875160217285156
ph_5,human,885,-0.9004956483840942
ph_5,human,886,-1.5791393518447876
ph_5,human,893,-0.917743980884552
ph_5,human,894,-1.3604334592819214
ph_5,human,895,-1.7616287469863892
ph_5,human,896,-2.1454193592071533
ph_5,human,897,-1.538679599761963
ph_5,human,900,0.9925220608711243
ph_5,human,901,-0.30997931957244873
ph_5,human,902,-0.6184511184692383
ph_5,human,903,0.06392929702997208
ph_5,human,904,-2.403762102127075
ph_5,human,905,-1.886417031288147
ph_5,human,908,-1.3950456380844116
ph_5,human,911,2.089282512664795
ph_5,human,915,-1.73945951461792
ph_5,human,917,1.6120237112045288
ph_5,human,918,-1.2453407049179077
ph_5,human,919,-0.5260607600212097
ph_5,human,921,-1.8147159814834595
ph_5,human,922,1.5039684772491455
ph_5,human,923,-0.5108243823051453
ph_5,human,924,-0.17217887938022614
ph_5,human,925,-2.2402496337890625
ph_5,human,926,-1.489041805267334
ph_5,human,927,0.8921046257019043
ph_5,human,931,-0.4213833510875702
ph_5,human,934,1.5871565341949463
ph_5,human,935,1.6283773183822632
ph_5,human,936,1.869342565536499
ph_5,human,937,1.5039684772491455
ph_5,human,939,-2.1217458248138428
ph_5,human,940,-0.5629887580871582
ph_5,human,942,-1.0030267238616943
ph_5,human,943,-1.9203113317489624
ph_5,human,947,-1.9574522972106934
ph_5,human,948,2.024090528488159
ph_5,human,949,1.9861947298049927
ph_5,human,950,-0.19647186994552612
ph_5,human,951,0.7001378536224365
ph_5,human,960,-2.1384434700012207
ph_5,human,962,-1.153112530708313
ph_5,human,964,-1.450905442237854
ph_5,human,971,-2.0753297805786133
ph_5,human,974,-0.658856987953186
ph_5,human,975,0.1372889280319214
ph_5,human,976,0.3394879102706909
ph_5,human,978,-1.1809526681900024
ph_5,human,979,-0.47018322348594666
ph_5,human,986,-1.2059844732284546
ph_5,human,987,-1.9531394243240356
ph_5,human,989,0.525611937046051
ph_5,human,990,-0.14396534860134125
ph_5,human,991,-1.9206087589263916
ph_5,human,992,-0.039464399218559265
ph_5,human,995,-1.6947293281555176
ph_5,human,996,-2.1515705585479736
ph_5,human,998,-1.9443460702896118
ph_5,human,999,1.1602483987808228
doctor8,llm_legacy,1,0.1031239777803421
doctor8,llm_legacy,3,-0.08814926445484161
doctor8,llm_legacy,4,1.5294378995895386
doctor8,llm_legacy,6,-1.7209781408309937
doctor8,llm_legacy,7,2.3282392024993896
doctor8,llm_legacy,8,0.2178802192211151
doctor8,llm_legacy,10,0.6990540623664856
doctor8,llm_legacy,11,-1.9371297359466553
doctor8,llm_legacy,12,-1.5569742918014526
doctor8,llm_legacy,13,-1.0768089294433594
doctor8,llm_legacy,19,-2.12187123298645
doctor8,llm_legacy,24,-1.5682971477508545
doctor8,llm_legacy,25,-2.0842196941375732
doctor8,llm_legacy,26,-0.8555414080619812
doctor8,llm_legacy,29,-1.6467294692993164
doctor8,llm_legacy,30,-1.7717511653900146
doctor8,llm_legacy,31,-1.8410167694091797
doctor8,llm_legacy,32,1.3724713325500488
doctor8,llm_legacy,34,-1.8203858137130737
doctor8,llm_legacy,40,-1.1965935230255127
doctor8,llm_legacy,42,-1.148228645324707
doctor8,llm_legacy,43,-1.7764472961425781
doctor8,llm_legacy,44,-1.3271197080612183
doctor8,llm_legacy,45,-2.063843011856079
doctor8,llm_legacy,50,-1.905061960220337
doctor8,llm_legacy,52,-1.2302050590515137
doctor8,llm_legacy,55,0.10849325358867645
doctor8,llm_legacy,56,0.19861778616905212
doctor8,llm_legacy,57,-1.7064563035964966
doctor8,llm_legacy,60,1.0647650957107544
doctor8,llm_legacy,61,-1.5282753705978394
doctor8,llm_legacy,62,-1.5710723400115967
doctor8,llm_legacy,64,-1.9219872951507568
doctor8,llm_legacy,66,1.0019848346710205
doctor8,llm_legacy,67,-1.4697678089141846
doctor8,llm_legacy,68,1.3366527557373047
doctor8,llm_legacy,70,-1.5441854000091553
doctor8,llm_legacy,71,-1.058355689048767
doctor8,llm_legacy,73,-1.5712051391601562
doctor8,llm_legacy,74,1.1787841320037842
doctor8,llm_legacy,75,-2.0047733783721924
doctor8,llm_legacy,77,-1.72601318359375
doctor8,llm_legacy,78,-1.9792606830596924
doctor8,llm_legacy,79,-0.555082380771637
doctor8,llm_legacy,80,-1.9175459146499634
doctor8,llm_legacy,82,-0.5021258592605591
doctor8,llm_legacy,83,1.1367512941360474
doctor8,llm_legacy,84,-1.8445775508880615
doctor8,llm_legacy,85,-1.507490634918213
doctor8,llm_legacy,87,0.877358615398407
doctor8,llm_legacy,89,-1.2739489078521729
doctor8,llm_legacy,90,-0.5085682272911072
doctor8,llm_legacy,91,-1.5418728590011597
doctor8,llm_legacy,93,-1.8565690517425537
doctor8,llm_legacy,95,-1.9642075300216675
doctor8,llm_legacy,97,-0.6936734318733215
doctor8,llm_legacy,98,-1.1120884418487549
doctor8,llm_legacy,101,-1.9201809167861938
doctor8,llm_legacy,102,-1.6800984144210815
doctor8,llm_legacy,105,-1.9255609512329102
doctor8,llm_legacy,108,-1.6332149505615234
doctor8,llm_legacy,109,-1.296274185180664
doctor8,llm_legacy,110,-1.5267152786254883
doctor8,llm_legacy,111,-2.0066778659820557
doctor8,llm_legacy,114,1.8045921325683594
doctor8,llm_legacy,115,-1.1569983959197998
doctor8,llm_legacy,119,1.3633124828338623
doctor8,llm_legacy,121,0.30247578024864197
doctor8,llm_legacy,126,1.8433855772018433
doctor8,llm_legacy,132,-1.0886952877044678
doctor8,llm_legacy,133,-2.1122214794158936
doctor8,llm_legacy,134,-0.5681888461112976
doctor8,llm_legacy,136,1.9662988185882568
doctor8,llm_legacy,137,-1.8774499893188477
doctor8,llm_legacy,138,-1.2683594226837158
doctor8,llm_legacy,140,-2.003013849258423
doctor8,llm_legacy,141,0.39566704630851746
doctor8,llm_legacy,142,1.499401569366455
doctor8,llm_legacy,145,-0.10657608509063721
doctor8,llm_legacy,146,0.42379698157310486
doctor8,llm_legacy,149,-0.5346713662147522
doctor8,llm_legacy,156,-0.980274498462677
doctor8,llm_legacy,159,-1.681499719619751
doctor8,llm_legacy,164,-1.9819920063018799
doctor8,llm_legacy,165,1.072904109954834
doctor8,llm_legacy,166,-0.4628239572048187
doctor8,llm_legacy,168,2.0234668254852295
doctor8,llm_legacy,169,-1.9215749502182007
doctor8,llm_legacy,170,-1.8218014240264893
doctor8,llm_legacy,173,-1.8624166250228882
doctor8,llm_legacy,174,-0.8692063093185425
doctor8,llm_legacy,175,-0.9338786602020264
doctor8,llm_legacy,177,-1.57466721534729
doctor8,llm_legacy,179,-2.0262367725372314
doctor8,llm_legacy,182,-1.9661767482757568
doctor8,llm_legacy,183,-1.7518506050109863
doctor8,llm_legacy,185,-1.7095052003860474
doctor8,llm_legacy,186,0.15059435367584229
doctor8,llm_legacy,193,-0.6827029585838318
doctor8,llm_legacy,194,-1.9178202152252197
doctor8,llm_legacy,197,-1.967698335647583
doctor8,llm_legacy,199,-1.1788796186447144
doctor8,llm_legacy,200,-2.0013279914855957
doctor8,llm_legacy,205,-1.9914562702178955
doctor8,llm_legacy,209,0.4714694917201996
doctor8,llm_legacy,210,2.2163925170898438
doctor8,llm_legacy,211,-0.4498499929904938
doctor8,llm_legacy,212,1.3633124828338623
doctor8,llm_legacy,213,1.1828598976135254
doctor8,llm_legacy,214,-0.6333261132240295
doctor8,llm_legacy,216,1.2179996967315674
doctor8,llm_legacy,219,-1.3388503789901733
doctor8,llm_legacy,221,2.379997491836548
doctor8,llm_legacy,222,-2.0066778659820557
doctor8,llm_legacy,224,-1.8155148029327393
doctor8,llm_legacy,228,-1.2453850507736206
doctor8,llm_legacy,229,-1.9265713691711426
doctor8,llm_legacy,232,-0.5909764766693115
doctor8,llm_legacy,235,1.6531624794006348
doctor8,llm_legacy,236,0.01714630052447319
doctor8,llm_legacy,238,-1.1537847518920898
doctor8,llm_legacy,239,-1.6467294692993164
doctor8,llm_legacy,240,0.11723478138446808
doctor8,llm_legacy,245,-2.003013849258423
doctor8,llm_legacy,248,-1.4227652549743652
doctor8,llm_legacy,249,1.4856904745101929
doctor8,llm_legacy,250,-0.7548556327819824
doctor8,llm_legacy,251,-1.987529993057251
doctor8,llm_legacy,255,-2.044410467147827
doctor8,llm_legacy,257,1.165762186050415
doctor8,llm_legacy,260,0.4487667679786682
doctor8,llm_legacy,261,-1.9259023666381836
doctor8,llm_legacy,262,-1.7525277137756348
doctor8,llm_legacy,265,-1.9215749502182007
doctor8,llm_legacy,266,-1.9313786029815674
doctor8,llm_legacy,267,2.328958034515381
doctor8,llm_legacy,273,0.1884704828262329
doctor8,llm_legacy,275,-1.8992303609848022
doctor8,llm_legacy,276,0.1284620463848114
doctor8,llm_legacy,278,-1.4856767654418945
doctor8,llm_legacy,279,-0.9181934595108032
doctor8,llm_legacy,281,-1.0886952877044678
doctor8,llm_legacy,282,0.46626803278923035
doctor8,llm_legacy,286,-1.7807564735412598
doctor8,llm_legacy,287,-1.106292963027954
doctor8,llm_legacy,290,-1.8571466207504272
doctor8,llm_legacy,291,-1.8945069313049316
doctor8,llm_legacy,292,-1.5087261199951172
doctor8,llm_legacy,293,-1.0928936004638672
doctor8,llm_legacy,295,-0.9863327145576477
doctor8,llm_legacy,297,0.055519264191389084
doctor8,llm_legacy,299,0.2944502830505371
doctor8,llm_legacy,300,0.8729873299598694
doctor8,llm_legacy,301,-1.9313592910766602
doctor8,llm_legacy,303,0.2178802192211151
doctor8,llm_legacy,306,-1.1175413131713867
doctor8,llm_legacy,307,1.1960904598236084
doctor8,llm_legacy,308,-1.7120702266693115
doctor8,llm_legacy,310,-1.9416559934616089
doctor8,llm_legacy,311,-1.3130342960357666
doctor8,llm_legacy,312,1.3503620624542236
doctor8,llm_legacy,313,0.4992639422416687
doctor8,llm_legacy,315,0.6711340546607971
doctor8,llm_legacy,317,0.7855220437049866
doctor8,llm_legacy,319,0.5479452013969421
doctor8,llm_legacy,320,-1.8624166250228882
doctor8,llm_legacy,322,0.49718964099884033
doctor8,llm_legacy,324,2.1309940814971924
doctor8,llm_legacy,327,1.057956576347351
doctor8,llm_legacy,328,1.036768913269043
doctor8,llm_legacy,329,0.04050452634692192
doctor8,llm_legacy,330,-0.5089691281318665
doctor8,llm_legacy,332,-1.5313022136688232
doctor8,llm_legacy,333,-1.0886952877044678
doctor8,llm_legacy,334,-2.0450873374938965
doctor8,llm_legacy,335,1.4772114753723145
doctor8,llm_legacy,337,-1.1982671022415161
doctor8,llm_legacy,339,-0.5104655623435974
doctor8,llm_legacy,343,-0.10657608509063721
doctor8,llm_legacy,345,-1.695800542831421
doctor8,llm_legacy,347,-1.9201809167861938
doctor8,llm_legacy,351,-0.8779858350753784
doctor8,llm_legacy,352,2.2821433544158936
doctor8,llm_legacy,353,2.215393304824829
doctor8,llm_legacy,355,-1.0543360710144043
doctor8,llm_legacy,356,-1.5880998373031616
doctor8,llm_legacy,358,-1.0716750621795654
doctor8,llm_legacy,360,-1.507490634918213
doctor8,llm_legacy,361,1.979685664176941
doctor8,llm_legacy,362,2.3161137104034424
doctor8,llm_legacy,363,-1.3380911350250244
doctor8,llm_legacy,364,-0.591860294342041
doctor8,llm_legacy,366,-1.721713900566101
doctor8,llm_legacy,368,-1.5346872806549072
doctor8,llm_legacy,369,-1.0223480463027954
doctor8,llm_legacy,371,-1.6500418186187744
doctor8,llm_legacy,372,2.123640775680542
doctor8,llm_legacy,376,-1.9369299411773682
doctor8,llm_legacy,378,-1.2185120582580566
doctor8,llm_legacy,381,-1.7785511016845703
doctor8,llm_legacy,382,-1.60944664478302
doctor8,llm_legacy,383,-1.9814410209655762
doctor8,llm_legacy,389,0.5870389342308044
doctor8,llm_legacy,391,-1.9512121677398682
doctor8,llm_legacy,394,2.012691020965576
doctor8,llm_legacy,395,0.43342289328575134
doctor8,llm_legacy,397,-2.0114986896514893
doctor8,llm_legacy,399,-0.7889694571495056
doctor8,llm_legacy,405,-1.9121266603469849
doctor8,llm_legacy,406,0.744513213634491
doctor8,llm_legacy,409,-1.643744945526123
doctor8,llm_legacy,410,-0.6945242881774902
doctor8,llm_legacy,412,-1.9254822731018066
doctor8,llm_legacy,413,-1.9986701011657715
doctor8,llm_legacy,417,0.9018339514732361
doctor8,llm_legacy,418,-1.5418728590011597
doctor8,llm_legacy,421,2.095461130142212
doctor8,llm_legacy,423,-0.8947386741638184
doctor8,llm_legacy,424,0.8273887038230896
doctor8,llm_legacy,425,-0.42475786805152893
doctor8,llm_legacy,426,-0.15400436520576477
doctor8,llm_legacy,427,-1.969305396080017
doctor8,llm_legacy,429,0.06611716747283936
doctor8,llm_legacy,430,-2.001147985458374
doctor8,llm_legacy,431,-2.0474536418914795
doctor8,llm_legacy,433,-1.0663611888885498
doctor8,llm_legacy,434,2.092670202255249
doctor8,llm_legacy,437,1.62880277633667
doctor8,llm_legacy,440,-1.4477680921554565
doctor8,llm_legacy,441,-0.8522063493728638
doctor8,llm_legacy,443,-1.8752529621124268
doctor8,llm_legacy,445,-1.9836397171020508
doctor8,llm_legacy,446,2.092670202255249
doctor8,llm_legacy,448,-1.930163860321045
doctor8,llm_legacy,449,-1.9291232824325562
doctor8,llm_legacy,450,-1.808471441268921
doctor8,llm_legacy,451,-1.1341276168823242
doctor8,llm_legacy,452,1.1675162315368652
doctor8,llm_legacy,454,-0.06443743407726288
doctor8,llm_legacy,457,-1.1674115657806396
doctor8,llm_legacy,458,-1.995983362197876
doctor8,llm_legacy,463,-1.3659064769744873
doctor8,llm_legacy,465,-1.592026710510254
doctor8,llm_legacy,466,-1.4673620462417603
doctor8,llm_legacy,468,1.036768913269043
doctor8,llm_legacy,469,-1.9591153860092163
doctor8,llm_legacy,478,1.6686491966247559
doctor8,llm_legacy,479,2.3317224979400635
doctor8,llm_legacy,480,0.3846352994441986
doctor8,llm_legacy,482,-2.0592293739318848
doctor8,llm_legacy,483,-1.9999313354492188
doctor8,llm_legacy,484,0.39566704630851746
doctor8,llm_legacy,486,-1.887095332145691
doctor8,llm_legacy,487,-1.8571466207504272
doctor8,llm_legacy,491,-1.0782489776611328
doctor8,llm_legacy,494,-2.0551836490631104
doctor8,llm_legacy,495,2.2195754051208496
doctor8,llm_legacy,496,0.7694417834281921
doctor8,llm_legacy,498,-1.832780361175537
doctor8,llm_legacy,500,-1.9874534606933594
doctor8,llm_legacy,501,1.5531635284423828
doctor8,llm_legacy,502,1.199881672859192
doctor8,llm_legacy,507,-1.8873896598815918
doctor8,llm_legacy,508,-2.0551836490631104
doctor8,llm_legacy,514,-1.9404526948928833
doctor8,llm_legacy,515,-1.6620742082595825
doctor8,llm_legacy,517,-0.5495721697807312
doctor8,llm_legacy,519,-1.5652364492416382
doctor8,llm_legacy,520,0.32923761010169983
doctor8,llm_legacy,522,-0.25257059931755066
doctor8,llm_legacy,523,-1.9144856929779053
doctor8,llm_legacy,524,-0.4958706796169281
doctor8,llm_legacy,526,-1.9025418758392334
doctor8,llm_legacy,527,-2.014953136444092
doctor8,llm_legacy,528,-1.4437291622161865
doctor8,llm_legacy,529,-1.4255952835083008
doctor8,llm_legacy,530,-1.9365429878234863
doctor8,llm_legacy,531,2.1035475730895996
doctor8,llm_legacy,532,-2.023678779602051
doctor8,llm_legacy,533,-1.2842046022415161
doctor8,llm_legacy,534,-2.003013849258423
doctor8,llm_legacy,535,-1.434272050857544
doctor8,llm_legacy,536,-0.8178666830062866
doctor8,llm_legacy,537,-2.0551836490631104
doctor8,llm_legacy,540,-1.9525294303894043
doctor8,llm_legacy,542,-1.9591434001922607
doctor8,llm_legacy,543,-0.2879299819469452
doctor8,llm_legacy,544,0.9341301321983337
doctor8,llm_legacy,545,-1.9459033012390137
doctor8,llm_legacy,546,-1.403397560119629
doctor8,llm_legacy,548,-1.3896228075027466
doctor8,llm_legacy,549,-0.934654176235199
doctor8,llm_legacy,550,-1.7418409585952759
doctor8,llm_legacy,553,1.4692174196243286
doctor8,llm_legacy,555,-0.5855211615562439
doctor8,llm_legacy,558,-1.7472267150878906
doctor8,llm_legacy,560,-1.7600233554840088
doctor8,llm_legacy,568,-1.923588752746582
doctor8,llm_legacy,569,-2.0440330505371094
doctor8,llm_legacy,571,-1.726781964302063
doctor8,llm_legacy,573,-0.12850916385650635
doctor8,llm_legacy,576,-2.0054872035980225
doctor8,llm_legacy,577,-1.4255952835083008
doctor8,llm_legacy,579,-2.033324718475342
doctor8,llm_legacy,581,-0.8522063493728638
doctor8,llm_legacy,582,-1.6636909246444702
doctor8,llm_legacy,583,-0.7678174376487732
doctor8,llm_legacy,584,2.2171578407287598
doctor8,llm_legacy,585,-1.0662550926208496
doctor8,llm_legacy,586,0.39566704630851746
doctor8,llm_legacy,588,-1.9029375314712524
doctor8,llm_legacy,589,-0.25384417176246643
doctor8,llm_legacy,590,-1.9325686693191528
doctor8,llm_legacy,591,-1.72601318359375
doctor8,llm_legacy,594,-0.8522063493728638
doctor8,llm_legacy,595,1.1218448877334595
doctor8,llm_legacy,596,-1.9459130764007568
doctor8,llm_legacy,597,-1.0684709548950195
doctor8,llm_legacy,598,-1.9206498861312866
doctor8,llm_legacy,599,-2.0076050758361816
doctor8,llm_legacy,600,-0.9434833526611328
doctor8,llm_legacy,602,-1.9726568460464478
doctor8,llm_legacy,604,2.0219228267669678
doctor8,llm_legacy,605,-0.5071865320205688
doctor8,llm_legacy,606,1.2369087934494019
doctor8,llm_legacy,612,-1.9066449403762817
doctor8,llm_legacy,614,-1.9263672828674316
doctor8,llm_legacy,616,1.6029895544052124
doctor8,llm_legacy,618,0.2844316065311432
doctor8,llm_legacy,619,-0.7382284998893738
doctor8,llm_legacy,622,1.6063767671585083
doctor8,llm_legacy,627,-1.812856674194336
doctor8,llm_legacy,629,-1.1724793910980225
doctor8,llm_legacy,630,0.7830798029899597
doctor8,llm_legacy,632,1.711517572402954
doctor8,llm_legacy,634,-1.6968774795532227
doctor8,llm_legacy,635,-1.930936574935913
doctor8,llm_legacy,636,-2.024168014526367
doctor8,llm_legacy,637,2.0701425075531006
doctor8,llm_legacy,639,-1.9836397171020508
doctor8,llm_legacy,644,-2.033324718475342
doctor8,llm_legacy,645,-1.7635687589645386
doctor8,llm_legacy,650,0.42656174302101135
doctor8,llm_legacy,651,1.944078803062439
doctor8,llm_legacy,653,-1.9339535236358643
doctor8,llm_legacy,654,-1.9660767316818237
doctor8,llm_legacy,656,-1.3999898433685303
doctor8,llm_legacy,657,-1.1724793910980225
doctor8,llm_legacy,661,-2.0842196941375732
doctor8,llm_legacy,663,-1.2656896114349365
doctor8,llm_legacy,665,-1.8565690517425537
doctor8,llm_legacy,666,-1.5418728590011597
doctor8,llm_legacy,669,-1.8958377838134766
doctor8,llm_legacy,670,1.0137885808944702
doctor8,llm_legacy,671,0.1340635120868683
doctor8,llm_legacy,674,-1.9442600011825562
doctor8,llm_legacy,678,0.5881139636039734
doctor8,llm_legacy,679,2.2442705631256104
doctor8,llm_legacy,680,1.5957696437835693
doctor8,llm_legacy,683,-1.7784888744354248
doctor8,llm_legacy,688,-1.9442600011825562
doctor8,llm_legacy,690,-0.7792020440101624
doctor8,llm_legacy,693,-1.9467532634735107
doctor8,llm_legacy,695,1.9618144035339355
doctor8,llm_legacy,696,-1.383263111114502
doctor8,llm_legacy,697,-1.5392597913742065
doctor8,llm_legacy,698,-1.4076015949249268
doctor8,llm_legacy,704,-1.7384504079818726
doctor8,llm_legacy,706,0.5286065936088562
doctor8,llm_legacy,707,-1.9836397171020508
doctor8,llm_legacy,708,2.349034547805786
doctor8,llm_legacy,709,-2.0357489585876465
doctor8,llm_legacy,711,0.16155730187892914
doctor8,llm_legacy,712,-1.361302375793457
doctor8,llm_legacy,714,-0.9677130579948425
doctor8,llm_legacy,715,-0.8770124316215515
doctor8,llm_legacy,716,0.6206379532814026
doctor8,llm_legacy,717,-1.3976726531982422
doctor8,llm_legacy,718,-0.9973227381706238
doctor8,llm_legacy,722,-2.0516135692596436
doctor8,llm_legacy,723,-1.9874534606933594
doctor8,llm_legacy,729,-1.8873896598815918
doctor8,llm_legacy,732,-2.0592293739318848
doctor8,llm_legacy,735,0.16595396399497986
doctor8,llm_legacy,738,1.2842763662338257
doctor8,llm_legacy,741,-1.6732227802276611
doctor8,llm_legacy,742,-2.0757064819335938
doctor8,llm_legacy,746,-1.5532190799713135
doctor8,llm_legacy,750,-1.9949653148651123
doctor8,llm_legacy,754,0.5038945078849792
doctor8,llm_legacy,757,0.6487148404121399
doctor8,llm_legacy,758,-0.29644593596458435
doctor8,llm_legacy,762,-0.6172447800636292
doctor8,llm_legacy,765,0.5179736614227295
doctor8,llm_legacy,768,1.106154441833496
doctor8,llm_legacy,774,1.0148954391479492
doctor8,llm_legacy,775,-0.42475786805152893
doctor8,llm_legacy,778,-1.6039178371429443
doctor8,llm_legacy,779,-1.1032612323760986
doctor8,llm_legacy,782,-1.7938076257705688
doctor8,llm_legacy,784,-0.16830918192863464
doctor8,llm_legacy,788,-1.1348036527633667
doctor8,llm_legacy,790,-2.053889274597168
doctor8,llm_legacy,793,-0.7231131792068481
doctor8,llm_legacy,797,-1.752143383026123
doctor8,llm_legacy,798,-0.10133586823940277
doctor8,llm_legacy,799,-1.726781964302063
doctor8,llm_legacy,800,-0.9550961852073669
doctor8,llm_legacy,801,0.8307502269744873
doctor8,llm_legacy,803,-1.72601318359375
doctor8,llm_legacy,811,-1.634289026260376
doctor8,llm_legacy,812,-1.3784399032592773
doctor8,llm_legacy,814,0.1593659371137619
doctor8,llm_legacy,817,-1.2410566806793213
doctor8,llm_legacy,818,-0.025414559990167618
doctor8,llm_legacy,821,-2.0889217853546143
doctor8,llm_legacy,823,2.384887456893921
doctor8,llm_legacy,824,-1.196213722229004
doctor8,llm_legacy,825,-1.8245620727539062
doctor8,llm_legacy,827,0.3475400507450104
doctor8,llm_legacy,828,-1.901486873626709
doctor8,llm_legacy,830,-1.9493134021759033
doctor8,llm_legacy,833,-2.094517946243286
doctor8,llm_legacy,837,1.9660296440124512
doctor8,llm_legacy,838,-2.0592293739318848
doctor8,llm_legacy,846,0.4714694917201996
doctor8,llm_legacy,850,-2.016904592514038
doctor8,llm_legacy,853,-1.9477732181549072
doctor8,llm_legacy,860,-0.13106046617031097
doctor8,llm_legacy,866,-1.3541446924209595
doctor8,llm_legacy,867,-1.0563613176345825
doctor8,llm_legacy,868,2.0125956535339355
doctor8,llm_legacy,869,1.9439809322357178
doctor8,llm_legacy,871,-1.9437787532806396
doctor8,llm_legacy,873,-2.0146045684814453
doctor8,llm_legacy,874,-2.0326130390167236
doctor8,llm_legacy,877,-2.0350117683410645
doctor8,llm_legacy,880,0.12009653449058533
doctor8,llm_legacy,882,-1.7332978248596191
doctor8,llm_legacy,883,-0.881403923034668
doctor8,llm_legacy,884,1.159078598022461
doctor8,llm_legacy,885,-0.10133586823940277
doctor8,llm_legacy,886,1.6027398109436035
doctor8,llm_legacy,893,1.127004861831665
doctor8,llm_legacy,894,1.3633124828338623
doctor8,llm_legacy,895,1.7432191371917725
doctor8,llm_legacy,896,-0.42475786805152893
doctor8,llm_legacy,897,-1.8939683437347412
doctor8,llm_legacy,900,-1.9575012922286987
doctor8,llm_legacy,901,0.3297783136367798
doctor8,llm_legacy,902,-1.4681121110916138
doctor8,llm_legacy,903,-0.7279582023620605
doctor8,llm_legacy,904,0.8545041680335999
doctor8,llm_legacy,905,-1.484344482421875
doctor8,llm_legacy,908,0.9182364344596863
doctor8,llm_legacy,911,-1.4194672107696533
doctor8,llm_legacy,915,-1.003597378730774
doctor8,llm_legacy,917,-0.261250764131546
doctor8,llm_legacy,918,-1.0321102142333984
doctor8,llm_legacy,919,-1.9371297359466553
doctor8,llm_legacy,921,0.7900786995887756
doctor8,llm_legacy,922,-1.9577467441558838
doctor8,llm_legacy,923,-0.9161710143089294
doctor8,llm_legacy,924,-2.0326130390167236
doctor8,llm_legacy,925,1.467795491218567
doctor8,llm_legacy,926,-1.9134986400604248
doctor8,llm_legacy,927,-1.906719446182251
doctor8,llm_legacy,931,-1.9525294303894043
doctor8,llm_legacy,934,-2.0258021354675293
doctor8,llm_legacy,935,-0.20746956765651703
doctor8,llm_legacy,936,-1.7115478515625
doctor8,llm_legacy,937,-1.9577467441558838
doctor8,llm_legacy,939,-0.7700250148773193
doctor8,llm_legacy,940,-1.6738464832305908
doctor8,llm_legacy,942,1.1646894216537476
doctor8,llm_legacy,943,2.1035475730895996
doctor8,llm_legacy,947,-1.722743272781372
doctor8,llm_legacy,948,-2.1403772830963135
doctor8,llm_legacy,949,-1.7852002382278442
doctor8,llm_legacy,950,-1.02616286277771
doctor8,llm_legacy,951,-1.5673191547393799
doctor8,llm_legacy,960,-0.5794768929481506
doctor8,llm_legacy,962,1.006086826324463
doctor8,llm_legacy,964,1.0957859754562378
doctor8,llm_legacy,971,-1.2145882844924927
doctor8,llm_legacy,974,-1.5441854000091553
doctor8,llm_legacy,975,-1.2427688837051392
doctor8,llm_legacy,976,-1.8699270486831665
doctor8,llm_legacy,978,-1.9979102611541748
doctor8,llm_legacy,979,-1.9202444553375244
doctor8,llm_legacy,986,-1.2872580289840698
doctor8,llm_legacy,987,2.3161137104034424
doctor8,llm_legacy,989,-1.4673620462417603
doctor8,llm_legacy,990,-1.033164620399475
doctor8,llm_legacy,991,-1.264960765838623
doctor8,llm_legacy,992,-1.8958442211151123
doctor8,llm_legacy,995,-1.995983362197876
doctor8,llm_legacy,996,-0.8277812600135803
doctor8,llm_legacy,998,1.9439809322357178
doctor8,llm_legacy,999,-1.8071280717849731
doctor9,llm_legacy,1,-0.23635661602020264
doctor9,llm_legacy,3,-0.0916442945599556
doctor9,llm_legacy,4,1.1913238763809204
doctor9,llm_legacy,6,-1.270430326461792
doctor9,llm_legacy,7,1.7410194873809814
doctor9,llm_legacy,8,-0.015057111158967018
doctor9,llm_legacy,10,0.027399228885769844
doctor9,llm_legacy,11,-2.281588315963745
doctor9,llm_legacy,12,-1.3264564275741577
doctor9,llm_legacy,13,-0.6523542404174805
doctor9,llm_legacy,19,-2.2804970741271973
doctor9,llm_legacy,24,-2.016078472137451
doctor9,llm_legacy,25,-1.8074226379394531
doctor9,llm_legacy,26,-0.5804619789123535
doctor9,llm_legacy,29,-1.5915961265563965
doctor9,llm_legacy,30,-1.834248423576355
doctor9,llm_legacy,31,-1.9943214654922485
doctor9,llm_legacy,32,1.115821361541748
doctor9,llm_legacy,34,-1.5499998331069946
doctor9,llm_legacy,40,-0.6062577366828918
doctor9,llm_legacy,42,-0.8291994333267212
doctor9,llm_legacy,43,-1.052578330039978
doctor9,llm_legacy,44,-1.5212615728378296
doctor9,llm_legacy,45,-2.099268674850464
doctor9,llm_legacy,50,-2.2650747299194336
doctor9,llm_legacy,52,-1.5901304483413696
doctor9,llm_legacy,55,0.1326286941766739
doctor9,llm_legacy,56,0.1075638011097908
doctor9,llm_legacy,57,-1.7771812677383423
doctor9,llm_legacy,60,0.9167844653129578
doctor9,llm_legacy,61,-1.4677377939224243
doctor9,llm_legacy,62,-1.4459106922149658
doctor9,llm_legacy,64,-2.28401517868042
doctor9,llm_legacy,66,0.7475818991661072
doctor9,llm_legacy,67,-0.8209656476974487
doctor9,llm_legacy,68,0.9353557229042053
doctor9,llm_legacy,70,-1.8904939889907837
doctor9,llm_legacy,71,-0.5859224796295166
doctor9,llm_legacy,73,-1.092075228691101
doctor9,llm_legacy,74,1.017194151878357
doctor9,llm_legacy,75,-2.1720521450042725
doctor9,llm_legacy,77,-1.9695019721984863
doctor9,llm_legacy,78,-1.4617758989334106
doctor9,llm_legacy,79,-0.8601964116096497
doctor9,llm_legacy,80,-1.8974241018295288
doctor9,llm_legacy,82,-0.49992835521698
doctor9,llm_legacy,83,0.8815413117408752
doctor9,llm_legacy,84,-1.4544826745986938
doctor9,llm_legacy,85,-1.9990137815475464
doctor9,llm_legacy,87,0.5165278911590576
doctor9,llm_legacy,89,-1.3439297676086426
doctor9,llm_legacy,90,-0.3811948299407959
doctor9,llm_legacy,91,-0.876801609992981
doctor9,llm_legacy,93,-1.8681752681732178
doctor9,llm_legacy,95,-1.4167009592056274
doctor9,llm_legacy,97,-0.7570788264274597
doctor9,llm_legacy,98,-0.697976291179657
doctor9,llm_legacy,101,-2.2811145782470703
doctor9,llm_legacy,102,-1.608850359916687
doctor9,llm_legacy,105,-2.2424476146698
doctor9,llm_legacy,108,-1.6337909698486328
doctor9,llm_legacy,109,-0.8574631214141846
doctor9,llm_legacy,110,-1.039986252784729
doctor9,llm_legacy,111,-2.2386791706085205
doctor9,llm_legacy,114,1.553558588027954
doctor9,llm_legacy,115,-0.6675333380699158
doctor9,llm_legacy,119,0.9639251828193665
doctor9,llm_legacy,121,0.14101888239383698
doctor9,llm_legacy,126,1.568273663520813
doctor9,llm_legacy,132,-0.6988949775695801
doctor9,llm_legacy,133,-2.020266532897949
doctor9,llm_legacy,134,-0.4795413613319397
doctor9,llm_legacy,136,1.5319466590881348
doctor9,llm_legacy,137,-1.8917359113693237
doctor9,llm_legacy,138,-0.9901361465454102
doctor9,llm_legacy,140,-2.1747965812683105
doctor9,llm_legacy,141,-0.1919815093278885
doctor9,llm_legacy,142,1.1687105894088745
doctor9,llm_legacy,145,-0.6703566312789917
doctor9,llm_legacy,146,0.03256187587976456
doctor9,llm_legacy,149,-0.006748458370566368
doctor9,llm_legacy,156,-1.5611640214920044
doctor9,llm_legacy,159,-2.0100784301757812
doctor9,llm_legacy,164,-2.113874673843384
doctor9,llm_legacy,165,0.8263394832611084
doctor9,llm_legacy,166,-0.31247764825820923
doctor9,llm_legacy,168,1.3119869232177734
doctor9,llm_legacy,169,-1.3155683279037476
doctor9,llm_legacy,170,-1.586267113685608
doctor9,llm_legacy,173,-1.2115728855133057
doctor9,llm_legacy,174,-0.5186342597007751
doctor9,llm_legacy,175,-0.3119015693664551
doctor9,llm_legacy,177,-1.7100170850753784
doctor9,llm_legacy,179,-1.6594845056533813
doctor9,llm_legacy,182,-2.0946013927459717
doctor9,llm_legacy,183,-1.72490656375885
doctor9,llm_legacy,185,-1.6142807006835938
doctor9,llm_legacy,186,-0.05536096543073654
doctor9,llm_legacy,193,-0.45074373483657837
doctor9,llm_legacy,194,-2.2806172370910645
doctor9,llm_legacy,197,-1.6806617975234985
doctor9,llm_legacy,199,-0.38276439905166626
doctor9,llm_legacy,200,-2.166957378387451
doctor9,llm_legacy,205,-2.090056896209717
doctor9,llm_legacy,209,-0.19361643493175507
doctor9,llm_legacy,210,1.8931108713150024
doctor9,llm_legacy,211,-0.5214118361473083
doctor9,llm_legacy,212,0.9639251828193665
doctor9,llm_legacy,213,0.6796615123748779
doctor9,llm_legacy,214,-0.1879929155111313
doctor9,llm_legacy,216,0.8066738843917847
doctor9,llm_legacy,219,-1.5512200593948364
doctor9,llm_legacy,221,1.8623250722885132
doctor9,llm_legacy,222,-2.2386791706085205
doctor9,llm_legacy,224,-1.983427882194519
doctor9,llm_legacy,228,-1.705393671989441
doctor9,llm_legacy,229,-2.283125162124634
doctor9,llm_legacy,232,-0.8616790175437927
doctor9,llm_legacy,235,1.4041759967803955
doctor9,llm_legacy,236,-0.06422626972198486
doctor9,llm_legacy,238,-1.2484503984451294
doctor9,llm_legacy,239,-1.5915961265563965
doctor9,llm_legacy,240,-0.0489579513669014
doctor9,llm_legacy,245,-2.1747965812683105
doctor9,llm_legacy,248,-1.9646421670913696
doctor9,llm_legacy,249,1.0477278232574463
doctor9,llm_legacy,250,-0.9360637664794922
doctor9,llm_legacy,251,-1.9268296957015991
doctor9,llm_legacy,255,-2.001769542694092
doctor9,llm_legacy,257,0.9750850200653076
doctor9,llm_legacy,260,0.06980889290571213
doctor9,llm_legacy,261,-2.286057472229004
doctor9,llm_legacy,262,-1.056722640991211
doctor9,llm_legacy,265,-1.3155683279037476
doctor9,llm_legacy,266,-2.2903263568878174
doctor9,llm_legacy,267,1.735066533088684
doctor9,llm_legacy,273,0.19034458696842194
doctor9,llm_legacy,275,-1.8147962093353271
doctor9,llm_legacy,276,-0.815892219543457
doctor9,llm_legacy,278,-1.7897120714187622
doctor9,llm_legacy,279,-0.7258689403533936
doctor9,llm_legacy,281,-0.6988949775695801
doctor9,llm_legacy,282,0.16880837082862854
doctor9,llm_legacy,286,-2.108264207839966
doctor9,llm_legacy,287,-1.5610979795455933
doctor9,llm_legacy,290,-1.8814783096313477
doctor9,llm_legacy,291,-1.3239805698394775
doctor9,llm_legacy,292,-1.8608297109603882
doctor9,llm_legacy,293,-1.4703469276428223
doctor9,llm_legacy,295,-0.5801835060119629
doctor9,llm_legacy,297,-0.1224253699183464
doctor9,llm_legacy,299,0.19822461903095245
doctor9,llm_legacy,300,0.2319401502609253
doctor9,llm_legacy,301,-2.2895309925079346
doctor9,llm_legacy,303,-0.015057111158967018
doctor9,llm_legacy,306,-0.8888207674026489
doctor9,llm_legacy,307,0.7182391285896301
doctor9,llm_legacy,308,-1.662999153137207
doctor9,llm_legacy,310,-2.270209312438965
doctor9,llm_legacy,311,-1.590035319328308
doctor9,llm_legacy,312,0.9502392411231995
doctor9,llm_legacy,313,0.3024978041648865
doctor9,llm_legacy,315,0.39402341842651367
doctor9,llm_legacy,317,0.12841114401817322
doctor9,llm_legacy,319,-0.12998726963996887
doctor9,llm_legacy,320,-1.2115728855133057
doctor9,llm_legacy,322,-0.5444825291633606
doctor9,llm_legacy,324,1.3568471670150757
doctor9,llm_legacy,327,0.6366816759109497
doctor9,llm_legacy,328,0.45942631363868713
doctor9,llm_legacy,329,-0.26573362946510315
doctor9,llm_legacy,330,-0.13844113051891327
doctor9,llm_legacy,332,-2.005514621734619
doctor9,llm_legacy,333,-0.6988949775695801
doctor9,llm_legacy,334,-1.757430911064148
doctor9,llm_legacy,335,0.6191215515136719
doctor9,llm_legacy,337,-1.94898521900177
doctor9,llm_legacy,339,-0.135877788066864
doctor9,llm_legacy,343,-0.6703566312789917
doctor9,llm_legacy,345,-1.4445750713348389
doctor9,llm_legacy,347,-2.2811145782470703
doctor9,llm_legacy,351,-1.038602352142334
doctor9,llm_legacy,352,1.5809704065322876
doctor9,llm_legacy,353,1.4256941080093384
doctor9,llm_legacy,355,-0.9289960861206055
doctor9,llm_legacy,356,-2.033085346221924
doctor9,llm_legacy,358,-1.3382763862609863
doctor9,llm_legacy,360,-1.9990137815475464
doctor9,llm_legacy,361,0.9183676838874817
doctor9,llm_legacy,362,1.7003179788589478
doctor9,llm_legacy,363,-1.4268914461135864
doctor9,llm_legacy,364,-0.20511800050735474
doctor9,llm_legacy,366,-1.3421534299850464
doctor9,llm_legacy,368,-1.0570454597473145
doctor9,llm_legacy,369,-1.020288348197937
doctor9,llm_legacy,371,-1.1288855075836182
doctor9,llm_legacy,372,1.2109204530715942
doctor9,llm_legacy,376,-2.292764663696289
doctor9,llm_legacy,378,-0.7960616946220398
doctor9,llm_legacy,381,-1.7238224744796753
doctor9,llm_legacy,382,-1.562012791633606
doctor9,llm_legacy,383,-1.9814515113830566
doctor9,llm_legacy,389,0.3709709048271179
doctor9,llm_legacy,391,-1.7643396854400635
doctor9,llm_legacy,394,1.4815877676010132
doctor9,llm_legacy,395,0.24123601615428925
doctor9,llm_legacy,397,-2.227597236633301
doctor9,llm_legacy,399,-1.0864975452423096
doctor9,llm_legacy,405,-1.2749689817428589
doctor9,llm_legacy,406,0.0802333727478981
doctor9,llm_legacy,409,-0.8594957590103149
doctor9,llm_legacy,410,-0.557644248008728
doctor9,llm_legacy,412,-1.9358441829681396
doctor9,llm_legacy,413,-2.1095876693725586
doctor9,llm_legacy,417,0.7220163345336914
doctor9,llm_legacy,418,-0.876801609992981
doctor9,llm_legacy,421,1.637367844581604
doctor9,llm_legacy,423,-0.49453020095825195
doctor9,llm_legacy,424,0.3951692581176758
doctor9,llm_legacy,425,-0.4283978343009949
doctor9,llm_legacy,426,0.15912404656410217
doctor9,llm_legacy,427,-1.8125587701797485
doctor9,llm_legacy,429,0.018066437914967537
doctor9,llm_legacy,430,-2.123898983001709
doctor9,llm_legacy,431,-1.9518094062805176
doctor9,llm_legacy,433,-1.4407105445861816
doctor9,llm_legacy,434,1.1323267221450806
doctor9,llm_legacy,437,1.0881210565567017
doctor9,llm_legacy,440,-1.516043782234192
doctor9,llm_legacy,441,-0.5735302567481995
doctor9,llm_legacy,443,-2.0919933319091797
doctor9,llm_legacy,445,-2.064739227294922
doctor9,llm_legacy,446,1.1323267221450806
doctor9,llm_legacy,448,-1.559041976928711
doctor9,llm_legacy,449,-2.277736186981201
doctor9,llm_legacy,450,-2.176069736480713
doctor9,llm_legacy,451,-1.232744574546814
doctor9,llm_legacy,452,0.7566945552825928
doctor9,llm_legacy,454,-0.1730642318725586
doctor9,llm_legacy,457,-1.3251457214355469
doctor9,llm_legacy,458,-2.148921489715576
doctor9,llm_legacy,463,-2.0667295455932617
doctor9,llm_legacy,465,-1.641842007637024
doctor9,llm_legacy,466,-1.5174893140792847
doctor9,llm_legacy,468,0.45942631363868713
doctor9,llm_legacy,469,-1.485852837562561
doctor9,llm_legacy,478,0.49068570137023926
doctor9,llm_legacy,479,1.8990411758422852
doctor9,llm_legacy,480,0.13884493708610535
doctor9,llm_legacy,482,-1.9154893159866333
doctor9,llm_legacy,483,-2.1148695945739746
doctor9,llm_legacy,484,-0.1919815093278885
doctor9,llm_legacy,486,-1.847857117652893
doctor9,llm_legacy,487,-1.8814783096313477
doctor9,llm_legacy,491,-1.2700947523117065
doctor9,llm_legacy,494,-1.8482118844985962
doctor9,llm_legacy,495,1.448117971420288
doctor9,llm_legacy,496,0.35516002774238586
doctor9,llm_legacy,498,-1.15207040309906
doctor9,llm_legacy,500,-2.0732641220092773
doctor9,llm_legacy,501,0.8231316804885864
doctor9,llm_legacy,502,1.136974573135376
doctor9,llm_legacy,507,-1.5303480625152588
doctor9,llm_legacy,508,-1.8482118844985962
doctor9,llm_legacy,514,-2.2964792251586914
doctor9,llm_legacy,515,-1.777445912361145
doctor9,llm_legacy,517,-0.3556722104549408
doctor9,llm_legacy,519,-1.0303529500961304
doctor9,llm_legacy,520,0.17261740565299988
doctor9,llm_legacy,522,-0.31442660093307495
doctor9,llm_legacy,523,-2.0180912017822266
doctor9,llm_legacy,524,-0.4549604058265686
doctor9,llm_legacy,526,-2.261854410171509
doctor9,llm_legacy,527,-2.090665340423584
doctor9,llm_legacy,528,-0.9677581191062927
doctor9,llm_legacy,529,-0.8213241100311279
doctor9,llm_legacy,530,-1.9915179014205933
doctor9,llm_legacy,531,1.1545443534851074
doctor9,llm_legacy,532,-2.02767276763916
doctor9,llm_legacy,533,-1.1477761268615723
doctor9,llm_legacy,534,-2.1747965812683105
doctor9,llm_legacy,535,-2.1198081970214844
doctor9,llm_legacy,536,-1.0150277614593506
doctor9,llm_legacy,537,-1.8482118844985962
doctor9,llm_legacy,540,-2.299656391143799
doctor9,llm_legacy,542,-2.0103511810302734
doctor9,llm_legacy,543,0.14689308404922485
doctor9,llm_legacy,544,0.5292077660560608
doctor9,llm_legacy,545,-2.273191452026367
doctor9,llm_legacy,546,-1.7987476587295532
doctor9,llm_legacy,548,-0.7740296125411987
doctor9,llm_legacy,549,-0.619209349155426
doctor9,llm_legacy,550,-1.7054191827774048
doctor9,llm_legacy,553,1.1145426034927368
doctor9,llm_legacy,555,-0.6400201916694641
doctor9,llm_legacy,558,-1.7544258832931519
doctor9,llm_legacy,560,-1.2528120279312134
doctor9,llm_legacy,568,-1.8691177368164062
doctor9,llm_legacy,569,-2.088139057159424
doctor9,llm_legacy,571,-2.1155409812927246
doctor9,llm_legacy,573,-0.4281361997127533
doctor9,llm_legacy,576,-2.229478597640991
doctor9,llm_legacy,577,-0.8213241100311279
doctor9,llm_legacy,579,-2.0159854888916016
doctor9,llm_legacy,581,-0.5735302567481995
doctor9,llm_legacy,582,-1.3913637399673462
doctor9,llm_legacy,583,-0.6930190324783325
doctor9,llm_legacy,584,1.7357017993927002
doctor9,llm_legacy,585,-0.6905280351638794
doctor9,llm_legacy,586,-0.1919815093278885
doctor9,llm_legacy,588,-1.471990942955017
doctor9,llm_legacy,589,-0.14348240196704865
doctor9,llm_legacy,590,-2.0941216945648193
doctor9,llm_legacy,591,-1.9695019721984863
doctor9,llm_legacy,594,-0.5735302567481995
doctor9,llm_legacy,595,0.5727086067199707
doctor9,llm_legacy,596,-2.2927427291870117
doctor9,llm_legacy,597,-1.2223283052444458
doctor9,llm_legacy,598,-2.282421112060547
doctor9,llm_legacy,599,-1.5537636280059814
doctor9,llm_legacy,600,-0.5943647027015686
doctor9,llm_legacy,602,-2.1079964637756348
doctor9,llm_legacy,604,1.1473522186279297
doctor9,llm_legacy,605,-0.23354363441467285
doctor9,llm_legacy,606,0.9207899570465088
doctor9,llm_legacy,612,-2.224132776260376
doctor9,llm_legacy,614,-2.2873363494873047
doctor9,llm_legacy,616,0.4466037154197693
doctor9,llm_legacy,618,0.37674665451049805
doctor9,llm_legacy,619,-0.43065500259399414
doctor9,llm_legacy,622,0.48994892835617065
doctor9,llm_legacy,627,-2.086300849914551
doctor9,llm_legacy,629,-0.7646014094352722
doctor9,llm_legacy,630,0.5472343564033508
doctor9,llm_legacy,632,1.1865543127059937
doctor9,llm_legacy,634,-1.701895833015442
doctor9,llm_legacy,635,-2.290550708770752
doctor9,llm_legacy,636,-2.230849504470825
doctor9,llm_legacy,637,1.0964211225509644
doctor9,llm_legacy,639,-2.064739227294922
doctor9,llm_legacy,644,-2.0159854888916016
doctor9,llm_legacy,645,-1.3343698978424072
doctor9,llm_legacy,650,0.16759420931339264
doctor9,llm_legacy,651,1.8176277875900269
doctor9,llm_legacy,653,-2.267627000808716
doctor9,llm_legacy,654,-2.0333943367004395
doctor9,llm_legacy,656,-0.8991481065750122
doctor9,llm_legacy,657,-0.7646014094352722
doctor9,llm_legacy,661,-1.8074226379394531
doctor9,llm_legacy,663,-1.3787448406219482
doctor9,llm_legacy,665,-1.8681752681732178
doctor9,llm_legacy,666,-0.876801609992981
doctor9,llm_legacy,669,-2.244643449783325
doctor9,llm_legacy,670,0.5428899526596069
doctor9,llm_legacy,671,0.17374639213085175
doctor9,llm_legacy,674,-2.284322500228882
doctor9,llm_legacy,678,0.6368187069892883
doctor9,llm_legacy,679,1.502459168434143
doctor9,llm_legacy,680,1.0493048429489136
doctor9,llm_legacy,683,-1.7857831716537476
doctor9,llm_legacy,688,-2.284322500228882
doctor9,llm_legacy,690,-0.5319564342498779
doctor9,llm_legacy,693,-1.8700178861618042
doctor9,llm_legacy,695,0.8972551822662354
doctor9,llm_legacy,696,-1.4232832193374634
doctor9,llm_legacy,697,-0.8367671966552734
doctor9,llm_legacy,698,-1.9353536367416382
doctor9,llm_legacy,704,-1.9584397077560425
doctor9,llm_legacy,706,-0.4868394136428833
doctor9,llm_legacy,707,-2.064739227294922
doctor9,llm_legacy,708,1.8024705648422241
doctor9,llm_legacy,709,-2.096750259399414
doctor9,llm_legacy,711,-0.48464858531951904
doctor9,llm_legacy,712,-1.2262548208236694
doctor9,llm_legacy,714,-0.5542734861373901
doctor9,llm_legacy,715,-1.1714943647384644
doctor9,llm_legacy,716,0.6493975520133972
doctor9,llm_legacy,717,-0.931381344795227
doctor9,llm_legacy,718,-0.3931018114089966
doctor9,llm_legacy,722,-2.076216459274292
doctor9,llm_legacy,723,-2.0732641220092773
doctor9,llm_legacy,729,-1.5303480625152588
doctor9,llm_legacy,732,-1.9154893159866333
doctor9,llm_legacy,735,0.17254561185836792
doctor9,llm_legacy,738,0.6434122323989868
doctor9,llm_legacy,741,-2.0925180912017822
doctor9,llm_legacy,742,-2.177338123321533
doctor9,llm_legacy,746,-1.4338687658309937
doctor9,llm_legacy,750,-2.0442681312561035
doctor9,llm_legacy,754,0.27094191312789917
doctor9,llm_legacy,757,-0.030104530975222588
doctor9,llm_legacy,758,-0.5540012717247009
doctor9,llm_legacy,762,-0.9983383417129517
doctor9,llm_legacy,765,0.4843520224094391
doctor9,llm_legacy,768,0.7006680965423584
doctor9,llm_legacy,774,0.41876840591430664
doctor9,llm_legacy,775,-0.4283978343009949
doctor9,llm_legacy,778,-1.1644898653030396
doctor9,llm_legacy,779,-1.2020241022109985
doctor9,llm_legacy,782,-1.6434080600738525
doctor9,llm_legacy,784,-0.18235400319099426
doctor9,llm_legacy,788,-0.14851902425289154
doctor9,llm_legacy,790,-2.071312189102173
doctor9,llm_legacy,793,-0.376325786113739
doctor9,llm_legacy,797,-1.306911587715149
doctor9,llm_legacy,798,-0.1400071084499359
doctor9,llm_legacy,799,-2.1155409812927246
doctor9,llm_legacy,800,-1.0152660608291626
doctor9,llm_legacy,801,0.5795824527740479
doctor9,llm_legacy,803,-1.9695019721984863
doctor9,llm_legacy,811,-1.6932867765426636
doctor9,llm_legacy,812,-1.619134545326233
doctor9,llm_legacy,814,-0.28201040625572205
doctor9,llm_legacy,817,-0.8196178674697876
doctor9,llm_legacy,818,-0.09018368273973465
doctor9,llm_legacy,821,-1.8173705339431763
doctor9,llm_legacy,823,1.885180950164795
doctor9,llm_legacy,824,-1.7912832498550415
doctor9,llm_legacy,825,-1.905882716178894
doctor9,llm_legacy,827,0.34869253635406494
doctor9,llm_legacy,828,-1.2892669439315796
doctor9,llm_legacy,830,-2.285019874572754
doctor9,llm_legacy,833,-2.0117342472076416
doctor9,llm_legacy,837,1.471621036529541
doctor9,llm_legacy,838,-1.9154893159866333
doctor9,llm_legacy,846,-0.19361643493175507
doctor9,llm_legacy,850,-1.5949681997299194
doctor9,llm_legacy,853,-2.2980234622955322
doctor9,llm_legacy,860,-0.03135333210229874
doctor9,llm_legacy,866,-1.4255291223526
doctor9,llm_legacy,867,-0.21114420890808105
doctor9,llm_legacy,868,0.976432204246521
doctor9,llm_legacy,869,0.8798375725746155
doctor9,llm_legacy,871,-2.2682464122772217
doctor9,llm_legacy,873,-2.2024474143981934
doctor9,llm_legacy,874,-1.8090457916259766
doctor9,llm_legacy,877,-1.6639705896377563
doctor9,llm_legacy,880,0.18393978476524353
doctor9,llm_legacy,882,-1.7356990575790405
doctor9,llm_legacy,883,-1.3991023302078247
doctor9,llm_legacy,884,0.665413498878479
doctor9,llm_legacy,885,-0.1400071084499359
doctor9,llm_legacy,886,1.0197497606277466
doctor9,llm_legacy,893,0.8620188236236572
doctor9,llm_legacy,894,0.9639251828193665
doctor9,llm_legacy,895,0.907058835029602
doctor9,llm_legacy,896,-0.4283978343009949
doctor9,llm_legacy,897,-1.2634453773498535
doctor9,llm_legacy,900,-1.6613858938217163
doctor9,llm_legacy,901,-0.33351701498031616
doctor9,llm_legacy,902,-1.896955132484436
doctor9,llm_legacy,903,-1.0673428773880005
doctor9,llm_legacy,904,0.8243957757949829
doctor9,llm_legacy,905,-0.8474937677383423
doctor9,llm_legacy,908,0.14544716477394104
doctor9,llm_legacy,911,-0.8147467374801636
doctor9,llm_legacy,915,-1.2147862911224365
doctor9,llm_legacy,917,-0.21015536785125732
doctor9,llm_legacy,918,-0.8455697298049927
doctor9,llm_legacy,919,-2.281588315963745
doctor9,llm_legacy,921,0.3015155792236328
doctor9,llm_legacy,922,-2.020730495452881
doctor9,llm_legacy,923,-0.7631142139434814
doctor9,llm_legacy,924,-1.8090457916259766
doctor9,llm_legacy,925,0.993419885635376
doctor9,llm_legacy,926,-2.181457996368408
doctor9,llm_legacy,927,-1.5727828741073608
doctor9,llm_legacy,931,-2.299656391143799
doctor9,llm_legacy,934,-2.1620376110076904
doctor9,llm_legacy,935,-0.19596900045871735
doctor9,llm_legacy,936,-1.7525099515914917
doctor9,llm_legacy,937,-2.020730495452881
doctor9,llm_legacy,939,-0.9769964218139648
doctor9,llm_legacy,940,-2.014772653579712
doctor9,llm_legacy,942,0.655793309211731
doctor9,llm_legacy,943,1.1545443534851074
doctor9,llm_legacy,947,-2.1642913818359375
doctor9,llm_legacy,948,-2.2638394832611084
doctor9,llm_legacy,949,-1.0332775115966797
doctor9,llm_legacy,950,-0.8902817368507385
doctor9,llm_legacy,951,-1.5896590948104858
doctor9,llm_legacy,960,-0.8209729194641113
doctor9,llm_legacy,962,0.4448910653591156
doctor9,llm_legacy,964,0.24987855553627014
doctor9,llm_legacy,971,-1.3084716796875
doctor9,llm_legacy,974,-1.8904939889907837
doctor9,llm_legacy,975,-1.9662425518035889
doctor9,llm_legacy,976,-2.0596187114715576
doctor9,llm_legacy,978,-2.26670241355896
doctor9,llm_legacy,979,-2.0643575191497803
doctor9,llm_legacy,986,-1.8702223300933838
doctor9,llm_legacy,987,1.7003179788589478
doctor9,llm_legacy,989,-1.5174893140792847
doctor9,llm_legacy,990,-1.0361346006393433
doctor9,llm_legacy,991,-0.7377834916114807
doctor9,llm_legacy,992,-2.2522692680358887
doctor9,llm_legacy,995,-2.148921489715576
doctor9,llm_legacy,996,-1.676283359527588
doctor9,llm_legacy,998,0.8798375725746155
doctor9,llm_legacy,999,-1.8152153491973877
doctor10,llm_legacy,1,0.45645618438720703
doctor10,llm_legacy,3,0.000739220529794693
doctor10,llm_legacy,4,1.1738895177841187
doctor10,llm_legacy,6,-0.6593778133392334
doctor10,llm_legacy,7,0.8818649649620056
doctor10,llm_legacy,8,0.08216892182826996
doctor10,llm_legacy,10,0.7388902306556702
doctor10,llm_legacy,11,-1.9508235454559326
doctor10,llm_legacy,12,-0.7439399361610413
doctor10,llm_legacy,13,-0.6448662281036377
doctor10,llm_legacy,19,-1.2834986448287964
doctor10,llm_legacy,24,-1.4787464141845703
doctor10,llm_legacy,25,-0.7397311329841614
doctor10,llm_legacy,26,-0.35706478357315063
doctor10,llm_legacy,29,-0.7549375891685486
doctor10,llm_legacy,30,-1.5955917835235596
doctor10,llm_legacy,31,-1.5325452089309692
doctor10,llm_legacy,32,1.068380355834961
doctor10,llm_legacy,34,-0.9136712551116943
doctor10,llm_legacy,40,-0.5586747527122498
doctor10,llm_legacy,42,-0.44623664021492004
doctor10,llm_legacy,43,-0.6459651589393616
doctor10,llm_legacy,44,-0.9777531027793884
doctor10,llm_legacy,45,-1.7862049341201782
doctor10,llm_legacy,50,-1.9686555862426758
doctor10,llm_legacy,52,-1.0670256614685059
doctor10,llm_legacy,55,0.8035781383514404
doctor10,llm_legacy,56,0.6140243411064148
doctor10,llm_legacy,57,-1.6698758602142334
doctor10,llm_legacy,60,0.3987105190753937
doctor10,llm_legacy,61,-0.8048591613769531
doctor10,llm_legacy,62,-0.573948085308075
doctor10,llm_legacy,64,-1.9593569040298462
doctor10,llm_legacy,66,1.0585870742797852
doctor10,llm_legacy,67,-0.2826712429523468
doctor10,llm_legacy,68,1.1837260723114014
doctor10,llm_legacy,70,-1.6181316375732422
doctor10,llm_legacy,71,0.7955564856529236
doctor10,llm_legacy,73,-0.5103811025619507
doctor10,llm_legacy,74,0.309514582157135
doctor10,llm_legacy,75,-1.9164469242095947
doctor10,llm_legacy,77,-1.743071436882019
doctor10,llm_legacy,78,-1.2353183031082153
doctor10,llm_legacy,79,-0.15653009712696075
doctor10,llm_legacy,80,-1.736433982849121
doctor10,llm_legacy,82,0.13771428167819977
doctor10,llm_legacy,83,1.068594217300415
doctor10,llm_legacy,84,-0.8108614087104797
doctor10,llm_legacy,85,-1.6652216911315918
doctor10,llm_legacy,87,0.35273477435112
doctor10,llm_legacy,89,-0.4343826174736023
doctor10,llm_legacy,90,0.2690962553024292
doctor10,llm_legacy,91,-0.8729947209358215
doctor10,llm_legacy,93,-1.1634695529937744
doctor10,llm_legacy,95,-1.2388420104980469
doctor10,llm_legacy,97,0.44437849521636963
doctor10,llm_legacy,98,-0.7770198583602905
doctor10,llm_legacy,101,-1.961107611656189
doctor10,llm_legacy,102,-0.9762374758720398
doctor10,llm_legacy,105,-1.958300232887268
doctor10,llm_legacy,108,-1.5467631816864014
doctor10,llm_legacy,109,-0.29010677337646484
doctor10,llm_legacy,110,-0.4634237289428711
doctor10,llm_legacy,111,-2.097254514694214
doctor10,llm_legacy,114,1.0521049499511719
doctor10,llm_legacy,115,-0.5158288478851318
doctor10,llm_legacy,119,1.1841727495193481
doctor10,llm_legacy,121,0.819712221622467
doctor10,llm_legacy,126,1.1321567296981812
doctor10,llm_legacy,132,-0.8310653567314148
doctor10,llm_legacy,133,-0.9077504277229309
doctor10,llm_legacy,134,-0.38471555709838867
doctor10,llm_legacy,136,0.5803660750389099
doctor10,llm_legacy,137,-1.1915205717086792
doctor10,llm_legacy,138,-0.6998961567878723
doctor10,llm_legacy,140,-2.035111665725708
doctor10,llm_legacy,141,0.18920816481113434
doctor10,llm_legacy,142,1.1785895824432373
doctor10,llm_legacy,145,-0.002640802413225174
doctor10,llm_legacy,146,0.7529117465019226
doctor10,llm_legacy,149,0.12354819476604462
doctor10,llm_legacy,156,-1.2862082719802856
doctor10,llm_legacy,159,-1.5328807830810547
doctor10,llm_legacy,164,-1.94314706325531
doctor10,llm_legacy,165,1.2085554599761963
doctor10,llm_legacy,166,-0.6153884530067444
doctor10,llm_legacy,168,0.9301144480705261
doctor10,llm_legacy,169,-1.1475436687469482
doctor10,llm_legacy,170,-0.6025711894035339
doctor10,llm_legacy,173,-1.0637239217758179
doctor10,llm_legacy,174,0.7933619022369385
doctor10,llm_legacy,175,0.26968371868133545
doctor10,llm_legacy,177,-0.742466151714325
doctor10,llm_legacy,179,-0.5306829810142517
doctor10,llm_legacy,182,-1.9228746891021729
doctor10,llm_legacy,183,-0.8549184203147888
doctor10,llm_legacy,185,-0.7383367419242859
doctor10,llm_legacy,186,0.05330563709139824
doctor10,llm_legacy,193,-0.30320611596107483
doctor10,llm_legacy,194,-1.9614757299423218
doctor10,llm_legacy,197,-1.038535237312317
doctor10,llm_legacy,199,-0.10986028611660004
doctor10,llm_legacy,200,-2.02353835105896
doctor10,llm_legacy,205,-1.6409152746200562
doctor10,llm_legacy,209,0.4692341089248657
doctor10,llm_legacy,210,1.0980846881866455
doctor10,llm_legacy,211,0.41443538665771484
doctor10,llm_legacy,212,1.1841727495193481
doctor10,llm_legacy,213,1.1518282890319824
doctor10,llm_legacy,214,-0.601367175579071
doctor10,llm_legacy,216,1.294128656387329
doctor10,llm_legacy,219,-1.3513950109481812
doctor10,llm_legacy,221,0.9138326048851013
doctor10,llm_legacy,222,-2.097254514694214
doctor10,llm_legacy,224,-1.4938337802886963
doctor10,llm_legacy,228,-0.6354385018348694
doctor10,llm_legacy,229,-1.9570175409317017
doctor10,llm_legacy,232,-0.17709900438785553
doctor10,llm_legacy,235,1.0585722923278809
doctor10,llm_legacy,236,0.6440950632095337
doctor10,llm_legacy,238,-1.208100438117981
doctor10,llm_legacy,239,-0.7549375891685486
doctor10,llm_legacy,240,-0.5442508459091187
doctor10,llm_legacy,245,-2.035111665725708
doctor10,llm_legacy,248,-1.6189885139465332
doctor10,llm_legacy,249,0.9897254109382629
doctor10,llm_legacy,250,-1.04231858253479
doctor10,llm_legacy,251,-1.249896764755249
doctor10,llm_legacy,255,-1.0442461967468262
doctor10,llm_legacy,257,1.6762208938598633
doctor10,llm_legacy,260,-0.6537367105484009
doctor10,llm_legacy,261,-1.957000494003296
doctor10,llm_legacy,262,-0.9876605868339539
doctor10,llm_legacy,265,-1.1475436687469482
doctor10,llm_legacy,266,-1.9542772769927979
doctor10,llm_legacy,267,0.877931535243988
doctor10,llm_legacy,273,0.8207245469093323
doctor10,llm_legacy,275,-1.4169037342071533
doctor10,llm_legacy,276,0.17928530275821686
doctor10,llm_legacy,278,-1.1362411975860596
doctor10,llm_legacy,279,-0.3343445360660553
doctor10,llm_legacy,281,-0.8310653567314148
doctor10,llm_legacy,282,0.3801651895046234
doctor10,llm_legacy,286,-1.7528537511825562
doctor10,llm_legacy,287,-0.8195203542709351
doctor10,llm_legacy,290,-1.2000806331634521
doctor10,llm_legacy,291,-0.7342159748077393
doctor10,llm_legacy,292,-1.4956932067871094
doctor10,llm_legacy,293,-1.4349195957183838
doctor10,llm_legacy,295,-0.5997692942619324
doctor10,llm_legacy,297,0.9376872181892395
doctor10,llm_legacy,299,0.1340467929840088
doctor10,llm_legacy,300,0.9379026293754578
doctor10,llm_legacy,301,-1.9537460803985596
doctor10,llm_legacy,303,0.08216892182826996
doctor10,llm_legacy,306,-0.25983989238739014
doctor10,llm_legacy,307,1.1848458051681519
doctor10,llm_legacy,308,-1.5239472389221191
doctor10,llm_legacy,310,-1.943399429321289
doctor10,llm_legacy,311,-1.385977029800415
doctor10,llm_legacy,312,1.1843159198760986
doctor10,llm_legacy,313,0.9158177971839905
doctor10,llm_legacy,315,1.0360536575317383
doctor10,llm_legacy,317,0.8111414313316345
doctor10,llm_legacy,319,0.25900232791900635
doctor10,llm_legacy,320,-1.0637239217758179
doctor10,llm_legacy,322,0.5284465551376343
doctor10,llm_legacy,324,1.0069284439086914
doctor10,llm_legacy,327,0.4075055718421936
doctor10,llm_legacy,328,1.0778429508209229
doctor10,llm_legacy,329,0.3616340160369873
doctor10,llm_legacy,330,0.26269036531448364
doctor10,llm_legacy,332,-1.6785433292388916
doctor10,llm_legacy,333,-0.8310653567314148
doctor10,llm_legacy,334,-1.5773893594741821
doctor10,llm_legacy,335,0.48626381158828735
doctor10,llm_legacy,337,-1.2640748023986816
doctor10,llm_legacy,339,-0.2779323160648346
doctor10,llm_legacy,343,-0.002640802413225174
doctor10,llm_legacy,345,-1.1110084056854248
doctor10,llm_legacy,347,-1.961107611656189
doctor10,llm_legacy,351,-1.0935282707214355
doctor10,llm_legacy,352,0.826739490032196
doctor10,llm_legacy,353,0.7989786863327026
doctor10,llm_legacy,355,-0.3523538112640381
doctor10,llm_legacy,356,-1.6908843517303467
doctor10,llm_legacy,358,-0.22545422613620758
doctor10,llm_legacy,360,-1.6652216911315918
doctor10,llm_legacy,361,0.6587291359901428
doctor10,llm_legacy,362,0.8688485026359558
doctor10,llm_legacy,363,-0.7215915322303772
doctor10,llm_legacy,364,-0.4736093282699585
doctor10,llm_legacy,366,-0.5891405940055847
doctor10,llm_legacy,368,-0.4783661961555481
doctor10,llm_legacy,369,-1.0835249423980713
doctor10,llm_legacy,371,-0.2267056554555893
doctor10,llm_legacy,372,0.7479313015937805
doctor10,llm_legacy,376,-1.9498286247253418
doctor10,llm_legacy,378,-0.22365988790988922
doctor10,llm_legacy,381,-1.1925468444824219
doctor10,llm_legacy,382,-1.4849646091461182
doctor10,llm_legacy,383,-1.2965199947357178
doctor10,llm_legacy,389,0.9566413760185242
doctor10,llm_legacy,391,-1.997530460357666
doctor10,llm_legacy,394,0.6758204102516174
doctor10,llm_legacy,395,-0.15493197739124298
doctor10,llm_legacy,397,-2.0867011547088623
doctor10,llm_legacy,399,-0.29488128423690796
doctor10,llm_legacy,405,-0.47638073563575745
doctor10,llm_legacy,406,0.7764844298362732
doctor10,llm_legacy,409,-0.5471924543380737
doctor10,llm_legacy,410,0.16337193548679352
doctor10,llm_legacy,412,-1.7447667121887207
doctor10,llm_legacy,413,-1.7192161083221436
doctor10,llm_legacy,417,1.0431873798370361
doctor10,llm_legacy,418,-0.8729947209358215
doctor10,llm_legacy,421,0.48007893562316895
doctor10,llm_legacy,423,0.07384468615055084
doctor10,llm_legacy,424,1.3240008354187012
doctor10,llm_legacy,425,-0.31904280185699463
doctor10,llm_legacy,426,0.8761177659034729
doctor10,llm_legacy,427,-1.5386338233947754
doctor10,llm_legacy,429,1.0978868007659912
doctor10,llm_legacy,430,-1.7874674797058105
doctor10,llm_legacy,431,-1.9022552967071533
doctor10,llm_legacy,433,-0.803742527961731
doctor10,llm_legacy,434,0.7131901979446411
doctor10,llm_legacy,437,1.2761547565460205
doctor10,llm_legacy,440,-1.3554459810256958
doctor10,llm_legacy,441,0.029127221554517746
doctor10,llm_legacy,443,-1.6121573448181152
doctor10,llm_legacy,445,-1.5544288158416748
doctor10,llm_legacy,446,0.7131901979446411
doctor10,llm_legacy,448,-1.0149202346801758
doctor10,llm_legacy,449,-1.9567043781280518
doctor10,llm_legacy,450,-1.6364185810089111
doctor10,llm_legacy,451,-0.15172258019447327
doctor10,llm_legacy,452,0.43872934579849243
doctor10,llm_legacy,454,-0.034356627613306046
doctor10,llm_legacy,457,-0.6027686595916748
doctor10,llm_legacy,458,-1.9962260723114014
doctor10,llm_legacy,463,-1.0236902236938477
doctor10,llm_legacy,465,-1.4400699138641357
doctor10,llm_legacy,466,-0.7882246375083923
doctor10,llm_legacy,468,1.0778429508209229
doctor10,llm_legacy,469,-0.6753157377243042
doctor10,llm_legacy,478,0.5429544448852539
doctor10,llm_legacy,479,0.8372580409049988
doctor10,llm_legacy,480,1.0052225589752197
doctor10,llm_legacy,482,-1.8042370080947876
doctor10,llm_legacy,483,-1.743147611618042
doctor10,llm_legacy,484,0.18920816481113434
doctor10,llm_legacy,486,-0.9788671135902405
doctor10,llm_legacy,487,-1.2000806331634521
doctor10,llm_legacy,491,-0.5660268068313599
doctor10,llm_legacy,494,-1.7023394107818604
doctor10,llm_legacy,495,0.8726791739463806
doctor10,llm_legacy,496,0.5014464855194092
doctor10,llm_legacy,498,-1.0648956298828125
doctor10,llm_legacy,500,-1.5825560092926025
doctor10,llm_legacy,501,0.6630599498748779
doctor10,llm_legacy,502,0.589942991733551
doctor10,llm_legacy,507,-0.8769645690917969
doctor10,llm_legacy,508,-1.7023394107818604
doctor10,llm_legacy,514,-1.9471157789230347
doctor10,llm_legacy,515,-0.6624547839164734
doctor10,llm_legacy,517,0.6678903698921204
doctor10,llm_legacy,519,-0.1930941492319107
doctor10,llm_legacy,520,0.5683024525642395
doctor10,llm_legacy,522,-0.17756693065166473
doctor10,llm_legacy,523,-1.812536597251892
doctor10,llm_legacy,524,-0.3527228832244873
doctor10,llm_legacy,526,-1.969785213470459
doctor10,llm_legacy,527,-1.8293098211288452
doctor10,llm_legacy,528,-0.39810261130332947
doctor10,llm_legacy,529,-0.8060987591743469
doctor10,llm_legacy,530,-1.377420425415039
doctor10,llm_legacy,531,0.723133385181427
doctor10,llm_legacy,532,-2.0461947917938232
doctor10,llm_legacy,533,-0.3282979428768158
doctor10,llm_legacy,534,-2.035111665725708
doctor10,llm_legacy,535,-0.8081356287002563
doctor10,llm_legacy,536,-0.2608228921890259
doctor10,llm_legacy,537,-1.7023394107818604
doctor10,llm_legacy,540,-1.9327402114868164
doctor10,llm_legacy,542,-1.4029732942581177
doctor10,llm_legacy,543,0.8214927911758423
doctor10,llm_legacy,544,0.8277433514595032
doctor10,llm_legacy,545,-1.9472546577453613
doctor10,llm_legacy,546,-1.0214602947235107
doctor10,llm_legacy,548,-0.13676798343658447
doctor10,llm_legacy,549,-0.5869829058647156
doctor10,llm_legacy,550,-1.5507444143295288
doctor10,llm_legacy,553,0.35723668336868286
doctor10,llm_legacy,555,0.2694810628890991
doctor10,llm_legacy,558,-1.048164963722229
doctor10,llm_legacy,560,-0.8006017804145813
doctor10,llm_legacy,568,-1.471754550933838
doctor10,llm_legacy,569,-1.9094767570495605
doctor10,llm_legacy,571,-1.8748445510864258
doctor10,llm_legacy,573,-0.793372392654419
doctor10,llm_legacy,576,-2.052121877670288
doctor10,llm_legacy,577,-0.8060987591743469
doctor10,llm_legacy,579,-2.017340660095215
doctor10,llm_legacy,581,0.029127221554517746
doctor10,llm_legacy,582,-1.0752038955688477
doctor10,llm_legacy,583,0.1589975208044052
doctor10,llm_legacy,584,0.7655168175697327
doctor10,llm_legacy,585,-0.1091374009847641
doctor10,llm_legacy,586,0.18920816481113434
doctor10,llm_legacy,588,-0.8707534670829773
doctor10,llm_legacy,589,0.07960021495819092
doctor10,llm_legacy,590,-1.5884751081466675
doctor10,llm_legacy,591,-1.743071436882019
doctor10,llm_legacy,594,0.029127221554517746
doctor10,llm_legacy,595,1.114841103553772
doctor10,llm_legacy,596,-1.941174864768982
doctor10,llm_legacy,597,-0.6232513785362244
doctor10,llm_legacy,598,-1.9597033262252808
doctor10,llm_legacy,599,-1.332736611366272
doctor10,llm_legacy,600,0.05876820906996727
doctor10,llm_legacy,602,-1.9447129964828491
doctor10,llm_legacy,604,0.7312918901443481
doctor10,llm_legacy,605,-0.42423170804977417
doctor10,llm_legacy,606,0.9618650078773499
doctor10,llm_legacy,612,-1.8674793243408203
doctor10,llm_legacy,614,-1.9569193124771118
doctor10,llm_legacy,616,0.45858970284461975
doctor10,llm_legacy,618,0.9659399390220642
doctor10,llm_legacy,619,-0.4256521463394165
doctor10,llm_legacy,622,0.5310114026069641
doctor10,llm_legacy,627,-1.892213225364685
doctor10,llm_legacy,629,-0.7656906247138977
doctor10,llm_legacy,630,1.0185632705688477
doctor10,llm_legacy,632,0.5845322012901306
doctor10,llm_legacy,634,-0.9729362726211548
doctor10,llm_legacy,635,-1.9541093111038208
doctor10,llm_legacy,636,-1.7203397750854492
doctor10,llm_legacy,637,0.6970069408416748
doctor10,llm_legacy,639,-1.5544288158416748
doctor10,llm_legacy,644,-2.017340660095215
doctor10,llm_legacy,645,-0.7077615261077881
doctor10,llm_legacy,650,0.19078759849071503
doctor10,llm_legacy,651,0.8290063142776489
doctor10,llm_legacy,653,-1.9545166492462158
doctor10,llm_legacy,654,-1.4671800136566162
doctor10,llm_legacy,656,-0.37376829981803894
doctor10,llm_legacy,657,-0.7656906247138977
doctor10,llm_legacy,661,-0.7397311329841614
doctor10,llm_legacy,663,-0.6867675185203552
doctor10,llm_legacy,665,-1.1634695529937744
doctor10,llm_legacy,666,-0.8729947209358215
doctor10,llm_legacy,669,-1.975614070892334
doctor10,llm_legacy,670,1.1403909921646118
doctor10,llm_legacy,671,0.4943840801715851
doctor10,llm_legacy,674,-1.9427199363708496
doctor10,llm_legacy,678,0.8083068132400513
doctor10,llm_legacy,679,0.818619430065155
doctor10,llm_legacy,680,-0.023260388523340225
doctor10,llm_legacy,683,-1.0775971412658691
doctor10,llm_legacy,688,-1.9427199363708496
doctor10,llm_legacy,690,0.07441231608390808
doctor10,llm_legacy,693,-1.3366751670837402
doctor10,llm_legacy,695,0.6489208340644836
doctor10,llm_legacy,696,-0.5944506525993347
doctor10,llm_legacy,697,-0.8140882849693298
doctor10,llm_legacy,698,-1.2864000797271729
doctor10,llm_legacy,704,-1.3045663833618164
doctor10,llm_legacy,706,0.5643714070320129
doctor10,llm_legacy,707,-1.5544288158416748
doctor10,llm_legacy,708,0.9002451300621033
doctor10,llm_legacy,709,-1.9772331714630127
doctor10,llm_legacy,711,0.25651946663856506
doctor10,llm_legacy,712,-0.3876335620880127
doctor10,llm_legacy,714,-0.3623189926147461
doctor10,llm_legacy,715,-0.3233351707458496
doctor10,llm_legacy,716,0.05845915898680687
doctor10,llm_legacy,717,-0.3634165823459625
doctor10,llm_legacy,718,0.06540685892105103
doctor10,llm_legacy,722,-1.8239022493362427
doctor10,llm_legacy,723,-1.5825560092926025
doctor10,llm_legacy,729,-0.8769645690917969
doctor10,llm_legacy,732,-1.8042370080947876
doctor10,llm_legacy,735,0.39505571126937866
doctor10,llm_legacy,738,0.5425321459770203
doctor10,llm_legacy,741,-1.718346118927002
doctor10,llm_legacy,742,-1.3884087800979614
doctor10,llm_legacy,746,-0.9235870242118835
doctor10,llm_legacy,750,-1.7270112037658691
doctor10,llm_legacy,754,0.7259699702262878
doctor10,llm_legacy,757,0.6984992623329163
doctor10,llm_legacy,758,-0.9452389478683472
doctor10,llm_legacy,762,-0.32276487350463867
doctor10,llm_legacy,765,0.39928507804870605
doctor10,llm_legacy,768,0.2776966691017151
doctor10,llm_legacy,774,0.9366462826728821
doctor10,llm_legacy,775,-0.31904280185699463
doctor10,llm_legacy,778,-0.49804848432540894
doctor10,llm_legacy,779,-0.8894894123077393
doctor10,llm_legacy,782,-1.1575522422790527
doctor10,llm_legacy,784,0.5114564299583435
doctor10,llm_legacy,788,-0.0380796454846859
doctor10,llm_legacy,790,-1.7913682460784912
doctor10,llm_legacy,793,-0.5583258867263794
doctor10,llm_legacy,797,-0.1954808086156845
doctor10,llm_legacy,798,0.5555686950683594
doctor10,llm_legacy,799,-1.8748445510864258
doctor10,llm_legacy,800,-0.7720032930374146
doctor10,llm_legacy,801,1.0686980485916138
doctor10,llm_legacy,803,-1.743071436882019
doctor10,llm_legacy,811,-1.474907398223877
doctor10,llm_legacy,812,-1.0351028442382812
doctor10,llm_legacy,814,0.006826896220445633
doctor10,llm_legacy,817,-0.2516063153743744
doctor10,llm_legacy,818,0.06475511193275452
doctor10,llm_legacy,821,-0.7783477306365967
doctor10,llm_legacy,823,0.9238373041152954
doctor10,llm_legacy,824,-1.5660121440887451
doctor10,llm_legacy,825,-1.6688047647476196
doctor10,llm_legacy,827,0.7642497420310974
doctor10,llm_legacy,828,-0.930595338344574
doctor10,llm_legacy,830,-1.9317631721496582
doctor10,llm_legacy,833,-1.3900887966156006
doctor10,llm_legacy,837,0.9996923208236694
doctor10,llm_legacy,838,-1.8042370080947876
doctor10,llm_legacy,846,0.4692341089248657
doctor10,llm_legacy,850,-1.3834609985351562
doctor10,llm_legacy,853,-1.9394800662994385
doctor10,llm_legacy,860,-0.05046326294541359
doctor10,llm_legacy,866,-0.6580057740211487
doctor10,llm_legacy,867,0.3692232370376587
doctor10,llm_legacy,868,0.6873162388801575
doctor10,llm_legacy,869,0.6412211656570435
doctor10,llm_legacy,871,-1.9265379905700684
doctor10,llm_legacy,873,-2.057520866394043
doctor10,llm_legacy,874,-1.0960900783538818
doctor10,llm_legacy,877,-1.4264482259750366
doctor10,llm_legacy,880,1.1742002964019775
doctor10,llm_legacy,882,-1.002187728881836
doctor10,llm_legacy,883,-1.1572420597076416
doctor10,llm_legacy,884,-0.33179324865341187
doctor10,llm_legacy,885,0.5555686950683594
doctor10,llm_legacy,886,1.2056188583374023
doctor10,llm_legacy,893,1.2232205867767334
doctor10,llm_legacy,894,1.1841727495193481
doctor10,llm_legacy,895,1.5333373546600342
doctor10,llm_legacy,896,-0.31904280185699463
doctor10,llm_legacy,897,-1.1047534942626953
doctor10,llm_legacy,900,-1.0136277675628662
doctor10,llm_legacy,901,0.3651333451271057
doctor10,llm_legacy,902,-1.3535289764404297
doctor10,llm_legacy,903,-0.36730027198791504
doctor10,llm_legacy,904,0.1524638682603836
doctor10,llm_legacy,905,-0.8389692902565002
doctor10,llm_legacy,908,0.2591589391231537
doctor10,llm_legacy,911,-0.1654801070690155
doctor10,llm_legacy,915,-0.8649125695228577
doctor10,llm_legacy,917,-0.13090114295482635
doctor10,llm_legacy,918,-0.45954540371894836
doctor10,llm_legacy,919,-1.9508235454559326
doctor10,llm_legacy,921,0.04829828441143036
doctor10,llm_legacy,922,-1.4374406337738037
doctor10,llm_legacy,923,-0.2868206202983856
doctor10,llm_legacy,924,-1.0960900783538818
doctor10,llm_legacy,925,0.5201178789138794
doctor10,llm_legacy,926,-1.9303609132766724
doctor10,llm_legacy,927,-0.9132373332977295
doctor10,llm_legacy,931,-1.9327402114868164
doctor10,llm_legacy,934,-1.921173334121704
doctor10,llm_legacy,935,-0.16767452657222748
doctor10,llm_legacy,936,-1.305885672569275
doctor10,llm_legacy,937,-1.4374406337738037
doctor10,llm_legacy,939,-1.0524331331253052
doctor10,llm_legacy,940,-1.5372203588485718
doctor10,llm_legacy,942,1.1469905376434326
doctor10,llm_legacy,943,0.723133385181427
doctor10,llm_legacy,947,-1.7458735704421997
doctor10,llm_legacy,948,-1.1987028121948242
doctor10,llm_legacy,949,-0.280433714389801
doctor10,llm_legacy,950,-0.13060632348060608
doctor10,llm_legacy,951,-0.8810691237449646
doctor10,llm_legacy,960,-0.983338475227356
doctor10,llm_legacy,962,1.063794493675232
doctor10,llm_legacy,964,0.3123616874217987
doctor10,llm_legacy,971,-1.2378720045089722
doctor10,llm_legacy,974,-1.6181316375732422
doctor10,llm_legacy,975,-0.8569965362548828
doctor10,llm_legacy,976,-1.756750226020813
doctor10,llm_legacy,978,-2.10662579536438
doctor10,llm_legacy,979,-1.6488162279129028
doctor10,llm_legacy,986,-1.5241265296936035
doctor10,llm_legacy,987,0.8688485026359558
doctor10,llm_legacy,989,-0.7882246375083923
doctor10,llm_legacy,990,-0.5542576909065247
doctor10,llm_legacy,991,-0.7440717816352844
doctor10,llm_legacy,992,-1.9726730585098267
doctor10,llm_legacy,995,-1.9962260723114014
doctor10,llm_legacy,996,-1.4792773723602295
doctor10,llm_legacy,998,0.6412211656570435
doctor10,llm_legacy,999,-1.1065815687179565
claude_opus_4_7,llm_new,1,0.8859824538230896
claude_opus_4_7,llm_new,3,0.28764504194259644
claude_opus_4_7,llm_new,4,1.9811371564865112
claude_opus_4_7,llm_new,6,-1.0449351072311401
claude_opus_4_7,llm_new,7,2.2761735916137695
claude_opus_4_7,llm_new,8,0.26775288581848145
claude_opus_4_7,llm_new,10,0.6591154336929321
claude_opus_4_7,llm_new,11,-2.069337844848633
claude_opus_4_7,llm_new,12,-0.9791271090507507
claude_opus_4_7,llm_new,13,-0.5846821069717407
claude_opus_4_7,llm_new,19,-1.307442307472229
claude_opus_4_7,llm_new,24,-2.0480308532714844
claude_opus_4_7,llm_new,25,-1.5525599718093872
claude_opus_4_7,llm_new,26,-0.27717798948287964
claude_opus_4_7,llm_new,29,-1.1758465766906738
claude_opus_4_7,llm_new,30,-1.5184632539749146
claude_opus_4_7,llm_new,31,-1.3916980028152466
claude_opus_4_7,llm_new,32,1.861606478691101
claude_opus_4_7,llm_new,34,-1.1846632957458496
claude_opus_4_7,llm_new,40,-0.5276840329170227
claude_opus_4_7,llm_new,42,-0.6796463131904602
claude_opus_4_7,llm_new,43,-0.9145984053611755
claude_opus_4_7,llm_new,44,-1.4809110164642334
claude_opus_4_7,llm_new,45,-1.918718695640564
claude_opus_4_7,llm_new,50,-2.0190229415893555
claude_opus_4_7,llm_new,52,-0.9899788498878479
claude_opus_4_7,llm_new,55,0.8510825037956238
claude_opus_4_7,llm_new,56,1.0610729455947876
claude_opus_4_7,llm_new,57,-1.9472270011901855
claude_opus_4_7,llm_new,60,1.2150583267211914
claude_opus_4_7,llm_new,61,-1.0798461437225342
claude_opus_4_7,llm_new,62,-1.025147557258606
claude_opus_4_7,llm_new,64,-2.0389811992645264
claude_opus_4_7,llm_new,66,1.3537366390228271
claude_opus_4_7,llm_new,67,-0.18122535943984985
claude_opus_4_7,llm_new,68,1.6806049346923828
claude_opus_4_7,llm_new,70,-1.4652103185653687
claude_opus_4_7,llm_new,71,0.2732910215854645
claude_opus_4_7,llm_new,73,-0.8636887669563293
claude_opus_4_7,llm_new,74,1.0460456609725952
claude_opus_4_7,llm_new,75,-2.0301706790924072
claude_opus_4_7,llm_new,77,-1.4603708982467651
claude_opus_4_7,llm_new,78,-1.28910231590271
claude_opus_4_7,llm_new,79,0.20212486386299133
claude_opus_4_7,llm_new,80,-1.873218297958374
claude_opus_4_7,llm_new,82,0.49865981936454773
claude_opus_4_7,llm_new,83,1.548223853111267
claude_opus_4_7,llm_new,84,-1.247963547706604
claude_opus_4_7,llm_new,85,-2.1460537910461426
claude_opus_4_7,llm_new,87,0.9623083472251892
claude_opus_4_7,llm_new,89,-0.7430617809295654
claude_opus_4_7,llm_new,90,-0.1800161600112915
claude_opus_4_7,llm_new,91,-0.8065469861030579
claude_opus_4_7,llm_new,93,-1.6580175161361694
claude_opus_4_7,llm_new,95,-1.296399474143982
claude_opus_4_7,llm_new,97,0.5454246401786804
claude_opus_4_7,llm_new,98,-0.7466668486595154
claude_opus_4_7,llm_new,101,-2.034343957901001
claude_opus_4_7,llm_new,102,-1.0290004014968872
claude_opus_4_7,llm_new,105,-2.0818347930908203
claude_opus_4_7,llm_new,108,-1.178378939628601
claude_opus_4_7,llm_new,109,-0.6357731819152832
claude_opus_4_7,llm_new,110,-0.8265299201011658
claude_opus_4_7,llm_new,111,-2.038088798522949
claude_opus_4_7,llm_new,114,2.207207679748535
claude_opus_4_7,llm_new,115,-0.7058988213539124
claude_opus_4_7,llm_new,119,1.754752278327942
claude_opus_4_7,llm_new,121,0.436095654964447
claude_opus_4_7,llm_new,126,2.2036471366882324
claude_opus_4_7,llm_new,132,-0.7750972509384155
claude_opus_4_7,llm_new,133,-1.674530029296875
claude_opus_4_7,llm_new,134,-0.3380900025367737
claude_opus_4_7,llm_new,136,2.219144344329834
claude_opus_4_7,llm_new,137,-1.688198447227478
claude_opus_4_7,llm_new,138,-1.6809829473495483
claude_opus_4_7,llm_new,140,-1.9611064195632935
claude_opus_4_7,llm_new,141,0.4228105843067169
claude_opus_4_7,llm_new,142,1.9180821180343628
claude_opus_4_7,llm_new,145,-0.08391264826059341
claude_opus_4_7,llm_new,146,1.1545722484588623
claude_opus_4_7,llm_new,149,0.3702739179134369
claude_opus_4_7,llm_new,156,-1.8506443500518799
claude_opus_4_7,llm_new,159,-1.7934142351150513
claude_opus_4_7,llm_new,164,-1.8446515798568726
claude_opus_4_7,llm_new,165,0.9787572026252747
claude_opus_4_7,llm_new,166,-0.46518686413764954
claude_opus_4_7,llm_new,168,1.9152965545654297
claude_opus_4_7,llm_new,169,-1.1664520502090454
claude_opus_4_7,llm_new,170,-1.4044636487960815
claude_opus_4_7,llm_new,173,-1.0561147928237915
claude_opus_4_7,llm_new,174,0.2582836449146271
claude_opus_4_7,llm_new,175,0.1431252360343933
claude_opus_4_7,llm_new,177,-0.7102017998695374
claude_opus_4_7,llm_new,179,-1.2710036039352417
claude_opus_4_7,llm_new,182,-1.823189377784729
claude_opus_4_7,llm_new,183,-1.4750580787658691
claude_opus_4_7,llm_new,185,-1.0508513450622559
claude_opus_4_7,llm_new,186,0.21481816470623016
claude_opus_4_7,llm_new,193,-0.10351685434579849
claude_opus_4_7,llm_new,194,-2.0346498489379883
claude_opus_4_7,llm_new,197,-1.5100599527359009
claude_opus_4_7,llm_new,199,-0.12165530771017075
claude_opus_4_7,llm_new,200,-1.9470901489257812
claude_opus_4_7,llm_new,205,-1.921257734298706
claude_opus_4_7,llm_new,209,0.42827364802360535
claude_opus_4_7,llm_new,210,2.0963306427001953
claude_opus_4_7,llm_new,211,0.43371859192848206
claude_opus_4_7,llm_new,212,1.754752278327942
claude_opus_4_7,llm_new,213,1.4588040113449097
claude_opus_4_7,llm_new,214,-0.033548589795827866
claude_opus_4_7,llm_new,216,1.6482375860214233
claude_opus_4_7,llm_new,219,-0.9784174561500549
claude_opus_4_7,llm_new,221,2.2883996963500977
claude_opus_4_7,llm_new,222,-2.038088798522949
claude_opus_4_7,llm_new,224,-2.1246790885925293
claude_opus_4_7,llm_new,228,-1.823908805847168
claude_opus_4_7,llm_new,229,-2.0510356426239014
claude_opus_4_7,llm_new,232,0.22006751596927643
claude_opus_4_7,llm_new,235,2.117368221282959
claude_opus_4_7,llm_new,236,0.1767069697380066
claude_opus_4_7,llm_new,238,-1.1724673509597778
claude_opus_4_7,llm_new,239,-1.1758465766906738
claude_opus_4_7,llm_new,240,0.3168920874595642
claude_opus_4_7,llm_new,245,-1.9611064195632935
claude_opus_4_7,llm_new,248,-2.1474733352661133
claude_opus_4_7,llm_new,249,2.1037611961364746
claude_opus_4_7,llm_new,250,-0.9636760354042053
claude_opus_4_7,llm_new,251,-1.6311019659042358
claude_opus_4_7,llm_new,255,-1.7733298540115356
claude_opus_4_7,llm_new,257,2.029972553253174
claude_opus_4_7,llm_new,260,-0.18459546566009521
claude_opus_4_7,llm_new,261,-2.0464062690734863
claude_opus_4_7,llm_new,262,-0.9481385350227356
claude_opus_4_7,llm_new,265,-1.1664520502090454
claude_opus_4_7,llm_new,266,-2.0458264350891113
claude_opus_4_7,llm_new,267,2.280052900314331
claude_opus_4_7,llm_new,273,0.9197095036506653
claude_opus_4_7,llm_new,275,-1.7052985429763794
claude_opus_4_7,llm_new,276,0.7532554268836975
claude_opus_4_7,llm_new,278,-1.8416582345962524
claude_opus_4_7,llm_new,279,-0.3236619234085083
claude_opus_4_7,llm_new,281,-0.7750972509384155
claude_opus_4_7,llm_new,282,0.6263288855552673
claude_opus_4_7,llm_new,286,-2.145246982574463
claude_opus_4_7,llm_new,287,-0.7807316184043884
claude_opus_4_7,llm_new,290,-1.670263648033142
claude_opus_4_7,llm_new,291,-1.116531491279602
claude_opus_4_7,llm_new,292,-1.2074376344680786
claude_opus_4_7,llm_new,293,-1.6691060066223145
claude_opus_4_7,llm_new,295,-0.09524141997098923
claude_opus_4_7,llm_new,297,1.3685840368270874
claude_opus_4_7,llm_new,299,0.6924120783805847
claude_opus_4_7,llm_new,300,0.8825119137763977
claude_opus_4_7,llm_new,301,-2.052462577819824
claude_opus_4_7,llm_new,303,0.26775288581848145
claude_opus_4_7,llm_new,306,-0.29976847767829895
claude_opus_4_7,llm_new,307,1.7164698839187622
claude_opus_4_7,llm_new,308,-1.6527677774429321
claude_opus_4_7,llm_new,310,-2.0848467350006104
claude_opus_4_7,llm_new,311,-0.7229174375534058
claude_opus_4_7,llm_new,312,1.71920645236969
claude_opus_4_7,llm_new,313,0.6453108191490173
claude_opus_4_7,llm_new,315,1.3687280416488647
claude_opus_4_7,llm_new,317,0.8199185132980347
claude_opus_4_7,llm_new,319,0.6654685735702515
claude_opus_4_7,llm_new,320,-1.0561147928237915
claude_opus_4_7,llm_new,322,1.08255136013031
claude_opus_4_7,llm_new,324,2.2018680572509766
claude_opus_4_7,llm_new,327,1.1500391960144043
claude_opus_4_7,llm_new,328,1.1627538204193115
claude_opus_4_7,llm_new,329,0.8717026114463806
claude_opus_4_7,llm_new,330,1.7159920930862427
claude_opus_4_7,llm_new,332,-2.14390230178833
claude_opus_4_7,llm_new,333,-0.7750972509384155
claude_opus_4_7,llm_new,334,-1.7379755973815918
claude_opus_4_7,llm_new,335,1.6115736961364746
claude_opus_4_7,llm_new,337,-1.829069972038269
claude_opus_4_7,llm_new,339,0.32418105006217957
claude_opus_4_7,llm_new,343,-0.08391264826059341
claude_opus_4_7,llm_new,345,-1.0155714750289917
claude_opus_4_7,llm_new,347,-2.034343957901001
claude_opus_4_7,llm_new,351,-1.0524547100067139
claude_opus_4_7,llm_new,352,2.288733959197998
claude_opus_4_7,llm_new,353,2.257009744644165
claude_opus_4_7,llm_new,355,-0.6869575381278992
claude_opus_4_7,llm_new,356,-2.1327595710754395
claude_opus_4_7,llm_new,358,-0.291732519865036
claude_opus_4_7,llm_new,360,-2.1460537910461426
claude_opus_4_7,llm_new,361,2.200255870819092
claude_opus_4_7,llm_new,362,2.277580499649048
claude_opus_4_7,llm_new,363,-1.027079463005066
claude_opus_4_7,llm_new,364,0.25938406586647034
claude_opus_4_7,llm_new,366,-1.0144888162612915
claude_opus_4_7,llm_new,368,-0.8259616494178772
claude_opus_4_7,llm_new,369,-1.1779311895370483
claude_opus_4_7,llm_new,371,-0.5705258846282959
claude_opus_4_7,llm_new,372,2.224475860595703
claude_opus_4_7,llm_new,376,-2.058777332305908
claude_opus_4_7,llm_new,378,-0.5931246280670166
claude_opus_4_7,llm_new,381,-1.7901192903518677
claude_opus_4_7,llm_new,382,-1.7394119501113892
claude_opus_4_7,llm_new,383,-1.8251079320907593
claude_opus_4_7,llm_new,389,0.7634721398353577
claude_opus_4_7,llm_new,391,-1.8050566911697388
claude_opus_4_7,llm_new,394,2.076930046081543
claude_opus_4_7,llm_new,395,0.8966699242591858
claude_opus_4_7,llm_new,397,-2.030410051345825
claude_opus_4_7,llm_new,399,-0.4707998037338257
claude_opus_4_7,llm_new,405,-1.1636497974395752
claude_opus_4_7,llm_new,406,0.7403931617736816
claude_opus_4_7,llm_new,409,-0.7671589851379395
claude_opus_4_7,llm_new,410,0.023939618840813637
claude_opus_4_7,llm_new,412,-1.7084888219833374
claude_opus_4_7,llm_new,413,-1.946288824081421
claude_opus_4_7,llm_new,417,1.533157229423523
claude_opus_4_7,llm_new,418,-0.8065469861030579
claude_opus_4_7,llm_new,421,2.0532238483428955
claude_opus_4_7,llm_new,423,-0.01896289922297001
claude_opus_4_7,llm_new,424,1.5864289999008179
claude_opus_4_7,llm_new,425,-0.265740305185318
claude_opus_4_7,llm_new,426,1.0818651914596558
claude_opus_4_7,llm_new,427,-1.8098231554031372
claude_opus_4_7,llm_new,429,0.8331757187843323
claude_opus_4_7,llm_new,430,-1.964422583580017
claude_opus_4_7,llm_new,431,-2.0233843326568604
claude_opus_4_7,llm_new,433,-0.7843760251998901
claude_opus_4_7,llm_new,434,2.2464911937713623
claude_opus_4_7,llm_new,437,1.9051185846328735
claude_opus_4_7,llm_new,440,-1.3203083276748657
claude_opus_4_7,llm_new,441,-0.3777327835559845
claude_opus_4_7,llm_new,443,-2.007742404937744
claude_opus_4_7,llm_new,445,-1.8957022428512573
claude_opus_4_7,llm_new,446,2.2464911937713623
claude_opus_4_7,llm_new,448,-1.3296080827713013
claude_opus_4_7,llm_new,449,-2.059065580368042
claude_opus_4_7,llm_new,450,-2.0747313499450684
claude_opus_4_7,llm_new,451,-0.414816290140152
claude_opus_4_7,llm_new,452,1.255052089691162
claude_opus_4_7,llm_new,454,0.056130897253751755
claude_opus_4_7,llm_new,457,-0.8693429827690125
claude_opus_4_7,llm_new,458,-1.9129124879837036
claude_opus_4_7,llm_new,463,-1.858948826789856
claude_opus_4_7,llm_new,465,-1.3839935064315796
claude_opus_4_7,llm_new,466,-1.1684242486953735
claude_opus_4_7,llm_new,468,1.1627538204193115
claude_opus_4_7,llm_new,469,-1.3882020711898804
claude_opus_4_7,llm_new,478,1.98208749294281
claude_opus_4_7,llm_new,479,2.2585134506225586
claude_opus_4_7,llm_new,480,1.1378254890441895
claude_opus_4_7,llm_new,482,-1.9550975561141968
claude_opus_4_7,llm_new,483,-1.9529997110366821
claude_opus_4_7,llm_new,484,0.4228105843067169
claude_opus_4_7,llm_new,486,-1.6458402872085571
claude_opus_4_7,llm_new,487,-1.670263648033142
claude_opus_4_7,llm_new,491,-0.7850338816642761
claude_opus_4_7,llm_new,494,-1.8659539222717285
claude_opus_4_7,llm_new,495,2.054455041885376
claude_opus_4_7,llm_new,496,0.8854830861091614
claude_opus_4_7,llm_new,498,-1.0447883605957031
claude_opus_4_7,llm_new,500,-1.906664490699768
claude_opus_4_7,llm_new,501,1.4783055782318115
claude_opus_4_7,llm_new,502,1.2496200799942017
claude_opus_4_7,llm_new,507,-1.3321352005004883
claude_opus_4_7,llm_new,508,-1.8659539222717285
claude_opus_4_7,llm_new,514,-2.058802604675293
claude_opus_4_7,llm_new,515,-1.2951921224594116
claude_opus_4_7,llm_new,517,0.2664676606655121
claude_opus_4_7,llm_new,519,-0.47794702649116516
claude_opus_4_7,llm_new,520,0.6577938199043274
claude_opus_4_7,llm_new,522,-0.12488425523042679
claude_opus_4_7,llm_new,523,-1.7118357419967651
claude_opus_4_7,llm_new,524,-0.3022766411304474
claude_opus_4_7,llm_new,526,-2.0164623260498047
claude_opus_4_7,llm_new,527,-1.9875340461730957
claude_opus_4_7,llm_new,528,-0.7512085437774658
claude_opus_4_7,llm_new,529,-0.7416933178901672
claude_opus_4_7,llm_new,530,-1.8014196157455444
claude_opus_4_7,llm_new,531,2.2417683601379395
claude_opus_4_7,llm_new,532,-2.0790371894836426
claude_opus_4_7,llm_new,533,-0.6198882460594177
claude_opus_4_7,llm_new,534,-1.9611064195632935
claude_opus_4_7,llm_new,535,-1.9828561544418335
claude_opus_4_7,llm_new,536,-0.4913400113582611
claude_opus_4_7,llm_new,537,-1.8659539222717285
claude_opus_4_7,llm_new,540,-2.0768396854400635
claude_opus_4_7,llm_new,542,-1.833383321762085
claude_opus_4_7,llm_new,543,1.6235653162002563
claude_opus_4_7,llm_new,544,1.4947561025619507
claude_opus_4_7,llm_new,545,-2.0457639694213867
claude_opus_4_7,llm_new,546,-1.2032321691513062
claude_opus_4_7,llm_new,548,-0.46043387055397034
claude_opus_4_7,llm_new,549,-0.5232382416725159
claude_opus_4_7,llm_new,550,-1.7071207761764526
claude_opus_4_7,llm_new,553,2.056880474090576
claude_opus_4_7,llm_new,555,0.31700795888900757
claude_opus_4_7,llm_new,558,-1.5146750211715698
claude_opus_4_7,llm_new,560,-1.1102044582366943
claude_opus_4_7,llm_new,568,-1.799252986907959
claude_opus_4_7,llm_new,569,-2.0071301460266113
claude_opus_4_7,llm_new,571,-1.8131294250488281
claude_opus_4_7,llm_new,573,0.26646509766578674
claude_opus_4_7,llm_new,576,-2.0349841117858887
claude_opus_4_7,llm_new,577,-0.7416933178901672
claude_opus_4_7,llm_new,579,-2.075160026550293
claude_opus_4_7,llm_new,581,-0.3777327835559845
claude_opus_4_7,llm_new,582,-0.9358082413673401
claude_opus_4_7,llm_new,583,0.46251747012138367
claude_opus_4_7,llm_new,584,2.2089765071868896
claude_opus_4_7,llm_new,585,-0.32530954480171204
claude_opus_4_7,llm_new,586,0.4228105843067169
claude_opus_4_7,llm_new,588,-1.2154303789138794
claude_opus_4_7,llm_new,589,0.26821503043174744
claude_opus_4_7,llm_new,590,-1.561449408531189
claude_opus_4_7,llm_new,591,-1.4603708982467651
claude_opus_4_7,llm_new,594,-0.3777327835559845
claude_opus_4_7,llm_new,595,1.4062548875808716
claude_opus_4_7,llm_new,596,-2.074313163757324
claude_opus_4_7,llm_new,597,-0.44000980257987976
claude_opus_4_7,llm_new,598,-2.040696620941162
claude_opus_4_7,llm_new,599,-1.425790548324585
claude_opus_4_7,llm_new,600,-0.24192413687705994
claude_opus_4_7,llm_new,602,-1.8482009172439575
claude_opus_4_7,llm_new,604,1.877829670906067
claude_opus_4_7,llm_new,605,0.21639826893806458
claude_opus_4_7,llm_new,606,1.7816118001937866
claude_opus_4_7,llm_new,612,-1.9563230276107788
claude_opus_4_7,llm_new,614,-2.0435855388641357
claude_opus_4_7,llm_new,616,1.8235654830932617
claude_opus_4_7,llm_new,618,0.22156909108161926
claude_opus_4_7,llm_new,619,0.17999756336212158
claude_opus_4_7,llm_new,622,1.933386206626892
claude_opus_4_7,llm_new,627,-1.9005364179611206
claude_opus_4_7,llm_new,629,-0.33123698830604553
claude_opus_4_7,llm_new,630,1.023730754852295
claude_opus_4_7,llm_new,632,1.8197463750839233
claude_opus_4_7,llm_new,634,-1.4416183233261108
claude_opus_4_7,llm_new,635,-2.048449993133545
claude_opus_4_7,llm_new,636,-1.9956169128417969
claude_opus_4_7,llm_new,637,2.2488577365875244
claude_opus_4_7,llm_new,639,-1.8957022428512573
claude_opus_4_7,llm_new,644,-2.075160026550293
claude_opus_4_7,llm_new,645,-1.10800302028656
claude_opus_4_7,llm_new,650,0.505580723285675
claude_opus_4_7,llm_new,651,2.2416465282440186
claude_opus_4_7,llm_new,653,-2.0737571716308594
claude_opus_4_7,llm_new,654,-1.8552523851394653
claude_opus_4_7,llm_new,656,-0.556134045124054
claude_opus_4_7,llm_new,657,-0.33123698830604553
claude_opus_4_7,llm_new,661,-1.5525599718093872
claude_opus_4_7,llm_new,663,-0.949482262134552
claude_opus_4_7,llm_new,665,-1.6580175161361694
claude_opus_4_7,llm_new,666,-0.8065469861030579
claude_opus_4_7,llm_new,669,-2.006920337677002
claude_opus_4_7,llm_new,670,1.5721818208694458
claude_opus_4_7,llm_new,671,0.814945638179779
claude_opus_4_7,llm_new,674,-2.078644275665283
claude_opus_4_7,llm_new,678,1.7246264219284058
claude_opus_4_7,llm_new,679,2.2629263401031494
claude_opus_4_7,llm_new,680,1.2317246198654175
claude_opus_4_7,llm_new,683,-1.553869605064392
claude_opus_4_7,llm_new,688,-2.078644275665283
claude_opus_4_7,llm_new,690,-0.3334059715270996
claude_opus_4_7,llm_new,693,-1.4913595914840698
claude_opus_4_7,llm_new,695,2.197991132736206
claude_opus_4_7,llm_new,696,-1.1791043281555176
claude_opus_4_7,llm_new,697,-0.7276337146759033
claude_opus_4_7,llm_new,698,-2.0369749069213867
claude_opus_4_7,llm_new,704,-1.6991463899612427
claude_opus_4_7,llm_new,706,1.116889238357544
claude_opus_4_7,llm_new,707,-1.8957022428512573
claude_opus_4_7,llm_new,708,2.277442216873169
claude_opus_4_7,llm_new,709,-2.008852958679199
claude_opus_4_7,llm_new,711,0.07722800225019455
claude_opus_4_7,llm_new,712,-0.7247876524925232
claude_opus_4_7,llm_new,714,0.3367704451084137
claude_opus_4_7,llm_new,715,-0.22165942192077637
claude_opus_4_7,llm_new,716,0.9825517535209656
claude_opus_4_7,llm_new,717,-0.7130832672119141
claude_opus_4_7,llm_new,718,0.3932878077030182
claude_opus_4_7,llm_new,722,-2.002471685409546
claude_opus_4_7,llm_new,723,-1.906664490699768
claude_opus_4_7,llm_new,729,-1.3321352005004883
claude_opus_4_7,llm_new,732,-1.9550975561141968
claude_opus_4_7,llm_new,735,0.7448186278343201
claude_opus_4_7,llm_new,738,1.2782423496246338
claude_opus_4_7,llm_new,741,-2.1298141479492188
claude_opus_4_7,llm_new,742,-1.7763689756393433
claude_opus_4_7,llm_new,746,-1.8072453737258911
claude_opus_4_7,llm_new,750,-1.9664102792739868
claude_opus_4_7,llm_new,754,0.8420040011405945
claude_opus_4_7,llm_new,757,0.5764655470848083
claude_opus_4_7,llm_new,758,0.19893142580986023
claude_opus_4_7,llm_new,762,-0.43456220626831055
claude_opus_4_7,llm_new,765,0.9595149159431458
claude_opus_4_7,llm_new,768,1.8277597427368164
claude_opus_4_7,llm_new,774,1.1411203145980835
claude_opus_4_7,llm_new,775,-0.265740305185318
claude_opus_4_7,llm_new,778,-0.810427725315094
claude_opus_4_7,llm_new,779,-0.7732312083244324
claude_opus_4_7,llm_new,782,-1.4243292808532715
claude_opus_4_7,llm_new,784,0.04350215569138527
claude_opus_4_7,llm_new,788,-0.0858788713812828
claude_opus_4_7,llm_new,790,-1.9999312162399292
claude_opus_4_7,llm_new,793,0.037547919899225235
claude_opus_4_7,llm_new,797,-0.5574744343757629
claude_opus_4_7,llm_new,798,0.09757361561059952
claude_opus_4_7,llm_new,799,-1.8131294250488281
claude_opus_4_7,llm_new,800,-0.601020872592926
claude_opus_4_7,llm_new,801,2.248297691345215
claude_opus_4_7,llm_new,803,-1.4603708982467651
claude_opus_4_7,llm_new,811,-1.4217506647109985
claude_opus_4_7,llm_new,812,-1.6246739625930786
claude_opus_4_7,llm_new,814,0.07317288964986801
claude_opus_4_7,llm_new,817,-0.5965439081192017
claude_opus_4_7,llm_new,818,0.022188259288668633
claude_opus_4_7,llm_new,821,-1.5902851819992065
claude_opus_4_7,llm_new,823,2.284700870513916
claude_opus_4_7,llm_new,824,-2.1429193019866943
claude_opus_4_7,llm_new,825,-1.5878989696502686
claude_opus_4_7,llm_new,827,1.5701082944869995
claude_opus_4_7,llm_new,828,-1.1150957345962524
claude_opus_4_7,llm_new,830,-2.0844428539276123
claude_opus_4_7,llm_new,833,-1.8472360372543335
claude_opus_4_7,llm_new,837,1.9058961868286133
claude_opus_4_7,llm_new,838,-1.9550975561141968
claude_opus_4_7,llm_new,846,0.42827364802360535
claude_opus_4_7,llm_new,850,-1.4971529245376587
claude_opus_4_7,llm_new,853,-2.0713722705841064
claude_opus_4_7,llm_new,860,0.558022677898407
claude_opus_4_7,llm_new,866,-1.8592690229415894
claude_opus_4_7,llm_new,867,-0.09661208838224411
claude_opus_4_7,llm_new,868,2.1877551078796387
claude_opus_4_7,llm_new,869,2.191741943359375
claude_opus_4_7,llm_new,871,-2.0842125415802
claude_opus_4_7,llm_new,873,-1.9998756647109985
claude_opus_4_7,llm_new,874,-1.6875842809677124
claude_opus_4_7,llm_new,877,-1.5433886051177979
claude_opus_4_7,llm_new,880,1.148131012916565
claude_opus_4_7,llm_new,882,-1.4867676496505737
claude_opus_4_7,llm_new,883,-1.682219386100769
claude_opus_4_7,llm_new,884,0.5842355489730835
claude_opus_4_7,llm_new,885,0.09757361561059952
claude_opus_4_7,llm_new,886,1.928259015083313
claude_opus_4_7,llm_new,893,1.1434838771820068
claude_opus_4_7,llm_new,894,1.754752278327942
claude_opus_4_7,llm_new,895,2.1573917865753174
claude_opus_4_7,llm_new,896,-0.265740305185318
claude_opus_4_7,llm_new,897,-1.1087676286697388
claude_opus_4_7,llm_new,900,-1.485687494277954
claude_opus_4_7,llm_new,901,0.25379088521003723
claude_opus_4_7,llm_new,902,-1.0474566221237183
claude_opus_4_7,llm_new,903,-0.5258002281188965
claude_opus_4_7,llm_new,904,0.7892909646034241
claude_opus_4_7,llm_new,905,-0.7728905081748962
claude_opus_4_7,llm_new,908,1.0836838483810425
claude_opus_4_7,llm_new,911,-0.4904490113258362
claude_opus_4_7,llm_new,915,-0.41800475120544434
claude_opus_4_7,llm_new,917,0.1329537183046341
claude_opus_4_7,llm_new,918,-0.45113232731819153
claude_opus_4_7,llm_new,919,-2.069337844848633
claude_opus_4_7,llm_new,921,0.8692255616188049
claude_opus_4_7,llm_new,922,-1.8389118909835815
claude_opus_4_7,llm_new,923,-0.29052087664604187
claude_opus_4_7,llm_new,924,-1.6875842809677124
claude_opus_4_7,llm_new,925,1.5543301105499268
claude_opus_4_7,llm_new,926,-2.038844347000122
claude_opus_4_7,llm_new,927,-1.3762625455856323
claude_opus_4_7,llm_new,931,-2.0768396854400635
claude_opus_4_7,llm_new,934,-2.051290273666382
claude_opus_4_7,llm_new,935,0.18925699591636658
claude_opus_4_7,llm_new,936,-0.9611297249794006
claude_opus_4_7,llm_new,937,-1.8389118909835815
claude_opus_4_7,llm_new,939,-1.0406490564346313
claude_opus_4_7,llm_new,940,-1.5818699598312378
claude_opus_4_7,llm_new,942,1.4045554399490356
claude_opus_4_7,llm_new,943,2.2417683601379395
claude_opus_4_7,llm_new,947,-2.0797603130340576
claude_opus_4_7,llm_new,948,-1.1757253408432007
claude_opus_4_7,llm_new,949,-0.5701892971992493
claude_opus_4_7,llm_new,950,-0.322500616312027
claude_opus_4_7,llm_new,951,-1.2875672578811646
claude_opus_4_7,llm_new,960,-0.9073722958564758
claude_opus_4_7,llm_new,962,1.5835930109024048
claude_opus_4_7,llm_new,964,1.2908776998519897
claude_opus_4_7,llm_new,971,-1.2128183841705322
claude_opus_4_7,llm_new,974,-1.4652103185653687
claude_opus_4_7,llm_new,975,-1.6268903017044067
claude_opus_4_7,llm_new,976,-2.0229568481445312
claude_opus_4_7,llm_new,978,-2.0501155853271484
claude_opus_4_7,llm_new,979,-2.1387903690338135
claude_opus_4_7,llm_new,986,-2.068875789642334
claude_opus_4_7,llm_new,987,2.277580499649048
claude_opus_4_7,llm_new,989,-1.1684242486953735
claude_opus_4_7,llm_new,990,-1.0257996320724487
claude_opus_4_7,llm_new,991,-0.6707962155342102
claude_opus_4_7,llm_new,992,-2.0096123218536377
claude_opus_4_7,llm_new,995,-1.9129124879837036
claude_opus_4_7,llm_new,996,-1.7053767442703247
claude_opus_4_7,llm_new,998,2.191741943359375
claude_opus_4_7,llm_new,999,-1.5908329486846924
gpt_5,llm_new,1,-0.3642190992832184
gpt_5,llm_new,3,0.940740168094635
gpt_5,llm_new,4,2.28324031829834
gpt_5,llm_new,6,-1.653343915939331
gpt_5,llm_new,7,2.7990589141845703
gpt_5,llm_new,8,1.2351412773132324
gpt_5,llm_new,10,-0.2596525251865387
gpt_5,llm_new,11,-2.648759126663208
gpt_5,llm_new,12,-1.6089162826538086
gpt_5,llm_new,13,-0.1597183644771576
gpt_5,llm_new,19,-2.657365083694458
gpt_5,llm_new,24,-2.7031233310699463
gpt_5,llm_new,25,-2.278482675552368
gpt_5,llm_new,26,-0.6232617497444153
gpt_5,llm_new,29,-1.9394426345825195
gpt_5,llm_new,30,-1.5766669511795044
gpt_5,llm_new,31,-2.517611026763916
gpt_5,llm_new,32,2.59118914604187
gpt_5,llm_new,34,-2.608149290084839
gpt_5,llm_new,40,-0.30287760496139526
gpt_5,llm_new,42,-0.971276581287384
gpt_5,llm_new,43,-1.4274400472640991
gpt_5,llm_new,44,-1.8425629138946533
gpt_5,llm_new,45,-2.8455650806427
gpt_5,llm_new,50,-2.5573647022247314
gpt_5,llm_new,52,-2.4598562717437744
gpt_5,llm_new,55,0.8577411770820618
gpt_5,llm_new,56,0.7501299977302551
gpt_5,llm_new,57,-2.8121840953826904
gpt_5,llm_new,60,1.605656623840332
gpt_5,llm_new,61,-1.983032464981079
gpt_5,llm_new,62,-1.6107399463653564
gpt_5,llm_new,64,-2.589373826980591
gpt_5,llm_new,66,2.1207387447357178
gpt_5,llm_new,67,-1.7407622337341309
gpt_5,llm_new,68,1.6020071506500244
gpt_5,llm_new,70,-2.7970917224884033
gpt_5,llm_new,71,-0.005933381617069244
gpt_5,llm_new,73,-1.4139823913574219
gpt_5,llm_new,74,1.9909214973449707
gpt_5,llm_new,75,-2.67846941947937
gpt_5,llm_new,77,-2.2041449546813965
gpt_5,llm_new,78,-1.821015477180481
gpt_5,llm_new,79,-0.8792569637298584
gpt_5,llm_new,80,-2.8495311737060547
gpt_5,llm_new,82,0.09638140350580215
gpt_5,llm_new,83,2.328575611114502
gpt_5,llm_new,84,-1.9414145946502686
gpt_5,llm_new,85,-2.392164707183838
gpt_5,llm_new,87,1.8184691667556763
gpt_5,llm_new,89,-1.6999092102050781
gpt_5,llm_new,90,-0.4132637679576874
gpt_5,llm_new,91,-0.7544441223144531
gpt_5,llm_new,93,-2.6880886554718018
gpt_5,llm_new,95,-1.790270209312439
gpt_5,llm_new,97,1.4207508563995361
gpt_5,llm_new,98,-0.35139137506484985
gpt_5,llm_new,101,-2.5786523818969727
gpt_5,llm_new,102,-1.9795355796813965
gpt_5,llm_new,105,-2.6990692615509033
gpt_5,llm_new,108,-1.7908132076263428
gpt_5,llm_new,109,-1.1039354801177979
gpt_5,llm_new,110,-1.3723050355911255
gpt_5,llm_new,111,-2.6394896507263184
gpt_5,llm_new,114,2.745931386947632
gpt_5,llm_new,115,-2.0888240337371826
gpt_5,llm_new,119,1.7506024837493896
gpt_5,llm_new,121,0.6575179696083069
gpt_5,llm_new,126,2.6786043643951416
gpt_5,llm_new,132,-0.3531776964664459
gpt_5,llm_new,133,-2.7967164516448975
gpt_5,llm_new,134,0.4007534682750702
gpt_5,llm_new,136,2.7859771251678467
gpt_5,llm_new,137,-2.727267026901245
gpt_5,llm_new,138,-2.168762445449829
gpt_5,llm_new,140,-2.508331537246704
gpt_5,llm_new,141,0.8658745884895325
gpt_5,llm_new,142,2.156247615814209
gpt_5,llm_new,145,-0.9008336067199707
gpt_5,llm_new,146,-0.00012964755296707153
gpt_5,llm_new,149,1.1335930824279785
gpt_5,llm_new,156,-1.7874729633331299
gpt_5,llm_new,159,-2.7186601161956787
gpt_5,llm_new,164,-2.2829368114471436
gpt_5,llm_new,165,0.6802253127098083
gpt_5,llm_new,166,0.16280442476272583
gpt_5,llm_new,168,2.544172525405884
gpt_5,llm_new,169,-1.5641874074935913
gpt_5,llm_new,170,-2.4391674995422363
gpt_5,llm_new,173,-1.3568859100341797
gpt_5,llm_new,174,-0.20244956016540527
gpt_5,llm_new,175,-0.8571171164512634
gpt_5,llm_new,177,-1.977885127067566
gpt_5,llm_new,179,-1.3794301748275757
gpt_5,llm_new,182,-2.2300608158111572
gpt_5,llm_new,183,-2.4618661403656006
gpt_5,llm_new,185,-0.849757969379425
gpt_5,llm_new,186,1.1709351539611816
gpt_5,llm_new,193,-0.4412994980812073
gpt_5,llm_new,194,-2.58343505859375
gpt_5,llm_new,197,-2.3455116748809814
gpt_5,llm_new,199,0.6775012612342834
gpt_5,llm_new,200,-2.481492042541504
gpt_5,llm_new,205,-2.9124488830566406
gpt_5,llm_new,209,-0.4989275336265564
gpt_5,llm_new,210,2.5507147312164307
gpt_5,llm_new,211,-0.46162331104278564
gpt_5,llm_new,212,1.7506024837493896
gpt_5,llm_new,213,1.0260887145996094
gpt_5,llm_new,214,0.4367493987083435
gpt_5,llm_new,216,2.472365617752075
gpt_5,llm_new,219,-2.081609010696411
gpt_5,llm_new,221,2.802736520767212
gpt_5,llm_new,222,-2.6394896507263184
gpt_5,llm_new,224,-2.778064727783203
gpt_5,llm_new,228,-2.0731465816497803
gpt_5,llm_new,229,-2.616332769393921
gpt_5,llm_new,232,-0.8781077265739441
gpt_5,llm_new,235,2.7143056392669678
gpt_5,llm_new,236,0.18889281153678894
gpt_5,llm_new,238,-1.2376675605773926
gpt_5,llm_new,239,-1.9394426345825195
gpt_5,llm_new,240,0.7189963459968567
gpt_5,llm_new,245,-2.508331537246704
gpt_5,llm_new,248,-2.2750303745269775
gpt_5,llm_new,249,2.5995609760284424
gpt_5,llm_new,250,-1.1014838218688965
gpt_5,llm_new,251,-2.2485311031341553
gpt_5,llm_new,255,-2.793377161026001
gpt_5,llm_new,257,2.4027700424194336
gpt_5,llm_new,260,0.12839481234550476
gpt_5,llm_new,261,-2.6043365001678467
gpt_5,llm_new,262,-1.096519947052002
gpt_5,llm_new,265,-1.5641874074935913
gpt_5,llm_new,266,-2.5945348739624023
gpt_5,llm_new,267,2.802323818206787
gpt_5,llm_new,273,1.027108907699585
gpt_5,llm_new,275,-2.50057053565979
gpt_5,llm_new,276,-0.5060110092163086
gpt_5,llm_new,278,-2.342463254928589
gpt_5,llm_new,279,-0.00728563591837883
gpt_5,llm_new,281,-0.3531776964664459
gpt_5,llm_new,282,1.1759586334228516
gpt_5,llm_new,286,-2.712280511856079
gpt_5,llm_new,287,-1.6503022909164429
gpt_5,llm_new,290,-2.7081542015075684
gpt_5,llm_new,291,-1.7751991748809814
gpt_5,llm_new,292,-2.115717649459839
gpt_5,llm_new,293,-1.7677435874938965
gpt_5,llm_new,295,-0.10942689329385757
gpt_5,llm_new,297,1.2130343914031982
gpt_5,llm_new,299,1.5641624927520752
gpt_5,llm_new,300,0.027058802545070648
gpt_5,llm_new,301,-2.6125051975250244
gpt_5,llm_new,303,1.2351412773132324
gpt_5,llm_new,306,-1.314347267150879
gpt_5,llm_new,307,1.4557783603668213
gpt_5,llm_new,308,-2.2000977993011475
gpt_5,llm_new,310,-2.6858272552490234
gpt_5,llm_new,311,-1.593682050704956
gpt_5,llm_new,312,1.6781668663024902
gpt_5,llm_new,313,1.03950834274292
gpt_5,llm_new,315,1.7437231540679932
gpt_5,llm_new,317,-0.09964176267385483
gpt_5,llm_new,319,1.2596393823623657
gpt_5,llm_new,320,-1.3568859100341797
gpt_5,llm_new,322,-0.13761281967163086
gpt_5,llm_new,324,2.7568490505218506
gpt_5,llm_new,327,2.0176429748535156
gpt_5,llm_new,328,0.46030139923095703
gpt_5,llm_new,329,-0.38718611001968384
gpt_5,llm_new,330,2.0937349796295166
gpt_5,llm_new,332,-2.421722412109375
gpt_5,llm_new,333,-0.3531776964664459
gpt_5,llm_new,334,-2.4113686084747314
gpt_5,llm_new,335,2.6582038402557373
gpt_5,llm_new,337,-2.33014178276062
gpt_5,llm_new,339,0.19716349244117737
gpt_5,llm_new,343,-0.9008336067199707
gpt_5,llm_new,345,-1.8759223222732544
gpt_5,llm_new,347,-2.5786523818969727
gpt_5,llm_new,351,-1.1647945642471313
gpt_5,llm_new,352,2.8107781410217285
gpt_5,llm_new,353,2.790517568588257
gpt_5,llm_new,355,-1.2580112218856812
gpt_5,llm_new,356,-2.4826300144195557
gpt_5,llm_new,358,-1.2043769359588623
gpt_5,llm_new,360,-2.392164707183838
gpt_5,llm_new,361,2.7257306575775146
gpt_5,llm_new,362,2.801586151123047
gpt_5,llm_new,363,-1.7529237270355225
gpt_5,llm_new,364,-0.31269073486328125
gpt_5,llm_new,366,-1.882571816444397
gpt_5,llm_new,368,-1.3629859685897827
gpt_5,llm_new,369,-2.070726156234741
gpt_5,llm_new,371,-0.011883832514286041
gpt_5,llm_new,372,2.7582848072052
gpt_5,llm_new,376,-2.621082067489624
gpt_5,llm_new,378,-1.0461993217468262
gpt_5,llm_new,381,-2.4432172775268555
gpt_5,llm_new,382,-2.4911587238311768
gpt_5,llm_new,383,-2.799699544906616
gpt_5,llm_new,389,1.240968942642212
gpt_5,llm_new,391,-2.4811158180236816
gpt_5,llm_new,394,2.6526854038238525
gpt_5,llm_new,395,1.3384394645690918
gpt_5,llm_new,397,-2.625882863998413
gpt_5,llm_new,399,-0.9260101914405823
gpt_5,llm_new,405,-1.4240612983703613
gpt_5,llm_new,406,-0.18107542395591736
gpt_5,llm_new,409,-1.1501145362854004
gpt_5,llm_new,410,-0.49870651960372925
gpt_5,llm_new,412,-2.404860496520996
gpt_5,llm_new,413,-2.907453775405884
gpt_5,llm_new,417,2.163764238357544
gpt_5,llm_new,418,-0.7544441223144531
gpt_5,llm_new,421,2.693281412124634
gpt_5,llm_new,423,-0.7797214388847351
gpt_5,llm_new,424,1.67433500289917
gpt_5,llm_new,425,0.5341184735298157
gpt_5,llm_new,426,1.2475484609603882
gpt_5,llm_new,427,-2.78322172164917
gpt_5,llm_new,429,0.9343634247779846
gpt_5,llm_new,430,-2.8958957195281982
gpt_5,llm_new,431,-2.6522059440612793
gpt_5,llm_new,433,-1.9868428707122803
gpt_5,llm_new,434,2.777334451675415
gpt_5,llm_new,437,2.6597964763641357
gpt_5,llm_new,440,-1.3193528652191162
gpt_5,llm_new,441,-0.7233350276947021
gpt_5,llm_new,443,-2.6670432090759277
gpt_5,llm_new,445,-2.9058525562286377
gpt_5,llm_new,446,2.777334451675415
gpt_5,llm_new,448,-2.7591092586517334
gpt_5,llm_new,449,-2.6345608234405518
gpt_5,llm_new,450,-2.6292660236358643
gpt_5,llm_new,451,-1.2080233097076416
gpt_5,llm_new,452,2.0310256481170654
gpt_5,llm_new,454,0.9732382297515869
gpt_5,llm_new,457,-1.5866258144378662
gpt_5,llm_new,458,-2.415442705154419
gpt_5,llm_new,463,-2.3002212047576904
gpt_5,llm_new,465,-1.3848618268966675
gpt_5,llm_new,466,-1.9425735473632812
gpt_5,llm_new,468,0.46030139923095703
gpt_5,llm_new,469,-1.578242540359497
gpt_5,llm_new,478,2.409528970718384
gpt_5,llm_new,479,2.758424997329712
gpt_5,llm_new,480,1.1326004266738892
gpt_5,llm_new,482,-2.607811212539673
gpt_5,llm_new,483,-2.904169797897339
gpt_5,llm_new,484,0.8658745884895325
gpt_5,llm_new,486,-2.656170606613159
gpt_5,llm_new,487,-2.7081542015075684
gpt_5,llm_new,491,-1.4971582889556885
gpt_5,llm_new,494,-2.5348312854766846
gpt_5,llm_new,495,2.750990867614746
gpt_5,llm_new,496,1.466150164604187
gpt_5,llm_new,498,-1.2878952026367188
gpt_5,llm_new,500,-2.9074127674102783
gpt_5,llm_new,501,2.3376107215881348
gpt_5,llm_new,502,2.0228819847106934
gpt_5,llm_new,507,-2.0624241828918457
gpt_5,llm_new,508,-2.5348312854766846
gpt_5,llm_new,514,-2.6165213584899902
gpt_5,llm_new,515,-2.5541274547576904
gpt_5,llm_new,517,0.3709924519062042
gpt_5,llm_new,519,0.11575012654066086
gpt_5,llm_new,520,0.3576090931892395
gpt_5,llm_new,522,0.7544731497764587
gpt_5,llm_new,523,-1.9759167432785034
gpt_5,llm_new,524,0.4682866632938385
gpt_5,llm_new,526,-2.553802728652954
gpt_5,llm_new,527,-2.745678186416626
gpt_5,llm_new,528,-1.2667710781097412
gpt_5,llm_new,529,-0.6140065789222717
gpt_5,llm_new,530,-2.8543872833251953
gpt_5,llm_new,531,2.7741329669952393
gpt_5,llm_new,532,-2.6860039234161377
gpt_5,llm_new,533,-1.3087624311447144
gpt_5,llm_new,534,-2.508331537246704
gpt_5,llm_new,535,-2.2348196506500244
gpt_5,llm_new,536,-0.8340747356414795
gpt_5,llm_new,537,-2.5348312854766846
gpt_5,llm_new,540,-2.6478049755096436
gpt_5,llm_new,542,-2.874065399169922
gpt_5,llm_new,543,2.3229637145996094
gpt_5,llm_new,544,2.063995361328125
gpt_5,llm_new,545,-2.573662519454956
gpt_5,llm_new,546,-2.172504186630249
gpt_5,llm_new,548,-1.2969088554382324
gpt_5,llm_new,549,-0.010493941605091095
gpt_5,llm_new,550,-2.225519895553589
gpt_5,llm_new,553,2.329758644104004
gpt_5,llm_new,555,-0.6115797162055969
gpt_5,llm_new,558,-2.469752073287964
gpt_5,llm_new,560,-2.444812536239624
gpt_5,llm_new,568,-2.576972007751465
gpt_5,llm_new,569,-2.6863555908203125
gpt_5,llm_new,571,-2.4782369136810303
gpt_5,llm_new,573,-0.22743460536003113
gpt_5,llm_new,576,-2.679490804672241
gpt_5,llm_new,577,-0.6140065789222717
gpt_5,llm_new,579,-2.6847727298736572
gpt_5,llm_new,581,-0.7233350276947021
gpt_5,llm_new,582,-1.7915582656860352
gpt_5,llm_new,583,-0.26137301325798035
gpt_5,llm_new,584,2.732116222381592
gpt_5,llm_new,585,-0.24212422966957092
gpt_5,llm_new,586,0.8658745884895325
gpt_5,llm_new,588,-2.7101681232452393
gpt_5,llm_new,589,1.4551247358322144
gpt_5,llm_new,590,-2.635976552963257
gpt_5,llm_new,591,-2.2041449546813965
gpt_5,llm_new,594,-0.7233350276947021
gpt_5,llm_new,595,0.8503301739692688
gpt_5,llm_new,596,-2.6488406658172607
gpt_5,llm_new,597,-1.2251882553100586
gpt_5,llm_new,598,-2.596627950668335
gpt_5,llm_new,599,-2.0266449451446533
gpt_5,llm_new,600,-0.08091478794813156
gpt_5,llm_new,602,-2.28307843208313
gpt_5,llm_new,604,2.652878522872925
gpt_5,llm_new,605,-0.2566879689693451
gpt_5,llm_new,606,2.3764307498931885
gpt_5,llm_new,612,-2.657102346420288
gpt_5,llm_new,614,-2.595665693283081
gpt_5,llm_new,616,1.6591770648956299
gpt_5,llm_new,618,-0.09752991050481796
gpt_5,llm_new,619,0.3294358253479004
gpt_5,llm_new,622,2.534484386444092
gpt_5,llm_new,627,-2.7612969875335693
gpt_5,llm_new,629,-1.0275510549545288
gpt_5,llm_new,630,1.6649012565612793
gpt_5,llm_new,632,2.481210947036743
gpt_5,llm_new,634,-2.3546249866485596
gpt_5,llm_new,635,-2.602303981781006
gpt_5,llm_new,636,-2.7390520572662354
gpt_5,llm_new,637,2.7774012088775635
gpt_5,llm_new,639,-2.9058525562286377
gpt_5,llm_new,644,-2.6847727298736572
gpt_5,llm_new,645,-1.7317359447479248
gpt_5,llm_new,650,1.4316346645355225
gpt_5,llm_new,651,2.7102622985839844
gpt_5,llm_new,653,-2.6662256717681885
gpt_5,llm_new,654,-2.890800714492798
gpt_5,llm_new,656,-1.410353660583496
gpt_5,llm_new,657,-1.0275510549545288
gpt_5,llm_new,661,-2.278482675552368
gpt_5,llm_new,663,-1.6599185466766357
gpt_5,llm_new,665,-2.6880886554718018
gpt_5,llm_new,666,-0.7544441223144531
gpt_5,llm_new,669,-2.5368895530700684
gpt_5,llm_new,670,1.0168848037719727
gpt_5,llm_new,671,2.1452243328094482
gpt_5,llm_new,674,-2.6630592346191406
gpt_5,llm_new,678,2.242030620574951
gpt_5,llm_new,679,2.794548749923706
gpt_5,llm_new,680,1.9481456279754639
gpt_5,llm_new,683,-2.533949375152588
gpt_5,llm_new,688,-2.6630592346191406
gpt_5,llm_new,690,-0.653363823890686
gpt_5,llm_new,693,-2.20953369140625
gpt_5,llm_new,695,2.7289812564849854
gpt_5,llm_new,696,-1.5284998416900635
gpt_5,llm_new,697,-0.702211320400238
gpt_5,llm_new,698,-2.448371648788452
gpt_5,llm_new,704,-2.8330957889556885
gpt_5,llm_new,706,-0.08269455283880234
gpt_5,llm_new,707,-2.9058525562286377
gpt_5,llm_new,708,2.7974793910980225
gpt_5,llm_new,709,-2.6839749813079834
gpt_5,llm_new,711,-0.7622224688529968
gpt_5,llm_new,712,-1.4476133584976196
gpt_5,llm_new,714,0.933405339717865
gpt_5,llm_new,715,-1.1500976085662842
gpt_5,llm_new,716,1.4051856994628906
gpt_5,llm_new,717,-1.2134568691253662
gpt_5,llm_new,718,-0.8851274251937866
gpt_5,llm_new,722,-2.685398817062378
gpt_5,llm_new,723,-2.9074127674102783
gpt_5,llm_new,729,-2.0624241828918457
gpt_5,llm_new,732,-2.607811212539673
gpt_5,llm_new,735,1.125744342803955
gpt_5,llm_new,738,2.144145965576172
gpt_5,llm_new,741,-2.8041393756866455
gpt_5,llm_new,742,-2.7479631900787354
gpt_5,llm_new,746,-2.099118947982788
gpt_5,llm_new,750,-2.8924357891082764
gpt_5,llm_new,754,0.7947143912315369
gpt_5,llm_new,757,-0.33534497022628784
gpt_5,llm_new,758,-0.33402934670448303
gpt_5,llm_new,762,-1.1802270412445068
gpt_5,llm_new,765,2.3033268451690674
gpt_5,llm_new,768,2.425196409225464
gpt_5,llm_new,774,1.3666644096374512
gpt_5,llm_new,775,0.5341184735298157
gpt_5,llm_new,778,-1.6706106662750244
gpt_5,llm_new,779,-1.3218722343444824
gpt_5,llm_new,782,-2.801220178604126
gpt_5,llm_new,784,-0.04590321332216263
gpt_5,llm_new,788,1.1294801235198975
gpt_5,llm_new,790,-2.684023380279541
gpt_5,llm_new,793,-0.5479230880737305
gpt_5,llm_new,797,-0.6151043772697449
gpt_5,llm_new,798,0.04458765685558319
gpt_5,llm_new,799,-2.4782369136810303
gpt_5,llm_new,800,-1.119934320449829
gpt_5,llm_new,801,2.75545334815979
gpt_5,llm_new,803,-2.2041449546813965
gpt_5,llm_new,811,-1.4212231636047363
gpt_5,llm_new,812,-2.0275747776031494
gpt_5,llm_new,814,0.3730906844139099
gpt_5,llm_new,817,-1.0470383167266846
gpt_5,llm_new,818,0.90232914686203
gpt_5,llm_new,821,-2.346808910369873
gpt_5,llm_new,823,2.7986912727355957
gpt_5,llm_new,824,-1.9055384397506714
gpt_5,llm_new,825,-1.695563793182373
gpt_5,llm_new,827,1.4896862506866455
gpt_5,llm_new,828,-2.0062599182128906
gpt_5,llm_new,830,-2.676058292388916
gpt_5,llm_new,833,-2.879288911819458
gpt_5,llm_new,837,2.4293417930603027
gpt_5,llm_new,838,-2.607811212539673
gpt_5,llm_new,846,-0.4989275336265564
gpt_5,llm_new,850,-2.121673345565796
gpt_5,llm_new,853,-2.638972043991089
gpt_5,llm_new,860,0.40140944719314575
gpt_5,llm_new,866,-2.4430341720581055
gpt_5,llm_new,867,-0.05317772179841995
gpt_5,llm_new,868,2.702385902404785
gpt_5,llm_new,869,2.7288899421691895
gpt_5,llm_new,871,-2.7002482414245605
gpt_5,llm_new,873,-2.57210111618042
gpt_5,llm_new,874,-2.438263177871704
gpt_5,llm_new,877,-2.2112762928009033
gpt_5,llm_new,880,1.2086948156356812
gpt_5,llm_new,882,-2.4286868572235107
gpt_5,llm_new,883,-1.5507707595825195
gpt_5,llm_new,884,1.190921425819397
gpt_5,llm_new,885,0.04458765685558319
gpt_5,llm_new,886,2.6992146968841553
gpt_5,llm_new,893,0.8285228610038757
gpt_5,llm_new,894,1.7506024837493896
gpt_5,llm_new,895,2.7028234004974365
gpt_5,llm_new,896,0.5341184735298157
gpt_5,llm_new,897,-1.4570205211639404
gpt_5,llm_new,900,-2.305677652359009
gpt_5,llm_new,901,-0.6328468918800354
gpt_5,llm_new,902,-2.672853708267212
gpt_5,llm_new,903,-1.2565815448760986
gpt_5,llm_new,904,1.7366472482681274
gpt_5,llm_new,905,-0.6822280287742615
gpt_5,llm_new,908,1.1438997983932495
gpt_5,llm_new,911,-1.4082928895950317
gpt_5,llm_new,915,-1.2808198928833008
gpt_5,llm_new,917,0.7349854707717896
gpt_5,llm_new,918,-0.08023614436388016
gpt_5,llm_new,919,-2.648759126663208
gpt_5,llm_new,921,1.4436309337615967
gpt_5,llm_new,922,-2.881446123123169
gpt_5,llm_new,923,-1.0840007066726685
gpt_5,llm_new,924,-2.438263177871704
gpt_5,llm_new,925,2.2663753032684326
gpt_5,llm_new,926,-2.593320608139038
gpt_5,llm_new,927,-2.1264829635620117
gpt_5,llm_new,931,-2.6478049755096436
gpt_5,llm_new,934,-2.814811944961548
gpt_5,llm_new,935,0.7874019742012024
gpt_5,llm_new,936,-1.8858448266983032
gpt_5,llm_new,937,-2.881446123123169
gpt_5,llm_new,939,-1.1385610103607178
gpt_5,llm_new,940,-2.429544448852539
gpt_5,llm_new,942,0.9298108816146851
gpt_5,llm_new,943,2.7741329669952393
gpt_5,llm_new,947,-2.7406280040740967
gpt_5,llm_new,948,-2.668850898742676
gpt_5,llm_new,949,-0.7659323215484619
gpt_5,llm_new,950,-0.9294922947883606
gpt_5,llm_new,951,-2.1003434658050537
gpt_5,llm_new,960,-1.0202348232269287
gpt_5,llm_new,962,1.827767014503479
gpt_5,llm_new,964,1.4547843933105469
gpt_5,llm_new,971,-1.2556874752044678
gpt_5,llm_new,974,-2.7970917224884033
gpt_5,llm_new,975,-1.835172176361084
gpt_5,llm_new,976,-2.4291832447052
gpt_5,llm_new,978,-2.6516008377075195
gpt_5,llm_new,979,-2.835143566131592
gpt_5,llm_new,986,-2.293304681777954
gpt_5,llm_new,987,2.801586151123047
gpt_5,llm_new,989,-1.9425735473632812
gpt_5,llm_new,990,-1.143938422203064
gpt_5,llm_new,991,-0.3994089961051941
gpt_5,llm_new,992,-2.5442962646484375
gpt_5,llm_new,995,-2.415442705154419
gpt_5,llm_new,996,-2.087750196456909
gpt_5,llm_new,998,2.7288899421691895
gpt_5,llm_new,999,-2.5916848182678223
gemini_2_5_pro,llm_new,1,0.7348880171775818
gemini_2_5_pro,llm_new,3,1.3895467519760132
gemini_2_5_pro,llm_new,4,1.343119740486145
gemini_2_5_pro,llm_new,6,-0.4468987286090851
gemini_2_5_pro,llm_new,7,0.6841611862182617
gemini_2_5_pro,llm_new,8,-0.033693455159664154
gemini_2_5_pro,llm_new,10,1.0939009189605713
gemini_2_5_pro,llm_new,11,-1.785068154335022
gemini_2_5_pro,llm_new,12,0.15573590993881226
gemini_2_5_pro,llm_new,13,-0.10941533744335175
gemini_2_5_pro,llm_new,19,0.6320642232894897
gemini_2_5_pro,llm_new,24,-1.4269347190856934
gemini_2_5_pro,llm_new,25,1.6144003868103027
gemini_2_5_pro,llm_new,26,-0.1491898000240326
gemini_2_5_pro,llm_new,29,-0.7992295622825623
gemini_2_5_pro,llm_new,30,-1.1009327173233032
gemini_2_5_pro,llm_new,31,0.6295198202133179
gemini_2_5_pro,llm_new,32,1.0122629404067993
gemini_2_5_pro,llm_new,34,-0.009924642741680145
gemini_2_5_pro,llm_new,40,-0.4883284270763397
gemini_2_5_pro,llm_new,42,-0.0671984925866127
gemini_2_5_pro,llm_new,43,-0.8441580533981323
gemini_2_5_pro,llm_new,44,-0.7256598472595215
gemini_2_5_pro,llm_new,45,-0.025911860167980194
gemini_2_5_pro,llm_new,50,-1.6877267360687256
gemini_2_5_pro,llm_new,52,-1.215506672859192
gemini_2_5_pro,llm_new,55,0.6309877038002014
gemini_2_5_pro,llm_new,56,1.385445475578308
gemini_2_5_pro,llm_new,57,-1.1130874156951904
gemini_2_5_pro,llm_new,60,-0.4560100734233856
gemini_2_5_pro,llm_new,61,-0.6616755723953247
gemini_2_5_pro,llm_new,62,-0.5395290851593018
gemini_2_5_pro,llm_new,64,-1.7515273094177246
gemini_2_5_pro,llm_new,66,1.127246379852295
gemini_2_5_pro,llm_new,67,1.1533381938934326
gemini_2_5_pro,llm_new,68,1.3513983488082886
gemini_2_5_pro,llm_new,70,-1.3575621843338013
gemini_2_5_pro,llm_new,71,0.889083743095398
gemini_2_5_pro,llm_new,73,-0.18576574325561523
gemini_2_5_pro,llm_new,74,-0.3682324290275574
gemini_2_5_pro,llm_new,75,-0.907595694065094
gemini_2_5_pro,llm_new,77,-1.8056987524032593
gemini_2_5_pro,llm_new,78,-0.7445400357246399
gemini_2_5_pro,llm_new,79,0.23492184281349182
gemini_2_5_pro,llm_new,80,-0.7054290771484375
gemini_2_5_pro,llm_new,82,1.318724274635315
gemini_2_5_pro,llm_new,83,1.0946893692016602
gemini_2_5_pro,llm_new,84,-0.6729472875595093
gemini_2_5_pro,llm_new,85,-2.0968923568725586
gemini_2_5_pro,llm_new,87,-0.02616206556558609
gemini_2_5_pro,llm_new,89,-0.8148701786994934
gemini_2_5_pro,llm_new,90,0.8001935482025146
gemini_2_5_pro,llm_new,91,-0.2815391421318054
gemini_2_5_pro,llm_new,93,-1.3814184665679932
gemini_2_5_pro,llm_new,95,-0.6461547613143921
gemini_2_5_pro,llm_new,97,-0.2484653890132904
gemini_2_5_pro,llm_new,98,-0.11127495020627975
gemini_2_5_pro,llm_new,101,-1.7371753454208374
gemini_2_5_pro,llm_new,102,-0.20916053652763367
gemini_2_5_pro,llm_new,105,-1.7565215826034546
gemini_2_5_pro,llm_new,108,-1.5840576887130737
gemini_2_5_pro,llm_new,109,0.1745765507221222
gemini_2_5_pro,llm_new,110,-0.08914235234260559
gemini_2_5_pro,llm_new,111,-1.3155549764633179
gemini_2_5_pro,llm_new,114,0.7928766012191772
gemini_2_5_pro,llm_new,115,-0.9809495806694031
gemini_2_5_pro,llm_new,119,1.35004723072052
gemini_2_5_pro,llm_new,121,1.1120796203613281
gemini_2_5_pro,llm_new,126,1.2620145082473755
gemini_2_5_pro,llm_new,132,-0.0038818642497062683
gemini_2_5_pro,llm_new,133,1.2536125183105469
gemini_2_5_pro,llm_new,134,-0.05865766853094101
gemini_2_5_pro,llm_new,136,0.7450823187828064
gemini_2_5_pro,llm_new,137,-1.3769837617874146
gemini_2_5_pro,llm_new,138,0.01597563922405243
gemini_2_5_pro,llm_new,140,-1.3443447351455688
gemini_2_5_pro,llm_new,141,0.5584854483604431
gemini_2_5_pro,llm_new,142,1.3531869649887085
gemini_2_5_pro,llm_new,145,0.3382181227207184
gemini_2_5_pro,llm_new,146,0.8114972114562988
gemini_2_5_pro,llm_new,149,1.7092994451522827
gemini_2_5_pro,llm_new,156,-2.1599748134613037
gemini_2_5_pro,llm_new,159,-1.2224100828170776
gemini_2_5_pro,llm_new,164,-1.3816763162612915
gemini_2_5_pro,llm_new,165,0.5667855739593506
gemini_2_5_pro,llm_new,166,-0.42741283774375916
gemini_2_5_pro,llm_new,168,1.4896987676620483
gemini_2_5_pro,llm_new,169,-0.6062373518943787
gemini_2_5_pro,llm_new,170,0.40587520599365234
gemini_2_5_pro,llm_new,173,-0.5573488473892212
gemini_2_5_pro,llm_new,174,0.7872143983840942
gemini_2_5_pro,llm_new,175,0.4826342761516571
gemini_2_5_pro,llm_new,177,0.8361144065856934
gemini_2_5_pro,llm_new,179,1.7286086082458496
gemini_2_5_pro,llm_new,182,-1.3157578706741333
gemini_2_5_pro,llm_new,183,-1.0165539979934692
gemini_2_5_pro,llm_new,185,1.0077311992645264
gemini_2_5_pro,llm_new,186,-0.029549673199653625
gemini_2_5_pro,llm_new,193,-0.09681185334920883
gemini_2_5_pro,llm_new,194,-1.7415783405303955
gemini_2_5_pro,llm_new,197,-0.9070467352867126
gemini_2_5_pro,llm_new,199,1.2951442003250122
gemini_2_5_pro,llm_new,200,-1.3527933359146118
gemini_2_5_pro,llm_new,205,-1.402449369430542
gemini_2_5_pro,llm_new,209,0.9295417070388794
gemini_2_5_pro,llm_new,210,0.05973045527935028
gemini_2_5_pro,llm_new,211,0.06385884433984756
gemini_2_5_pro,llm_new,212,1.35004723072052
gemini_2_5_pro,llm_new,213,1.3199186325073242
gemini_2_5_pro,llm_new,214,-0.3027455508708954
gemini_2_5_pro,llm_new,216,1.8335453271865845
gemini_2_5_pro,llm_new,219,-1.1776313781738281
gemini_2_5_pro,llm_new,221,0.65180504322052
gemini_2_5_pro,llm_new,222,-1.3155549764633179
gemini_2_5_pro,llm_new,224,-0.6582929491996765
gemini_2_5_pro,llm_new,228,0.01792169362306595
gemini_2_5_pro,llm_new,229,-1.7698746919631958
gemini_2_5_pro,llm_new,232,0.16954725980758667
gemini_2_5_pro,llm_new,235,0.8775584697723389
gemini_2_5_pro,llm_new,236,1.0339127779006958
gemini_2_5_pro,llm_new,238,-0.6367861032485962
gemini_2_5_pro,llm_new,239,-0.7992295622825623
gemini_2_5_pro,llm_new,240,0.9609997272491455
gemini_2_5_pro,llm_new,245,-1.3443447351455688
gemini_2_5_pro,llm_new,248,-2.088334321975708
gemini_2_5_pro,llm_new,249,1.8198742866516113
gemini_2_5_pro,llm_new,250,-0.42686495184898376
gemini_2_5_pro,llm_new,251,0.7960794568061829
gemini_2_5_pro,llm_new,255,0.8852832317352295
gemini_2_5_pro,llm_new,257,0.3525151014328003
gemini_2_5_pro,llm_new,260,-0.037504471838474274
gemini_2_5_pro,llm_new,261,-1.7659331560134888
gemini_2_5_pro,llm_new,262,-0.42263975739479065
gemini_2_5_pro,llm_new,265,-0.6062373518943787
gemini_2_5_pro,llm_new,266,-1.764695405960083
gemini_2_5_pro,llm_new,267,0.6896604895591736
gemini_2_5_pro,llm_new,273,0.6235033273696899
gemini_2_5_pro,llm_new,275,-0.8201954364776611
gemini_2_5_pro,llm_new,276,-0.6170219779014587
gemini_2_5_pro,llm_new,278,-1.2572592496871948
gemini_2_5_pro,llm_new,279,0.5586013793945312
gemini_2_5_pro,llm_new,281,-0.0038818642497062683
gemini_2_5_pro,llm_new,282,-0.1805136799812317
gemini_2_5_pro,llm_new,286,-1.1871259212493896
gemini_2_5_pro,llm_new,287,-1.1807892322540283
gemini_2_5_pro,llm_new,290,-1.4126006364822388
gemini_2_5_pro,llm_new,291,-0.9210984110832214
gemini_2_5_pro,llm_new,292,-1.0107197761535645
gemini_2_5_pro,llm_new,293,-1.6171300411224365
gemini_2_5_pro,llm_new,295,0.6102864146232605
gemini_2_5_pro,llm_new,297,0.778296709060669
gemini_2_5_pro,llm_new,299,0.02974637597799301
gemini_2_5_pro,llm_new,300,1.1963022947311401
gemini_2_5_pro,llm_new,301,-1.775856614112854
gemini_2_5_pro,llm_new,303,-0.033693455159664154
gemini_2_5_pro,llm_new,306,-0.23600417375564575
gemini_2_5_pro,llm_new,307,0.8924185037612915
gemini_2_5_pro,llm_new,308,-0.9299120903015137
gemini_2_5_pro,llm_new,310,-1.7906192541122437
gemini_2_5_pro,llm_new,311,-1.0480810403823853
gemini_2_5_pro,llm_new,312,1.3511496782302856
gemini_2_5_pro,llm_new,313,1.1443030834197998
gemini_2_5_pro,llm_new,315,0.9296894073486328
gemini_2_5_pro,llm_new,317,1.1466153860092163
gemini_2_5_pro,llm_new,319,0.5902576446533203
gemini_2_5_pro,llm_new,320,-0.5573488473892212
gemini_2_5_pro,llm_new,322,-0.24304607510566711
gemini_2_5_pro,llm_new,324,0.21224704384803772
gemini_2_5_pro,llm_new,327,-0.026043690741062164
gemini_2_5_pro,llm_new,328,1.2729359865188599
gemini_2_5_pro,llm_new,329,0.6950430870056152
gemini_2_5_pro,llm_new,330,0.5054993033409119
gemini_2_5_pro,llm_new,332,-2.098907709121704
gemini_2_5_pro,llm_new,333,-0.0038818642497062683
gemini_2_5_pro,llm_new,334,-0.9220969676971436
gemini_2_5_pro,llm_new,335,0.4454663097858429
gemini_2_5_pro,llm_new,337,-1.4211090803146362
gemini_2_5_pro,llm_new,339,-0.0440041646361351
gemini_2_5_pro,llm_new,343,0.3382181227207184
gemini_2_5_pro,llm_new,345,-0.7174878716468811
gemini_2_5_pro,llm_new,347,-1.7371753454208374
gemini_2_5_pro,llm_new,351,-0.46722713112831116
gemini_2_5_pro,llm_new,352,0.7356311678886414
gemini_2_5_pro,llm_new,353,0.736842691898346
gemini_2_5_pro,llm_new,355,0.008208982646465302
gemini_2_5_pro,llm_new,356,-2.1035120487213135
gemini_2_5_pro,llm_new,358,0.3254444897174835
gemini_2_5_pro,llm_new,360,-2.0968923568725586
gemini_2_5_pro,llm_new,361,0.7417483329772949
gemini_2_5_pro,llm_new,362,0.6979779601097107
gemini_2_5_pro,llm_new,363,-1.1708139181137085
gemini_2_5_pro,llm_new,364,0.09287378937005997
gemini_2_5_pro,llm_new,366,-0.7780405282974243
gemini_2_5_pro,llm_new,368,-0.13682076334953308
gemini_2_5_pro,llm_new,369,-1.043036937713623
gemini_2_5_pro,llm_new,371,1.8357168436050415
gemini_2_5_pro,llm_new,372,0.7423598170280457
gemini_2_5_pro,llm_new,376,-1.7853622436523438
gemini_2_5_pro,llm_new,378,0.27806732058525085
gemini_2_5_pro,llm_new,381,-1.0318409204483032
gemini_2_5_pro,llm_new,382,-1.0144509077072144
gemini_2_5_pro,llm_new,383,-0.8854088187217712
gemini_2_5_pro,llm_new,389,1.1527048349380493
gemini_2_5_pro,llm_new,391,-0.44779831171035767
gemini_2_5_pro,llm_new,394,0.02159702032804489
gemini_2_5_pro,llm_new,395,1.5870327949523926
gemini_2_5_pro,llm_new,397,-1.3430522680282593
gemini_2_5_pro,llm_new,399,-0.8435508012771606
gemini_2_5_pro,llm_new,405,1.334279179573059
gemini_2_5_pro,llm_new,406,1.12246572971344
gemini_2_5_pro,llm_new,409,-0.8104355931282043
gemini_2_5_pro,llm_new,410,0.44984233379364014
gemini_2_5_pro,llm_new,412,-0.5039699673652649
gemini_2_5_pro,llm_new,413,-1.3818063735961914
gemini_2_5_pro,llm_new,417,0.6031337380409241
gemini_2_5_pro,llm_new,418,-0.2815391421318054
gemini_2_5_pro,llm_new,421,0.1255711317062378
gemini_2_5_pro,llm_new,423,1.4008488655090332
gemini_2_5_pro,llm_new,424,1.6385321617126465
gemini_2_5_pro,llm_new,425,-0.06274028867483139
gemini_2_5_pro,llm_new,426,1.0466128587722778
gemini_2_5_pro,llm_new,427,-0.08026661723852158
gemini_2_5_pro,llm_new,429,0.9705871343612671
gemini_2_5_pro,llm_new,430,-1.360437035560608
gemini_2_5_pro,llm_new,431,-1.084978699684143
gemini_2_5_pro,llm_new,433,-1.0632308721542358
gemini_2_5_pro,llm_new,434,0.7511606216430664
gemini_2_5_pro,llm_new,437,1.2616806030273438
gemini_2_5_pro,llm_new,440,-0.8193821310997009
gemini_2_5_pro,llm_new,441,0.5858044624328613
gemini_2_5_pro,llm_new,443,-0.25155529379844666
gemini_2_5_pro,llm_new,445,-1.3840850591659546
gemini_2_5_pro,llm_new,446,0.7511606216430664
gemini_2_5_pro,llm_new,448,-0.07327144593000412
gemini_2_5_pro,llm_new,449,-1.7729312181472778
gemini_2_5_pro,llm_new,450,-1.0540727376937866
gemini_2_5_pro,llm_new,451,0.5181629657745361
gemini_2_5_pro,llm_new,452,-0.024502582848072052
gemini_2_5_pro,llm_new,454,-0.012512147426605225
gemini_2_5_pro,llm_new,457,-0.9894870519638062
gemini_2_5_pro,llm_new,458,-1.3676398992538452
gemini_2_5_pro,llm_new,463,-1.6717804670333862
gemini_2_5_pro,llm_new,465,-0.9465981721878052
gemini_2_5_pro,llm_new,466,-1.2324186563491821
gemini_2_5_pro,llm_new,468,1.2729359865188599
gemini_2_5_pro,llm_new,469,1.2947007417678833
gemini_2_5_pro,llm_new,478,0.7149496078491211
gemini_2_5_pro,llm_new,479,0.10473551601171494
gemini_2_5_pro,llm_new,480,0.7524614334106445
gemini_2_5_pro,llm_new,482,-1.0990525484085083
gemini_2_5_pro,llm_new,483,-1.3747092485427856
gemini_2_5_pro,llm_new,484,0.5584854483604431
gemini_2_5_pro,llm_new,486,-0.93419349193573
gemini_2_5_pro,llm_new,487,-1.4126006364822388
gemini_2_5_pro,llm_new,491,-0.9183284640312195
gemini_2_5_pro,llm_new,494,-1.0214282274246216
gemini_2_5_pro,llm_new,495,0.15510645508766174
gemini_2_5_pro,llm_new,496,-0.111782006919384
gemini_2_5_pro,llm_new,498,-0.47257372736930847
gemini_2_5_pro,llm_new,500,-1.3766049146652222
gemini_2_5_pro,llm_new,501,0.02397339791059494
gemini_2_5_pro,llm_new,502,-0.26522380113601685
gemini_2_5_pro,llm_new,507,-0.7824301719665527
gemini_2_5_pro,llm_new,508,-1.0214282274246216
gemini_2_5_pro,llm_new,514,-1.7882710695266724
gemini_2_5_pro,llm_new,515,0.13990435004234314
gemini_2_5_pro,llm_new,517,0.9949342012405396
gemini_2_5_pro,llm_new,519,1.8379062414169312
gemini_2_5_pro,llm_new,520,1.1166924238204956
gemini_2_5_pro,llm_new,522,-0.035840049386024475
gemini_2_5_pro,llm_new,523,-1.2385239601135254
gemini_2_5_pro,llm_new,524,-0.060726627707481384
gemini_2_5_pro,llm_new,526,-1.6775203943252563
gemini_2_5_pro,llm_new,527,-0.6719354391098022
gemini_2_5_pro,llm_new,528,0.013408176600933075
gemini_2_5_pro,llm_new,529,-0.24400433897972107
gemini_2_5_pro,llm_new,530,-1.4211875200271606
gemini_2_5_pro,llm_new,531,0.747029185295105
gemini_2_5_pro,llm_new,532,-1.1094263792037964
gemini_2_5_pro,llm_new,533,-0.34766554832458496
gemini_2_5_pro,llm_new,534,-1.3443447351455688
gemini_2_5_pro,llm_new,535,0.13855868577957153
gemini_2_5_pro,llm_new,536,-0.8944239616394043
gemini_2_5_pro,llm_new,537,-1.0214282274246216
gemini_2_5_pro,llm_new,540,-1.8113266229629517
gemini_2_5_pro,llm_new,542,-1.377417802810669
gemini_2_5_pro,llm_new,543,1.4522771835327148
gemini_2_5_pro,llm_new,544,0.6675173044204712
gemini_2_5_pro,llm_new,545,-1.7345563173294067
gemini_2_5_pro,llm_new,546,0.24356085062026978
gemini_2_5_pro,llm_new,548,0.8678783774375916
gemini_2_5_pro,llm_new,549,-0.09985291212797165
gemini_2_5_pro,llm_new,550,-0.9620264768600464
gemini_2_5_pro,llm_new,553,0.8292556405067444
gemini_2_5_pro,llm_new,555,-0.03334163874387741
gemini_2_5_pro,llm_new,558,-1.38461434841156
gemini_2_5_pro,llm_new,560,0.7048641443252563
gemini_2_5_pro,llm_new,568,-0.8657273054122925
gemini_2_5_pro,llm_new,569,-1.0202503204345703
gemini_2_5_pro,llm_new,571,-1.7927814722061157
gemini_2_5_pro,llm_new,573,-0.8218028545379639
gemini_2_5_pro,llm_new,576,-0.9638612270355225
gemini_2_5_pro,llm_new,577,-0.24400433897972107
gemini_2_5_pro,llm_new,579,-1.12104070186615
gemini_2_5_pro,llm_new,581,0.5858044624328613
gemini_2_5_pro,llm_new,582,-0.7145330309867859
gemini_2_5_pro,llm_new,583,0.07875705510377884
gemini_2_5_pro,llm_new,584,0.055381931364536285
gemini_2_5_pro,llm_new,585,0.870719313621521
gemini_2_5_pro,llm_new,586,0.5584854483604431
gemini_2_5_pro,llm_new,588,-0.02635081857442856
gemini_2_5_pro,llm_new,589,-0.38049039244651794
gemini_2_5_pro,llm_new,590,0.5713744759559631
gemini_2_5_pro,llm_new,591,-1.8056987524032593
gemini_2_5_pro,llm_new,594,0.5858044624328613
gemini_2_5_pro,llm_new,595,1.2969167232513428
gemini_2_5_pro,llm_new,596,-1.8005748987197876
gemini_2_5_pro,llm_new,597,0.8569746017456055
gemini_2_5_pro,llm_new,598,-1.755611777305603
gemini_2_5_pro,llm_new,599,-0.7773309946060181
gemini_2_5_pro,llm_new,600,0.8977488279342651
gemini_2_5_pro,llm_new,602,-1.3114235401153564
gemini_2_5_pro,llm_new,604,0.11054442077875137
gemini_2_5_pro,llm_new,605,-0.031532905995845795
gemini_2_5_pro,llm_new,606,1.6098377704620361
gemini_2_5_pro,llm_new,612,-1.8374041318893433
gemini_2_5_pro,llm_new,614,-1.7611929178237915
gemini_2_5_pro,llm_new,616,0.7908980846405029
gemini_2_5_pro,llm_new,618,0.38062313199043274
gemini_2_5_pro,llm_new,619,0.7678793668746948
gemini_2_5_pro,llm_new,622,0.7273221015930176
gemini_2_5_pro,llm_new,627,-1.464741587638855
gemini_2_5_pro,llm_new,629,-0.49200692772865295
gemini_2_5_pro,llm_new,630,1.1546859741210938
gemini_2_5_pro,llm_new,632,-0.0038424506783485413
gemini_2_5_pro,llm_new,634,-1.3423266410827637
gemini_2_5_pro,llm_new,635,-1.7705518007278442
gemini_2_5_pro,llm_new,636,0.47533735632896423
gemini_2_5_pro,llm_new,637,0.7604823708534241
gemini_2_5_pro,llm_new,639,-1.3840850591659546
gemini_2_5_pro,llm_new,644,-1.12104070186615
gemini_2_5_pro,llm_new,645,-0.5641366243362427
gemini_2_5_pro,llm_new,650,-0.020304329693317413
gemini_2_5_pro,llm_new,651,1.2391142845153809
gemini_2_5_pro,llm_new,653,-1.7753080129623413
gemini_2_5_pro,llm_new,654,-1.4048149585723877
gemini_2_5_pro,llm_new,656,-0.37549832463264465
gemini_2_5_pro,llm_new,657,-0.49200692772865295
gemini_2_5_pro,llm_new,661,1.6144003868103027
gemini_2_5_pro,llm_new,663,-1.1243988275527954
gemini_2_5_pro,llm_new,665,-1.3814184665679932
gemini_2_5_pro,llm_new,666,-0.2815391421318054
gemini_2_5_pro,llm_new,669,-1.6180044412612915
gemini_2_5_pro,llm_new,670,0.8866896033287048
gemini_2_5_pro,llm_new,671,0.3668115735054016
gemini_2_5_pro,llm_new,674,-1.7966458797454834
gemini_2_5_pro,llm_new,678,-0.2726810574531555
gemini_2_5_pro,llm_new,679,0.730228841304779
gemini_2_5_pro,llm_new,680,0.08193214982748032
gemini_2_5_pro,llm_new,683,-1.3864487409591675
gemini_2_5_pro,llm_new,688,-1.7966458797454834
gemini_2_5_pro,llm_new,690,0.6318970918655396
gemini_2_5_pro,llm_new,693,-0.2294003963470459
gemini_2_5_pro,llm_new,695,0.7458047866821289
gemini_2_5_pro,llm_new,696,-0.5036025643348694
gemini_2_5_pro,llm_new,697,1.0406800508499146
gemini_2_5_pro,llm_new,698,-1.744897484779358
gemini_2_5_pro,llm_new,704,-0.32776907086372375
gemini_2_5_pro,llm_new,706,-0.18409132957458496
gemini_2_5_pro,llm_new,707,-1.3840850591659546
gemini_2_5_pro,llm_new,708,0.6620769500732422
gemini_2_5_pro,llm_new,709,-1.0055001974105835
gemini_2_5_pro,llm_new,711,0.647250771522522
gemini_2_5_pro,llm_new,712,-0.5178892612457275
gemini_2_5_pro,llm_new,714,0.5650555491447449
gemini_2_5_pro,llm_new,715,-0.3531883955001831
gemini_2_5_pro,llm_new,716,0.20236265659332275
gemini_2_5_pro,llm_new,717,0.06665564328432083
gemini_2_5_pro,llm_new,718,1.5607973337173462
gemini_2_5_pro,llm_new,722,-1.0366383790969849
gemini_2_5_pro,llm_new,723,-1.3766049146652222
gemini_2_5_pro,llm_new,729,-0.7824301719665527
gemini_2_5_pro,llm_new,732,-1.0990525484085083
gemini_2_5_pro,llm_new,735,-0.22819378972053528
gemini_2_5_pro,llm_new,738,-0.011599101126194
gemini_2_5_pro,llm_new,741,-1.4909740686416626
gemini_2_5_pro,llm_new,742,-0.7979520559310913
gemini_2_5_pro,llm_new,746,-0.4728729724884033
gemini_2_5_pro,llm_new,750,-1.388248324394226
gemini_2_5_pro,llm_new,754,1.1822148561477661
gemini_2_5_pro,llm_new,757,1.0603752136230469
gemini_2_5_pro,llm_new,758,-0.8906844258308411
gemini_2_5_pro,llm_new,762,-0.3462092876434326
gemini_2_5_pro,llm_new,765,-0.27018365263938904
gemini_2_5_pro,llm_new,768,0.13693377375602722
gemini_2_5_pro,llm_new,774,1.3013314008712769
gemini_2_5_pro,llm_new,775,-0.06274028867483139
gemini_2_5_pro,llm_new,778,-0.6283151507377625
gemini_2_5_pro,llm_new,779,-0.6542588472366333
gemini_2_5_pro,llm_new,782,-0.706791877746582
gemini_2_5_pro,llm_new,784,0.9610157012939453
gemini_2_5_pro,llm_new,788,1.2612920999526978
gemini_2_5_pro,llm_new,790,-1.0424599647521973
gemini_2_5_pro,llm_new,793,-0.20594522356987
gemini_2_5_pro,llm_new,797,1.7062915563583374
gemini_2_5_pro,llm_new,798,0.9841886758804321
gemini_2_5_pro,llm_new,799,-1.7927814722061157
gemini_2_5_pro,llm_new,800,-0.49383512139320374
gemini_2_5_pro,llm_new,801,0.3486618995666504
gemini_2_5_pro,llm_new,803,-1.8056987524032593
gemini_2_5_pro,llm_new,811,-0.9656298160552979
gemini_2_5_pro,llm_new,812,-0.87117600440979
gemini_2_5_pro,llm_new,814,0.5188897252082825
gemini_2_5_pro,llm_new,817,0.22819784283638
gemini_2_5_pro,llm_new,818,0.27894169092178345
gemini_2_5_pro,llm_new,821,1.5448486804962158
gemini_2_5_pro,llm_new,823,0.6329299211502075
gemini_2_5_pro,llm_new,824,-2.0788533687591553
gemini_2_5_pro,llm_new,825,-1.1263192892074585
gemini_2_5_pro,llm_new,827,0.0402735099196434
gemini_2_5_pro,llm_new,828,-0.5467870235443115
gemini_2_5_pro,llm_new,830,-1.8078299760818481
gemini_2_5_pro,llm_new,833,0.6817618012428284
gemini_2_5_pro,llm_new,837,-0.31470659375190735
gemini_2_5_pro,llm_new,838,-1.0990525484085083
gemini_2_5_pro,llm_new,846,0.9295417070388794
gemini_2_5_pro,llm_new,850,-0.7900562286376953
gemini_2_5_pro,llm_new,853,-1.8030918836593628
gemini_2_5_pro,llm_new,860,0.2895731031894684
gemini_2_5_pro,llm_new,866,-1.8171788454055786
gemini_2_5_pro,llm_new,867,0.8404973745346069
gemini_2_5_pro,llm_new,868,0.7403170466423035
gemini_2_5_pro,llm_new,869,0.7504597902297974
gemini_2_5_pro,llm_new,871,-1.806212067604065
gemini_2_5_pro,llm_new,873,-1.3882561922073364
gemini_2_5_pro,llm_new,874,-0.9888567924499512
gemini_2_5_pro,llm_new,877,-0.9029924869537354
gemini_2_5_pro,llm_new,880,1.1525087356567383
gemini_2_5_pro,llm_new,882,-1.3445898294448853
gemini_2_5_pro,llm_new,883,-2.0799224376678467
gemini_2_5_pro,llm_new,884,0.04103144258260727
gemini_2_5_pro,llm_new,885,0.9841886758804321
gemini_2_5_pro,llm_new,886,1.2634183168411255
gemini_2_5_pro,llm_new,893,0.5964030623435974
gemini_2_5_pro,llm_new,894,1.35004723072052
gemini_2_5_pro,llm_new,895,-0.339601069688797
gemini_2_5_pro,llm_new,896,-0.06274028867483139
gemini_2_5_pro,llm_new,897,-0.5827722549438477
gemini_2_5_pro,llm_new,900,-0.9013320207595825
gemini_2_5_pro,llm_new,901,0.8077490925788879
gemini_2_5_pro,llm_new,902,-0.864913821220398
gemini_2_5_pro,llm_new,903,-0.4801103174686432
gemini_2_5_pro,llm_new,904,-0.3760678470134735
gemini_2_5_pro,llm_new,905,-0.2619236707687378
gemini_2_5_pro,llm_new,908,0.22268271446228027
gemini_2_5_pro,llm_new,911,0.8589640259742737
gemini_2_5_pro,llm_new,915,-0.614418625831604
gemini_2_5_pro,llm_new,917,1.3366011381149292
gemini_2_5_pro,llm_new,918,-0.7311364412307739
gemini_2_5_pro,llm_new,919,-1.785068154335022
gemini_2_5_pro,llm_new,921,-0.032708682119846344
gemini_2_5_pro,llm_new,922,-1.410880208015442
gemini_2_5_pro,llm_new,923,0.5937085151672363
gemini_2_5_pro,llm_new,924,-0.9888567924499512
gemini_2_5_pro,llm_new,925,-0.02164580672979355
gemini_2_5_pro,llm_new,926,-1.3078533411026
gemini_2_5_pro,llm_new,927,-0.86167311668396
gemini_2_5_pro,llm_new,931,-1.8113266229629517
gemini_2_5_pro,llm_new,934,-1.3241630792617798
gemini_2_5_pro,llm_new,935,1.3378710746765137
gemini_2_5_pro,llm_new,936,0.8068516254425049
gemini_2_5_pro,llm_new,937,-1.410880208015442
gemini_2_5_pro,llm_new,939,-0.3527740240097046
gemini_2_5_pro,llm_new,940,-1.0588470697402954
gemini_2_5_pro,llm_new,942,1.3164869546890259
gemini_2_5_pro,llm_new,943,0.747029185295105
gemini_2_5_pro,llm_new,947,-2.045283317565918
gemini_2_5_pro,llm_new,948,0.6297470927238464
gemini_2_5_pro,llm_new,949,0.9363863468170166
gemini_2_5_pro,llm_new,950,0.1313713788986206
gemini_2_5_pro,llm_new,951,-1.316308617591858
gemini_2_5_pro,llm_new,960,-0.3122900426387787
gemini_2_5_pro,llm_new,962,1.3428127765655518
gemini_2_5_pro,llm_new,964,0.3439805209636688
gemini_2_5_pro,llm_new,971,-0.6592119336128235
gemini_2_5_pro,llm_new,974,-1.3575621843338013
gemini_2_5_pro,llm_new,975,-1.5933531522750854
gemini_2_5_pro,llm_new,976,-1.369677186012268
gemini_2_5_pro,llm_new,978,-1.3046809434890747
gemini_2_5_pro,llm_new,979,-1.0671600103378296
gemini_2_5_pro,llm_new,986,-2.1967179775238037
gemini_2_5_pro,llm_new,987,0.6979779601097107
gemini_2_5_pro,llm_new,989,-1.2324186563491821
gemini_2_5_pro,llm_new,990,-1.1779377460479736
gemini_2_5_pro,llm_new,991,-0.1729055941104889
gemini_2_5_pro,llm_new,992,-1.646708607673645
gemini_2_5_pro,llm_new,995,-1.3676398992538452
gemini_2_5_pro,llm_new,996,-1.7279129028320312
gemini_2_5_pro,llm_new,998,0.7504597902297974
gemini_2_5_pro,llm_new,999,-1.3863625526428223
gemini_3_1_pro,llm_new,1,0.7645866870880127
gemini_3_1_pro,llm_new,3,0.6869338154792786
gemini_3_1_pro,llm_new,4,1.44581937789917
gemini_3_1_pro,llm_new,6,-0.8251193761825562
gemini_3_1_pro,llm_new,7,1.494773268699646
gemini_3_1_pro,llm_new,8,0.056226376444101334
gemini_3_1_pro,llm_new,10,0.47221648693084717
gemini_3_1_pro,llm_new,11,-1.7239967584609985
gemini_3_1_pro,llm_new,12,0.829685628414154
gemini_3_1_pro,llm_new,13,-0.7475248575210571
gemini_3_1_pro,llm_new,19,-0.34841105341911316
gemini_3_1_pro,llm_new,24,-1.3423080444335938
gemini_3_1_pro,llm_new,25,-1.6580663919448853
gemini_3_1_pro,llm_new,26,-0.017710138112306595
gemini_3_1_pro,llm_new,29,-0.5368838310241699
gemini_3_1_pro,llm_new,30,-1.7789218425750732
gemini_3_1_pro,llm_new,31,0.12374485284090042
gemini_3_1_pro,llm_new,32,1.4041317701339722
gemini_3_1_pro,llm_new,34,-0.6077907681465149
gemini_3_1_pro,llm_new,40,-0.8854215145111084
gemini_3_1_pro,llm_new,42,-0.7699072360992432
gemini_3_1_pro,llm_new,43,-1.0114047527313232
gemini_3_1_pro,llm_new,44,-1.6180903911590576
gemini_3_1_pro,llm_new,45,-1.7904411554336548
gemini_3_1_pro,llm_new,50,-1.7330877780914307
gemini_3_1_pro,llm_new,52,-1.4704890251159668
gemini_3_1_pro,llm_new,55,0.8203453421592712
gemini_3_1_pro,llm_new,56,0.7274336814880371
gemini_3_1_pro,llm_new,57,-1.433082103729248
gemini_3_1_pro,llm_new,60,0.09636617451906204
gemini_3_1_pro,llm_new,61,-0.869388997554779
gemini_3_1_pro,llm_new,62,-0.5949427485466003
gemini_3_1_pro,llm_new,64,-1.72441828250885
gemini_3_1_pro,llm_new,66,1.1279462575912476
gemini_3_1_pro,llm_new,67,0.5221433639526367
gemini_3_1_pro,llm_new,68,1.2670934200286865
gemini_3_1_pro,llm_new,70,-1.6259896755218506
gemini_3_1_pro,llm_new,71,0.5964903235435486
gemini_3_1_pro,llm_new,73,-0.6754250526428223
gemini_3_1_pro,llm_new,74,0.022002998739480972
gemini_3_1_pro,llm_new,75,-1.6963818073272705
gemini_3_1_pro,llm_new,77,-1.5712991952896118
gemini_3_1_pro,llm_new,78,-1.3959670066833496
gemini_3_1_pro,llm_new,79,0.3258718252182007
gemini_3_1_pro,llm_new,80,-1.3021241426467896
gemini_3_1_pro,llm_new,82,0.394071489572525
gemini_3_1_pro,llm_new,83,1.2358837127685547
gemini_3_1_pro,llm_new,84,-0.96854567527771
gemini_3_1_pro,llm_new,85,-1.7813358306884766
gemini_3_1_pro,llm_new,87,0.29036444425582886
gemini_3_1_pro,llm_new,89,-0.5458924174308777
gemini_3_1_pro,llm_new,90,0.0419577993452549
gemini_3_1_pro,llm_new,91,-1.1144404411315918
gemini_3_1_pro,llm_new,93,-1.127913475036621
gemini_3_1_pro,llm_new,95,-1.402532935142517
gemini_3_1_pro,llm_new,97,1.2929158210754395
gemini_3_1_pro,llm_new,98,-0.8275796175003052
gemini_3_1_pro,llm_new,101,-1.7241772413253784
gemini_3_1_pro,llm_new,102,0.8426738977432251
gemini_3_1_pro,llm_new,105,-1.739587664604187
gemini_3_1_pro,llm_new,108,-1.4266462326049805
gemini_3_1_pro,llm_new,109,-0.4524960517883301
gemini_3_1_pro,llm_new,110,-0.6414137482643127
gemini_3_1_pro,llm_new,111,-1.8178497552871704
gemini_3_1_pro,llm_new,114,1.6793581247329712
gemini_3_1_pro,llm_new,115,1.0022071599960327
gemini_3_1_pro,llm_new,119,1.29050612449646
gemini_3_1_pro,llm_new,121,0.5918396711349487
gemini_3_1_pro,llm_new,126,1.6861722469329834
gemini_3_1_pro,llm_new,132,-0.8277004957199097
gemini_3_1_pro,llm_new,133,-0.030327018350362778
gemini_3_1_pro,llm_new,134,-0.2841796576976776
gemini_3_1_pro,llm_new,136,0.7438385486602783
gemini_3_1_pro,llm_new,137,-1.17784583568573
gemini_3_1_pro,llm_new,138,-0.13201959431171417
gemini_3_1_pro,llm_new,140,-1.8650603294372559
gemini_3_1_pro,llm_new,141,0.024738047271966934
gemini_3_1_pro,llm_new,142,1.4370734691619873
gemini_3_1_pro,llm_new,145,-0.0320383682847023
gemini_3_1_pro,llm_new,146,0.9064013361930847
gemini_3_1_pro,llm_new,149,-0.07314807921648026
gemini_3_1_pro,llm_new,156,-1.6205793619155884
gemini_3_1_pro,llm_new,159,-0.9058674573898315
gemini_3_1_pro,llm_new,164,-1.875823736190796
gemini_3_1_pro,llm_new,165,0.5891156196594238
gemini_3_1_pro,llm_new,166,-0.8182477951049805
gemini_3_1_pro,llm_new,168,1.3129665851593018
gemini_3_1_pro,llm_new,169,-1.3510043621063232
gemini_3_1_pro,llm_new,170,0.025569740682840347
gemini_3_1_pro,llm_new,173,-1.2931029796600342
gemini_3_1_pro,llm_new,174,0.43876203894615173
gemini_3_1_pro,llm_new,175,0.38769593834877014
gemini_3_1_pro,llm_new,177,0.1717221736907959
gemini_3_1_pro,llm_new,179,-1.1210013628005981
gemini_3_1_pro,llm_new,182,-1.8844521045684814
gemini_3_1_pro,llm_new,183,-1.1418843269348145
gemini_3_1_pro,llm_new,185,-0.2513316869735718
gemini_3_1_pro,llm_new,186,0.027410585433244705
gemini_3_1_pro,llm_new,193,0.05011962726712227
gemini_3_1_pro,llm_new,194,-1.7264983654022217
gemini_3_1_pro,llm_new,197,-1.145900011062622
gemini_3_1_pro,llm_new,199,0.9152657985687256
gemini_3_1_pro,llm_new,200,-1.8684848546981812
gemini_3_1_pro,llm_new,205,-1.51430344581604
gemini_3_1_pro,llm_new,209,0.2873968780040741
gemini_3_1_pro,llm_new,210,1.457924723625183
gemini_3_1_pro,llm_new,211,0.20882847905158997
gemini_3_1_pro,llm_new,212,1.29050612449646
gemini_3_1_pro,llm_new,213,1.0727646350860596
gemini_3_1_pro,llm_new,214,-0.24081693589687347
gemini_3_1_pro,llm_new,216,1.1473312377929688
gemini_3_1_pro,llm_new,219,-1.1195042133331299
gemini_3_1_pro,llm_new,221,1.5677258968353271
gemini_3_1_pro,llm_new,222,-1.8178497552871704
gemini_3_1_pro,llm_new,224,-1.4365721940994263
gemini_3_1_pro,llm_new,228,-1.504578948020935
gemini_3_1_pro,llm_new,229,-1.725825548171997
gemini_3_1_pro,llm_new,232,0.3150116801261902
gemini_3_1_pro,llm_new,235,1.6021032333374023
gemini_3_1_pro,llm_new,236,0.38502079248428345
gemini_3_1_pro,llm_new,238,-1.527461290359497
gemini_3_1_pro,llm_new,239,-0.5368838310241699
gemini_3_1_pro,llm_new,240,0.41220712661743164
gemini_3_1_pro,llm_new,245,-1.8650603294372559
gemini_3_1_pro,llm_new,248,-1.7642463445663452
gemini_3_1_pro,llm_new,249,1.554532527923584
gemini_3_1_pro,llm_new,250,-1.4185997247695923
gemini_3_1_pro,llm_new,251,-1.827645182609558
gemini_3_1_pro,llm_new,255,-0.28961125016212463
gemini_3_1_pro,llm_new,257,1.8202255964279175
gemini_3_1_pro,llm_new,260,-0.9916525483131409
gemini_3_1_pro,llm_new,261,-1.724101185798645
gemini_3_1_pro,llm_new,262,-1.2370576858520508
gemini_3_1_pro,llm_new,265,-1.3510043621063232
gemini_3_1_pro,llm_new,266,-1.7186193466186523
gemini_3_1_pro,llm_new,267,1.4850449562072754
gemini_3_1_pro,llm_new,273,0.8374460935592651
gemini_3_1_pro,llm_new,275,-1.0854543447494507
gemini_3_1_pro,llm_new,276,0.46272650361061096
gemini_3_1_pro,llm_new,278,-1.6933327913284302
gemini_3_1_pro,llm_new,279,0.3920089602470398
gemini_3_1_pro,llm_new,281,-0.8277004957199097
gemini_3_1_pro,llm_new,282,0.5946885347366333
gemini_3_1_pro,llm_new,286,-1.640045166015625
gemini_3_1_pro,llm_new,287,-0.1436825394630432
gemini_3_1_pro,llm_new,290,-1.112663745880127
gemini_3_1_pro,llm_new,291,-1.144423484802246
gemini_3_1_pro,llm_new,292,-1.0963727235794067
gemini_3_1_pro,llm_new,293,-1.418226718902588
gemini_3_1_pro,llm_new,295,0.46114829182624817
gemini_3_1_pro,llm_new,297,1.136940598487854
gemini_3_1_pro,llm_new,299,0.06274931132793427
gemini_3_1_pro,llm_new,300,0.659451425075531
gemini_3_1_pro,llm_new,301,-1.7216565608978271
gemini_3_1_pro,llm_new,303,0.056226376444101334
gemini_3_1_pro,llm_new,306,-0.3776792883872986
gemini_3_1_pro,llm_new,307,1.28900146484375
gemini_3_1_pro,llm_new,308,-0.0004909296985715628
gemini_3_1_pro,llm_new,310,-1.724353313446045
gemini_3_1_pro,llm_new,311,-0.8141039609909058
gemini_3_1_pro,llm_new,312,1.2799243927001953
gemini_3_1_pro,llm_new,313,0.7517988085746765
gemini_3_1_pro,llm_new,315,0.9243295192718506
gemini_3_1_pro,llm_new,317,0.571528971195221
gemini_3_1_pro,llm_new,319,0.061886075884103775
gemini_3_1_pro,llm_new,320,-1.2931029796600342
gemini_3_1_pro,llm_new,322,0.6740655899047852
gemini_3_1_pro,llm_new,324,1.7033706903457642
gemini_3_1_pro,llm_new,327,0.37741124629974365
gemini_3_1_pro,llm_new,328,0.8742992281913757
gemini_3_1_pro,llm_new,329,0.7221208810806274
gemini_3_1_pro,llm_new,330,1.46327805519104
gemini_3_1_pro,llm_new,332,-1.7859549522399902
gemini_3_1_pro,llm_new,333,-0.8277004957199097
gemini_3_1_pro,llm_new,334,-1.5339876413345337
gemini_3_1_pro,llm_new,335,0.21701869368553162
gemini_3_1_pro,llm_new,337,-1.2624017000198364
gemini_3_1_pro,llm_new,339,-0.12982910871505737
gemini_3_1_pro,llm_new,343,-0.0320383682847023
gemini_3_1_pro,llm_new,345,-0.8110897541046143
gemini_3_1_pro,llm_new,347,-1.7241772413253784
gemini_3_1_pro,llm_new,351,-1.453811526298523
gemini_3_1_pro,llm_new,352,1.318361520767212
gemini_3_1_pro,llm_new,353,1.1905921697616577
gemini_3_1_pro,llm_new,355,-0.6810696721076965
gemini_3_1_pro,llm_new,356,-1.7837793827056885
gemini_3_1_pro,llm_new,358,0.3527953028678894
gemini_3_1_pro,llm_new,360,-1.7813358306884766
gemini_3_1_pro,llm_new,361,0.6445369720458984
gemini_3_1_pro,llm_new,362,1.45779287815094
gemini_3_1_pro,llm_new,363,-0.5447977781295776
gemini_3_1_pro,llm_new,364,0.4508991539478302
gemini_3_1_pro,llm_new,366,-0.8822498321533203
gemini_3_1_pro,llm_new,368,-0.6410603523254395
gemini_3_1_pro,llm_new,369,-1.9713637828826904
gemini_3_1_pro,llm_new,371,-0.17466871440410614
gemini_3_1_pro,llm_new,372,0.9524036049842834
gemini_3_1_pro,llm_new,376,-1.7191805839538574
gemini_3_1_pro,llm_new,378,-0.4004795253276825
gemini_3_1_pro,llm_new,381,-1.3253650665283203
gemini_3_1_pro,llm_new,382,-1.364156723022461
gemini_3_1_pro,llm_new,383,-1.2482926845550537
gemini_3_1_pro,llm_new,389,0.8083147406578064
gemini_3_1_pro,llm_new,391,-0.8047354817390442
gemini_3_1_pro,llm_new,394,1.0413126945495605
gemini_3_1_pro,llm_new,395,0.3702252507209778
gemini_3_1_pro,llm_new,397,-1.8280000686645508
gemini_3_1_pro,llm_new,399,-1.0073484182357788
gemini_3_1_pro,llm_new,405,-1.0599266290664673
gemini_3_1_pro,llm_new,406,0.5226957201957703
gemini_3_1_pro,llm_new,409,-0.8702555298805237
gemini_3_1_pro,llm_new,410,0.3130163252353668
gemini_3_1_pro,llm_new,412,-0.6419366002082825
gemini_3_1_pro,llm_new,413,-1.5727179050445557
gemini_3_1_pro,llm_new,417,1.2700003385543823
gemini_3_1_pro,llm_new,418,-1.1144404411315918
gemini_3_1_pro,llm_new,421,0.23694327473640442
gemini_3_1_pro,llm_new,423,0.6024585366249084
gemini_3_1_pro,llm_new,424,1.5686320066452026
gemini_3_1_pro,llm_new,425,-0.18402519822120667
gemini_3_1_pro,llm_new,426,0.8498986959457397
gemini_3_1_pro,llm_new,427,-1.2781981229782104
gemini_3_1_pro,llm_new,429,0.7765610814094543
gemini_3_1_pro,llm_new,430,-1.6177232265472412
gemini_3_1_pro,llm_new,431,-1.6355795860290527
gemini_3_1_pro,llm_new,433,-1.3689285516738892
gemini_3_1_pro,llm_new,434,0.8521737456321716
gemini_3_1_pro,llm_new,437,1.702383041381836
gemini_3_1_pro,llm_new,440,-1.609683871269226
gemini_3_1_pro,llm_new,441,-0.1658506542444229
gemini_3_1_pro,llm_new,443,-1.3880646228790283
gemini_3_1_pro,llm_new,445,-1.493683099746704
gemini_3_1_pro,llm_new,446,0.8521737456321716
gemini_3_1_pro,llm_new,448,-1.0415027141571045
gemini_3_1_pro,llm_new,449,-1.7275736331939697
gemini_3_1_pro,llm_new,450,-1.4870505332946777
gemini_3_1_pro,llm_new,451,0.30384108424186707
gemini_3_1_pro,llm_new,452,0.4154306948184967
gemini_3_1_pro,llm_new,454,-0.07444042712450027
gemini_3_1_pro,llm_new,457,-0.4620493948459625
gemini_3_1_pro,llm_new,458,-1.8737958669662476
gemini_3_1_pro,llm_new,463,-1.4137639999389648
gemini_3_1_pro,llm_new,465,-1.6784234046936035
gemini_3_1_pro,llm_new,466,-0.6428484916687012
gemini_3_1_pro,llm_new,468,0.8742992281913757
gemini_3_1_pro,llm_new,469,-1.5274269580841064
gemini_3_1_pro,llm_new,478,0.2938743531703949
gemini_3_1_pro,llm_new,479,1.4707515239715576
gemini_3_1_pro,llm_new,480,0.7423779368400574
gemini_3_1_pro,llm_new,482,-1.604111909866333
gemini_3_1_pro,llm_new,483,-1.589109182357788
gemini_3_1_pro,llm_new,484,0.024738047271966934
gemini_3_1_pro,llm_new,486,-1.0201153755187988
gemini_3_1_pro,llm_new,487,-1.112663745880127
gemini_3_1_pro,llm_new,491,-0.41582128405570984
gemini_3_1_pro,llm_new,494,-1.5735526084899902
gemini_3_1_pro,llm_new,495,1.549009084701538
gemini_3_1_pro,llm_new,496,0.7531960010528564
gemini_3_1_pro,llm_new,498,-1.3048747777938843
gemini_3_1_pro,llm_new,500,-1.518711805343628
gemini_3_1_pro,llm_new,501,1.0758250951766968
gemini_3_1_pro,llm_new,502,0.27707305550575256
gemini_3_1_pro,llm_new,507,-1.021446943283081
gemini_3_1_pro,llm_new,508,-1.5735526084899902
gemini_3_1_pro,llm_new,514,-1.7159422636032104
gemini_3_1_pro,llm_new,515,0.08520854264497757
gemini_3_1_pro,llm_new,517,0.6288414001464844
gemini_3_1_pro,llm_new,519,-0.10749974101781845
gemini_3_1_pro,llm_new,520,0.18015983700752258
gemini_3_1_pro,llm_new,522,-0.1282893270254135
gemini_3_1_pro,llm_new,523,-1.8694496154785156
gemini_3_1_pro,llm_new,524,-0.23077869415283203
gemini_3_1_pro,llm_new,526,-1.7347815036773682
gemini_3_1_pro,llm_new,527,-1.6158461570739746
gemini_3_1_pro,llm_new,528,-0.5678368210792542
gemini_3_1_pro,llm_new,529,-0.9919751882553101
gemini_3_1_pro,llm_new,530,-1.3035179376602173
gemini_3_1_pro,llm_new,531,0.8826491832733154
gemini_3_1_pro,llm_new,532,-1.6851725578308105
gemini_3_1_pro,llm_new,533,-0.4246031939983368
gemini_3_1_pro,llm_new,534,-1.8650603294372559
gemini_3_1_pro,llm_new,535,-1.7589197158813477
gemini_3_1_pro,llm_new,536,-0.9596865177154541
gemini_3_1_pro,llm_new,537,-1.5735526084899902
gemini_3_1_pro,llm_new,540,-1.711271047592163
gemini_3_1_pro,llm_new,542,-1.403808832168579
gemini_3_1_pro,llm_new,543,1.3545889854431152
gemini_3_1_pro,llm_new,544,0.8812176585197449
gemini_3_1_pro,llm_new,545,-1.7034962177276611
gemini_3_1_pro,llm_new,546,-0.6063199043273926
gemini_3_1_pro,llm_new,548,0.34048688411712646
gemini_3_1_pro,llm_new,549,-0.5735390782356262
gemini_3_1_pro,llm_new,550,-0.12317021936178207
gemini_3_1_pro,llm_new,553,0.34095969796180725
gemini_3_1_pro,llm_new,555,0.1428176760673523
gemini_3_1_pro,llm_new,558,-0.9246779084205627
gemini_3_1_pro,llm_new,560,-0.139327734708786
gemini_3_1_pro,llm_new,568,-1.1448404788970947
gemini_3_1_pro,llm_new,569,-1.5330722332000732
gemini_3_1_pro,llm_new,571,-1.6787714958190918
gemini_3_1_pro,llm_new,573,0.4582621455192566
gemini_3_1_pro,llm_new,576,-1.6051133871078491
gemini_3_1_pro,llm_new,577,-0.9919751882553101
gemini_3_1_pro,llm_new,579,-1.6736226081848145
gemini_3_1_pro,llm_new,581,-0.1658506542444229
gemini_3_1_pro,llm_new,582,-0.7822244763374329
gemini_3_1_pro,llm_new,583,0.4229881465435028
gemini_3_1_pro,llm_new,584,1.313578724861145
gemini_3_1_pro,llm_new,585,0.45595017075538635
gemini_3_1_pro,llm_new,586,0.024738047271966934
gemini_3_1_pro,llm_new,588,-0.9788489937782288
gemini_3_1_pro,llm_new,589,0.3229938745498657
gemini_3_1_pro,llm_new,590,-0.041323285549879074
gemini_3_1_pro,llm_new,591,-1.5712991952896118
gemini_3_1_pro,llm_new,594,-0.1658506542444229
gemini_3_1_pro,llm_new,595,0.9925628900527954
gemini_3_1_pro,llm_new,596,-1.7167913913726807
gemini_3_1_pro,llm_new,597,0.07529542595148087
gemini_3_1_pro,llm_new,598,-1.726517677307129
gemini_3_1_pro,llm_new,599,-1.4423400163650513
gemini_3_1_pro,llm_new,600,0.4723060429096222
gemini_3_1_pro,llm_new,602,-1.8852730989456177
gemini_3_1_pro,llm_new,604,1.2825394868850708
gemini_3_1_pro,llm_new,605,-0.013294961303472519
gemini_3_1_pro,llm_new,606,1.2248899936676025
gemini_3_1_pro,llm_new,612,-1.681753396987915
gemini_3_1_pro,llm_new,614,-1.7223193645477295
gemini_3_1_pro,llm_new,616,0.08380458503961563
gemini_3_1_pro,llm_new,618,0.1237654760479927
gemini_3_1_pro,llm_new,619,0.5885154604911804
gemini_3_1_pro,llm_new,622,0.3318048417568207
gemini_3_1_pro,llm_new,627,-1.7017258405685425
gemini_3_1_pro,llm_new,629,-0.43741580843925476
gemini_3_1_pro,llm_new,630,0.9687023758888245
gemini_3_1_pro,llm_new,632,0.7534413933753967
gemini_3_1_pro,llm_new,634,-0.8701589703559875
gemini_3_1_pro,llm_new,635,-1.7202059030532837
gemini_3_1_pro,llm_new,636,-0.4902300536632538
gemini_3_1_pro,llm_new,637,0.8007978200912476
gemini_3_1_pro,llm_new,639,-1.493683099746704
gemini_3_1_pro,llm_new,644,-1.6736226081848145
gemini_3_1_pro,llm_new,645,-0.8690834641456604
gemini_3_1_pro,llm_new,650,0.11491585522890091
gemini_3_1_pro,llm_new,651,1.67904794216156
gemini_3_1_pro,llm_new,653,-1.7296693325042725
gemini_3_1_pro,llm_new,654,-1.4067342281341553
gemini_3_1_pro,llm_new,656,-0.6626702547073364
gemini_3_1_pro,llm_new,657,-0.43741580843925476
gemini_3_1_pro,llm_new,661,-1.6580663919448853
gemini_3_1_pro,llm_new,663,-0.49754616618156433
gemini_3_1_pro,llm_new,665,-1.127913475036621
gemini_3_1_pro,llm_new,666,-1.1144404411315918
gemini_3_1_pro,llm_new,669,-1.7404396533966064
gemini_3_1_pro,llm_new,670,1.1994514465332031
gemini_3_1_pro,llm_new,671,0.5802510976791382
gemini_3_1_pro,llm_new,674,-1.7200562953948975
gemini_3_1_pro,llm_new,678,0.8871129751205444
gemini_3_1_pro,llm_new,679,1.2726627588272095
gemini_3_1_pro,llm_new,680,-0.43883875012397766
gemini_3_1_pro,llm_new,683,-0.9754530191421509
gemini_3_1_pro,llm_new,688,-1.7200562953948975
gemini_3_1_pro,llm_new,690,-0.12242235988378525
gemini_3_1_pro,llm_new,693,-1.767263650894165
gemini_3_1_pro,llm_new,695,0.6243203282356262
gemini_3_1_pro,llm_new,696,-1.041064739227295
gemini_3_1_pro,llm_new,697,-0.5377986431121826
gemini_3_1_pro,llm_new,698,-1.6481759548187256
gemini_3_1_pro,llm_new,704,-0.4776545464992523
gemini_3_1_pro,llm_new,706,0.6905011534690857
gemini_3_1_pro,llm_new,707,-1.493683099746704
gemini_3_1_pro,llm_new,708,1.540494680404663
gemini_3_1_pro,llm_new,709,-1.5532944202423096
gemini_3_1_pro,llm_new,711,0.08873321861028671
gemini_3_1_pro,llm_new,712,-0.5531055331230164
gemini_3_1_pro,llm_new,714,1.0289945602416992
gemini_3_1_pro,llm_new,715,0.003788683796301484
gemini_3_1_pro,llm_new,716,-0.04844121262431145
gemini_3_1_pro,llm_new,717,-0.5298841595649719
gemini_3_1_pro,llm_new,718,0.8623064756393433
gemini_3_1_pro,llm_new,722,-1.5106619596481323
gemini_3_1_pro,llm_new,723,-1.518711805343628
gemini_3_1_pro,llm_new,729,-1.021446943283081
gemini_3_1_pro,llm_new,732,-1.604111909866333
gemini_3_1_pro,llm_new,735,-0.0947704091668129
gemini_3_1_pro,llm_new,738,0.902044951915741
gemini_3_1_pro,llm_new,741,-1.717508316040039
gemini_3_1_pro,llm_new,742,-1.5066157579421997
gemini_3_1_pro,llm_new,746,-1.236995816230774
gemini_3_1_pro,llm_new,750,0.18430905044078827
gemini_3_1_pro,llm_new,754,0.33492007851600647
gemini_3_1_pro,llm_new,757,0.4208647310733795
gemini_3_1_pro,llm_new,758,0.3425956666469574
gemini_3_1_pro,llm_new,762,-0.23063871264457703
gemini_3_1_pro,llm_new,765,0.7992601990699768
gemini_3_1_pro,llm_new,768,0.7535189986228943
gemini_3_1_pro,llm_new,774,0.6108036041259766
gemini_3_1_pro,llm_new,775,-0.18402519822120667
gemini_3_1_pro,llm_new,778,-0.7944019436836243
gemini_3_1_pro,llm_new,779,-0.9455047249794006
gemini_3_1_pro,llm_new,782,-1.0868428945541382
gemini_3_1_pro,llm_new,784,0.2549673616886139
gemini_3_1_pro,llm_new,788,-0.09687966853380203
gemini_3_1_pro,llm_new,790,-1.502711534500122
gemini_3_1_pro,llm_new,793,-0.15734809637069702
gemini_3_1_pro,llm_new,797,0.44536325335502625
gemini_3_1_pro,llm_new,798,0.2955077588558197
gemini_3_1_pro,llm_new,799,-1.6787714958190918
gemini_3_1_pro,llm_new,800,-0.6876972913742065
gemini_3_1_pro,llm_new,801,1.236366629600525
gemini_3_1_pro,llm_new,803,-1.5712991952896118
gemini_3_1_pro,llm_new,811,-1.6944843530654907
gemini_3_1_pro,llm_new,812,-1.6538751125335693
gemini_3_1_pro,llm_new,814,-0.045161616057157516
gemini_3_1_pro,llm_new,817,-0.4133932292461395
gemini_3_1_pro,llm_new,818,0.3289753794670105
gemini_3_1_pro,llm_new,821,-1.6909301280975342
gemini_3_1_pro,llm_new,823,1.584280252456665
gemini_3_1_pro,llm_new,824,-1.744126558303833
gemini_3_1_pro,llm_new,825,-1.8099820613861084
gemini_3_1_pro,llm_new,827,0.8705732822418213
gemini_3_1_pro,llm_new,828,0.016422618180513382
gemini_3_1_pro,llm_new,830,-1.7153422832489014
gemini_3_1_pro,llm_new,833,-1.8083161115646362
gemini_3_1_pro,llm_new,837,0.7059731483459473
gemini_3_1_pro,llm_new,838,-1.604111909866333
gemini_3_1_pro,llm_new,846,0.2873968780040741
gemini_3_1_pro,llm_new,850,-1.4639532566070557
gemini_3_1_pro,llm_new,853,-1.7140438556671143
gemini_3_1_pro,llm_new,860,0.2436436116695404
gemini_3_1_pro,llm_new,866,-0.5854101777076721
gemini_3_1_pro,llm_new,867,0.46346741914749146
gemini_3_1_pro,llm_new,868,0.6923706531524658
gemini_3_1_pro,llm_new,869,0.6071557402610779
gemini_3_1_pro,llm_new,871,-1.7165430784225464
gemini_3_1_pro,llm_new,873,-1.8468561172485352
gemini_3_1_pro,llm_new,874,-1.3061416149139404
gemini_3_1_pro,llm_new,877,-1.479050636291504
gemini_3_1_pro,llm_new,880,0.8567287921905518
gemini_3_1_pro,llm_new,882,-0.9248973727226257
gemini_3_1_pro,llm_new,883,-1.5714728832244873
gemini_3_1_pro,llm_new,884,-0.7032523155212402
gemini_3_1_pro,llm_new,885,0.2955077588558197
gemini_3_1_pro,llm_new,886,1.2665122747421265
gemini_3_1_pro,llm_new,893,0.6658057570457458
gemini_3_1_pro,llm_new,894,1.29050612449646
gemini_3_1_pro,llm_new,895,1.5081579685211182
gemini_3_1_pro,llm_new,896,-0.18402519822120667
gemini_3_1_pro,llm_new,897,-1.3229798078536987
gemini_3_1_pro,llm_new,900,-1.126680612564087
gemini_3_1_pro,llm_new,901,0.18518854677677155
gemini_3_1_pro,llm_new,902,-0.6073826551437378
gemini_3_1_pro,llm_new,903,-0.2753114700317383
gemini_3_1_pro,llm_new,904,-0.07775501906871796
gemini_3_1_pro,llm_new,905,-1.0560455322265625
gemini_3_1_pro,llm_new,908,0.9945172667503357
gemini_3_1_pro,llm_new,911,0.3316238224506378
gemini_3_1_pro,llm_new,915,0.1310349702835083
gemini_3_1_pro,llm_new,917,0.6194757223129272
gemini_3_1_pro,llm_new,918,-0.6641684770584106
gemini_3_1_pro,llm_new,919,-1.7239967584609985
gemini_3_1_pro,llm_new,921,-0.2947778105735779
gemini_3_1_pro,llm_new,922,-1.3739869594573975
gemini_3_1_pro,llm_new,923,-0.1965891569852829
gemini_3_1_pro,llm_new,924,-1.3061416149139404
gemini_3_1_pro,llm_new,925,0.5793411135673523
gemini_3_1_pro,llm_new,926,-1.7581276893615723
gemini_3_1_pro,llm_new,927,-1.0481460094451904
gemini_3_1_pro,llm_new,931,-1.711271047592163
gemini_3_1_pro,llm_new,934,-0.8078396916389465
gemini_3_1_pro,llm_new,935,0.6746201515197754
gemini_3_1_pro,llm_new,936,-0.5144228339195251
gemini_3_1_pro,llm_new,937,-1.3739869594573975
gemini_3_1_pro,llm_new,939,-1.4090787172317505
gemini_3_1_pro,llm_new,940,-1.2682337760925293
gemini_3_1_pro,llm_new,942,1.049058437347412
gemini_3_1_pro,llm_new,943,0.8826491832733154
gemini_3_1_pro,llm_new,947,-1.8571934700012207
gemini_3_1_pro,llm_new,948,-0.29318007826805115
gemini_3_1_pro,llm_new,949,0.5109518766403198
gemini_3_1_pro,llm_new,950,-0.03221448138356209
gemini_3_1_pro,llm_new,951,-0.7135649919509888
gemini_3_1_pro,llm_new,960,-1.3603529930114746
gemini_3_1_pro,llm_new,962,1.082632064819336
gemini_3_1_pro,llm_new,964,1.0937767028808594
gemini_3_1_pro,llm_new,971,-1.5383548736572266
gemini_3_1_pro,llm_new,974,-1.6259896755218506
gemini_3_1_pro,llm_new,975,-1.2994362115859985
gemini_3_1_pro,llm_new,976,-1.4545631408691406
gemini_3_1_pro,llm_new,978,-1.7921905517578125
gemini_3_1_pro,llm_new,979,-1.4712309837341309
gemini_3_1_pro,llm_new,986,-1.691626787185669
gemini_3_1_pro,llm_new,987,1.45779287815094
gemini_3_1_pro,llm_new,989,-0.6428484916687012
gemini_3_1_pro,llm_new,990,-0.982802152633667
gemini_3_1_pro,llm_new,991,-0.8953351378440857
gemini_3_1_pro,llm_new,992,-1.7396448850631714
gemini_3_1_pro,llm_new,995,-1.8737958669662476
gemini_3_1_pro,llm_new,996,-1.5738399028778076
gemini_3_1_pro,llm_new,998,0.6071557402610779
gemini_3_1_pro,llm_new,999,-1.0264127254486084
gpt_5_4,llm_new,1,1.0847530364990234
gpt_5_4,llm_new,3,0.45426779985427856
gpt_5_4,llm_new,4,2.3351635932922363
gpt_5_4,llm_new,6,-1.167917013168335
gpt_5_4,llm_new,7,2.633410930633545
gpt_5_4,llm_new,8,0.7462239861488342
gpt_5_4,llm_new,10,1.1792924404144287
gpt_5_4,llm_new,11,-2.377904176712036
gpt_5_4,llm_new,12,-0.5854825377464294
gpt_5_4,llm_new,13,-0.2552703619003296
gpt_5_4,llm_new,19,-2.011444091796875
gpt_5_4,llm_new,24,-2.4106640815734863
gpt_5_4,llm_new,25,-2.1386265754699707
gpt_5_4,llm_new,26,-1.2263085842132568
gpt_5_4,llm_new,29,-0.7959710955619812
gpt_5_4,llm_new,30,-1.4283390045166016
gpt_5_4,llm_new,31,-1.9745128154754639
gpt_5_4,llm_new,32,2.3177483081817627
gpt_5_4,llm_new,34,-0.9832431674003601
gpt_5_4,llm_new,40,-0.8245840668678284
gpt_5_4,llm_new,42,-0.6792833209037781
gpt_5_4,llm_new,43,-1.4140324592590332
gpt_5_4,llm_new,44,-1.498039722442627
gpt_5_4,llm_new,45,-2.462372303009033
gpt_5_4,llm_new,50,-2.3356313705444336
gpt_5_4,llm_new,52,-1.657357931137085
gpt_5_4,llm_new,55,1.0918684005737305
gpt_5_4,llm_new,56,0.9374973177909851
gpt_5_4,llm_new,57,-2.1974618434906006
gpt_5_4,llm_new,60,1.9827144145965576
gpt_5_4,llm_new,61,-0.9787998795509338
gpt_5_4,llm_new,62,-1.721686601638794
gpt_5_4,llm_new,64,-2.352692127227783
gpt_5_4,llm_new,66,1.9080437421798706
gpt_5_4,llm_new,67,0.16368094086647034
gpt_5_4,llm_new,68,2.1184279918670654
gpt_5_4,llm_new,70,-2.1224985122680664
gpt_5_4,llm_new,71,0.4086681306362152
gpt_5_4,llm_new,73,-0.8644641637802124
gpt_5_4,llm_new,74,1.9467148780822754
gpt_5_4,llm_new,75,-2.2768023014068604
gpt_5_4,llm_new,77,-1.5490713119506836
gpt_5_4,llm_new,78,-1.7174746990203857
gpt_5_4,llm_new,79,0.07779805362224579
gpt_5_4,llm_new,80,-2.2827649116516113
gpt_5_4,llm_new,82,0.2748507261276245
gpt_5_4,llm_new,83,2.0787932872772217
gpt_5_4,llm_new,84,-1.5640151500701904
gpt_5_4,llm_new,85,-2.3843891620635986
gpt_5_4,llm_new,87,1.6030571460723877
gpt_5_4,llm_new,89,-0.7340553402900696
gpt_5_4,llm_new,90,0.17158687114715576
gpt_5_4,llm_new,91,-0.7266039252281189
gpt_5_4,llm_new,93,-2.3083748817443848
gpt_5_4,llm_new,95,-1.7283399105072021
gpt_5_4,llm_new,97,0.6794797778129578
gpt_5_4,llm_new,98,-1.2174463272094727
gpt_5_4,llm_new,101,-2.3492181301116943
gpt_5_4,llm_new,102,-1.690535306930542
gpt_5_4,llm_new,105,-2.3961262702941895
gpt_5_4,llm_new,108,-1.064220666885376
gpt_5_4,llm_new,109,-0.5118611454963684
gpt_5_4,llm_new,110,-0.8383150100708008
gpt_5_4,llm_new,111,-2.4463067054748535
gpt_5_4,llm_new,114,2.5117268562316895
gpt_5_4,llm_new,115,-0.19358569383621216
gpt_5_4,llm_new,119,2.167794942855835
gpt_5_4,llm_new,121,1.0396928787231445
gpt_5_4,llm_new,126,2.515774965286255
gpt_5_4,llm_new,132,-1.2600128650665283
gpt_5_4,llm_new,133,-2.2908031940460205
gpt_5_4,llm_new,134,0.07221844792366028
gpt_5_4,llm_new,136,2.6518547534942627
gpt_5_4,llm_new,137,-2.3829715251922607
gpt_5_4,llm_new,138,-0.9311774969100952
gpt_5_4,llm_new,140,-2.320112466812134
gpt_5_4,llm_new,141,0.5000097751617432
gpt_5_4,llm_new,142,2.279580593109131
gpt_5_4,llm_new,145,0.23484286665916443
gpt_5_4,llm_new,146,1.5303912162780762
gpt_5_4,llm_new,149,0.6806889772415161
gpt_5_4,llm_new,156,-1.9624927043914795
gpt_5_4,llm_new,159,-1.7713563442230225
gpt_5_4,llm_new,164,-2.0996265411376953
gpt_5_4,llm_new,165,2.0971336364746094
gpt_5_4,llm_new,166,-0.36089691519737244
gpt_5_4,llm_new,168,2.0334620475769043
gpt_5_4,llm_new,169,-1.5120238065719604
gpt_5_4,llm_new,170,-1.651057481765747
gpt_5_4,llm_new,173,-1.3021774291992188
gpt_5_4,llm_new,174,0.2980465888977051
gpt_5_4,llm_new,175,0.4678384065628052
gpt_5_4,llm_new,177,-0.8604921698570251
gpt_5_4,llm_new,179,-1.5709551572799683
gpt_5_4,llm_new,182,-2.054244041442871
gpt_5_4,llm_new,183,-1.917424201965332
gpt_5_4,llm_new,185,-0.618671715259552
gpt_5_4,llm_new,186,0.7164122462272644
gpt_5_4,llm_new,193,-1.1188788414001465
gpt_5_4,llm_new,194,-2.348926067352295
gpt_5_4,llm_new,197,-2.0927295684814453
gpt_5_4,llm_new,199,0.0897587239742279
gpt_5_4,llm_new,200,-2.294665575027466
gpt_5_4,llm_new,205,-2.5695271492004395
gpt_5_4,llm_new,209,0.8169437050819397
gpt_5_4,llm_new,210,2.4331564903259277
gpt_5_4,llm_new,211,0.38552019000053406
gpt_5_4,llm_new,212,2.167794942855835
gpt_5_4,llm_new,213,1.9491041898727417
gpt_5_4,llm_new,214,-0.34498515725135803
gpt_5_4,llm_new,216,2.2921228408813477
gpt_5_4,llm_new,219,-1.4791018962860107
gpt_5_4,llm_new,221,2.63334321975708
gpt_5_4,llm_new,222,-2.4463067054748535
gpt_5_4,llm_new,224,-2.480419397354126
gpt_5_4,llm_new,228,-1.9704067707061768
gpt_5_4,llm_new,229,-2.3618907928466797
gpt_5_4,llm_new,232,0.07697577774524689
gpt_5_4,llm_new,235,2.469024419784546
gpt_5_4,llm_new,236,0.7218416333198547
gpt_5_4,llm_new,238,-1.0206444263458252
gpt_5_4,llm_new,239,-0.7959710955619812
gpt_5_4,llm_new,240,0.7694142460823059
gpt_5_4,llm_new,245,-2.320112466812134
gpt_5_4,llm_new,248,-2.3584983348846436
gpt_5_4,llm_new,249,2.28546404838562
gpt_5_4,llm_new,250,-0.856203019618988
gpt_5_4,llm_new,251,-2.0570430755615234
gpt_5_4,llm_new,255,-2.5572309494018555
gpt_5_4,llm_new,257,2.549464464187622
gpt_5_4,llm_new,260,-0.1990206092596054
gpt_5_4,llm_new,261,-2.358461380004883
gpt_5_4,llm_new,262,-1.0617330074310303
gpt_5_4,llm_new,265,-1.5120238065719604
gpt_5_4,llm_new,266,-2.3593361377716064
gpt_5_4,llm_new,267,2.6378087997436523
gpt_5_4,llm_new,273,1.154611349105835
gpt_5_4,llm_new,275,-1.6893179416656494
gpt_5_4,llm_new,276,0.5279373526573181
gpt_5_4,llm_new,278,-1.9110957384109497
gpt_5_4,llm_new,279,0.06388894468545914
gpt_5_4,llm_new,281,-1.2600128650665283
gpt_5_4,llm_new,282,1.2440874576568604
gpt_5_4,llm_new,286,-1.9579740762710571
gpt_5_4,llm_new,287,-0.3467788100242615
gpt_5_4,llm_new,290,-2.257742166519165
gpt_5_4,llm_new,291,-1.6801155805587769
gpt_5_4,llm_new,292,-1.1743624210357666
gpt_5_4,llm_new,293,-1.5726430416107178
gpt_5_4,llm_new,295,0.03377142921090126
gpt_5_4,llm_new,297,1.5912100076675415
gpt_5_4,llm_new,299,0.5042580962181091
gpt_5_4,llm_new,300,1.4738683700561523
gpt_5_4,llm_new,301,-2.3636655807495117
gpt_5_4,llm_new,303,0.7462239861488342
gpt_5_4,llm_new,306,-0.583010196685791
gpt_5_4,llm_new,307,2.3438191413879395
gpt_5_4,llm_new,308,-1.7082771062850952
gpt_5_4,llm_new,310,-2.395674467086792
gpt_5_4,llm_new,311,-0.7659505605697632
gpt_5_4,llm_new,312,2.14373517036438
gpt_5_4,llm_new,313,1.3059072494506836
gpt_5_4,llm_new,315,1.688537836074829
gpt_5_4,llm_new,317,1.2721490859985352
gpt_5_4,llm_new,319,0.7102990746498108
gpt_5_4,llm_new,320,-1.3021774291992188
gpt_5_4,llm_new,322,0.9091683626174927
gpt_5_4,llm_new,324,2.4628353118896484
gpt_5_4,llm_new,327,1.7146276235580444
gpt_5_4,llm_new,328,1.7299877405166626
gpt_5_4,llm_new,329,0.9255639910697937
gpt_5_4,llm_new,330,1.615609884262085
gpt_5_4,llm_new,332,-2.38734769821167
gpt_5_4,llm_new,333,-1.2600128650665283
gpt_5_4,llm_new,334,-2.2384753227233887
gpt_5_4,llm_new,335,2.075247049331665
gpt_5_4,llm_new,337,-1.591693639755249
gpt_5_4,llm_new,339,-0.2729351222515106
gpt_5_4,llm_new,343,0.23484286665916443
gpt_5_4,llm_new,345,-0.783828854560852
gpt_5_4,llm_new,347,-2.3492181301116943
gpt_5_4,llm_new,351,-0.9254262447357178
gpt_5_4,llm_new,352,2.6578564643859863
gpt_5_4,llm_new,353,2.655585289001465
gpt_5_4,llm_new,355,-1.1449601650238037
gpt_5_4,llm_new,356,-2.3921117782592773
gpt_5_4,llm_new,358,-0.24555259943008423
gpt_5_4,llm_new,360,-2.3843891620635986
gpt_5_4,llm_new,361,2.687490463256836
gpt_5_4,llm_new,362,2.639101982116699
gpt_5_4,llm_new,363,-0.8403598666191101
gpt_5_4,llm_new,364,0.3971698582172394
gpt_5_4,llm_new,366,-1.595184087753296
gpt_5_4,llm_new,368,-0.7966890931129456
gpt_5_4,llm_new,369,-1.0682923793792725
gpt_5_4,llm_new,371,-0.38954591751098633
gpt_5_4,llm_new,372,2.6694564819335938
gpt_5_4,llm_new,376,-2.3691368103027344
gpt_5_4,llm_new,378,-0.4429561197757721
gpt_5_4,llm_new,381,-2.3741843700408936
gpt_5_4,llm_new,382,-2.091444492340088
gpt_5_4,llm_new,383,-2.5238454341888428
gpt_5_4,llm_new,389,1.3697826862335205
gpt_5_4,llm_new,391,-1.9898896217346191
gpt_5_4,llm_new,394,2.5710833072662354
gpt_5_4,llm_new,395,0.8559874296188354
gpt_5_4,llm_new,397,-2.43435001373291
gpt_5_4,llm_new,399,-0.6691898703575134
gpt_5_4,llm_new,405,-1.6735855340957642
gpt_5_4,llm_new,406,1.2265963554382324
gpt_5_4,llm_new,409,-1.1824617385864258
gpt_5_4,llm_new,410,0.07299315929412842
gpt_5_4,llm_new,412,-1.5396783351898193
gpt_5_4,llm_new,413,-2.5537657737731934
gpt_5_4,llm_new,417,2.097947120666504
gpt_5_4,llm_new,418,-0.7266039252281189
gpt_5_4,llm_new,421,2.5049028396606445
gpt_5_4,llm_new,423,0.022096212953329086
gpt_5_4,llm_new,424,2.138885498046875
gpt_5_4,llm_new,425,0.12428471446037292
gpt_5_4,llm_new,426,1.2038629055023193
gpt_5_4,llm_new,427,-2.088364601135254
gpt_5_4,llm_new,429,1.160606861114502
gpt_5_4,llm_new,430,-2.532287120819092
gpt_5_4,llm_new,431,-2.448906183242798
gpt_5_4,llm_new,433,-1.3582649230957031
gpt_5_4,llm_new,434,2.680009365081787
gpt_5_4,llm_new,437,2.474094867706299
gpt_5_4,llm_new,440,-1.1573796272277832
gpt_5_4,llm_new,441,-0.1175055056810379
gpt_5_4,llm_new,443,-1.8340837955474854
gpt_5_4,llm_new,445,-2.5690746307373047
gpt_5_4,llm_new,446,2.680009365081787
gpt_5_4,llm_new,448,-1.8244856595993042
gpt_5_4,llm_new,449,-2.3686885833740234
gpt_5_4,llm_new,450,-1.8083875179290771
gpt_5_4,llm_new,451,-0.3135075569152832
gpt_5_4,llm_new,452,1.9566621780395508
gpt_5_4,llm_new,454,0.6232688426971436
gpt_5_4,llm_new,457,-0.695242702960968
gpt_5_4,llm_new,458,-2.231112480163574
gpt_5_4,llm_new,463,-2.3088536262512207
gpt_5_4,llm_new,465,-1.2283427715301514
gpt_5_4,llm_new,466,-1.1243407726287842
gpt_5_4,llm_new,468,1.7299877405166626
gpt_5_4,llm_new,469,-1.717794418334961
gpt_5_4,llm_new,478,2.6218957901000977
gpt_5_4,llm_new,479,2.5892891883850098
gpt_5_4,llm_new,480,1.2713347673416138
gpt_5_4,llm_new,482,-2.402884006500244
gpt_5_4,llm_new,483,-2.5469393730163574
gpt_5_4,llm_new,484,0.5000097751617432
gpt_5_4,llm_new,486,-2.4813804626464844
gpt_5_4,llm_new,487,-2.257742166519165
gpt_5_4,llm_new,491,-0.576631486415863
gpt_5_4,llm_new,494,-2.339482307434082
gpt_5_4,llm_new,495,2.6371283531188965
gpt_5_4,llm_new,496,1.5984902381896973
gpt_5_4,llm_new,498,-1.2647680044174194
gpt_5_4,llm_new,500,-2.565915107727051
gpt_5_4,llm_new,501,2.2503883838653564
gpt_5_4,llm_new,502,2.252223014831543
gpt_5_4,llm_new,507,-1.6945245265960693
gpt_5_4,llm_new,508,-2.339482307434082
gpt_5_4,llm_new,514,-2.3699429035186768
gpt_5_4,llm_new,515,-1.2956368923187256
gpt_5_4,llm_new,517,0.6053540110588074
gpt_5_4,llm_new,519,-0.2725312113761902
gpt_5_4,llm_new,520,1.0160712003707886
gpt_5_4,llm_new,522,0.3389004170894623
gpt_5_4,llm_new,523,-1.8172955513000488
gpt_5_4,llm_new,524,0.0989256203174591
gpt_5_4,llm_new,526,-2.3333499431610107
gpt_5_4,llm_new,527,-2.250087261199951
gpt_5_4,llm_new,528,-0.6965022683143616
gpt_5_4,llm_new,529,-0.5942559242248535
gpt_5_4,llm_new,530,-2.5080909729003906
gpt_5_4,llm_new,531,2.682492256164551
gpt_5_4,llm_new,532,-2.477238655090332
gpt_5_4,llm_new,533,-0.7127051949501038
gpt_5_4,llm_new,534,-2.320112466812134
gpt_5_4,llm_new,535,-2.174032211303711
gpt_5_4,llm_new,536,-0.5686823129653931
gpt_5_4,llm_new,537,-2.339482307434082
gpt_5_4,llm_new,540,-2.3860673904418945
gpt_5_4,llm_new,542,-2.556652069091797
gpt_5_4,llm_new,543,2.0747478008270264
gpt_5_4,llm_new,544,1.8781594038009644
gpt_5_4,llm_new,545,-2.3627514839172363
gpt_5_4,llm_new,546,-1.655451774597168
gpt_5_4,llm_new,548,-0.23937201499938965
gpt_5_4,llm_new,549,-0.17622369527816772
gpt_5_4,llm_new,550,-1.7608895301818848
gpt_5_4,llm_new,553,2.4355080127716064
gpt_5_4,llm_new,555,0.31671297550201416
gpt_5_4,llm_new,558,-1.8296315670013428
gpt_5_4,llm_new,560,-0.7562084197998047
gpt_5_4,llm_new,568,-1.8356196880340576
gpt_5_4,llm_new,569,-2.425297975540161
gpt_5_4,llm_new,571,-1.9762822389602661
gpt_5_4,llm_new,573,0.1431111842393875
gpt_5_4,llm_new,576,-2.439420461654663
gpt_5_4,llm_new,577,-0.5942559242248535
gpt_5_4,llm_new,579,-2.478181838989258
gpt_5_4,llm_new,581,-0.1175055056810379
gpt_5_4,llm_new,582,-0.6959666609764099
gpt_5_4,llm_new,583,0.1945297122001648
gpt_5_4,llm_new,584,2.592489719390869
gpt_5_4,llm_new,585,0.1370096355676651
gpt_5_4,llm_new,586,0.5000097751617432
gpt_5_4,llm_new,588,-1.6473057270050049
gpt_5_4,llm_new,589,0.4205050468444824
gpt_5_4,llm_new,590,-2.3623108863830566
gpt_5_4,llm_new,591,-1.5490713119506836
gpt_5_4,llm_new,594,-0.1175055056810379
gpt_5_4,llm_new,595,1.858916997909546
gpt_5_4,llm_new,596,-2.3827404975891113
gpt_5_4,llm_new,597,-0.5045251250267029
gpt_5_4,llm_new,598,-2.3535637855529785
gpt_5_4,llm_new,599,-1.9109458923339844
gpt_5_4,llm_new,600,0.20780521631240845
gpt_5_4,llm_new,602,-2.1055803298950195
gpt_5_4,llm_new,604,2.5168232917785645
gpt_5_4,llm_new,605,0.38912728428840637
gpt_5_4,llm_new,606,1.9221007823944092
gpt_5_4,llm_new,612,-2.3257627487182617
gpt_5_4,llm_new,614,-2.356687307357788
gpt_5_4,llm_new,616,2.594302177429199
gpt_5_4,llm_new,618,1.1392900943756104
gpt_5_4,llm_new,619,0.29184073209762573
gpt_5_4,llm_new,622,2.360504150390625
gpt_5_4,llm_new,627,-2.3240809440612793
gpt_5_4,llm_new,629,-0.027799848467111588
gpt_5_4,llm_new,630,1.6348118782043457
gpt_5_4,llm_new,632,2.428213596343994
gpt_5_4,llm_new,634,-1.736376404762268
gpt_5_4,llm_new,635,-2.3609066009521484
gpt_5_4,llm_new,636,-2.564659595489502
gpt_5_4,llm_new,637,2.661975383758545
gpt_5_4,llm_new,639,-2.5690746307373047
gpt_5_4,llm_new,644,-2.478181838989258
gpt_5_4,llm_new,645,-1.2326889038085938
gpt_5_4,llm_new,650,1.108148217201233
gpt_5_4,llm_new,651,2.3812239170074463
gpt_5_4,llm_new,653,-2.383180856704712
gpt_5_4,llm_new,654,-2.5620155334472656
gpt_5_4,llm_new,656,-1.0029845237731934
gpt_5_4,llm_new,657,-0.027799848467111588
gpt_5_4,llm_new,661,-2.1386265754699707
gpt_5_4,llm_new,663,-0.7201789021492004
gpt_5_4,llm_new,665,-2.3083748817443848
gpt_5_4,llm_new,666,-0.7266039252281189
gpt_5_4,llm_new,669,-2.325089454650879
gpt_5_4,llm_new,670,2.2099556922912598
gpt_5_4,llm_new,671,1.264495849609375
gpt_5_4,llm_new,674,-2.3871078491210938
gpt_5_4,llm_new,678,2.16648530960083
gpt_5_4,llm_new,679,2.649646520614624
gpt_5_4,llm_new,680,1.7669975757598877
gpt_5_4,llm_new,683,-1.9734269380569458
gpt_5_4,llm_new,688,-2.3871078491210938
gpt_5_4,llm_new,690,-0.06829066574573517
gpt_5_4,llm_new,693,-1.8266428709030151
gpt_5_4,llm_new,695,2.6658544540405273
gpt_5_4,llm_new,696,-1.2010037899017334
gpt_5_4,llm_new,697,-0.7305247783660889
gpt_5_4,llm_new,698,-2.2919392585754395
gpt_5_4,llm_new,704,-1.7268476486206055
gpt_5_4,llm_new,706,0.936848521232605
gpt_5_4,llm_new,707,-2.5690746307373047
gpt_5_4,llm_new,708,2.627988338470459
gpt_5_4,llm_new,709,-2.416764497756958
gpt_5_4,llm_new,711,0.5689865946769714
gpt_5_4,llm_new,712,-0.8463495373725891
gpt_5_4,llm_new,714,0.22779934108257294
gpt_5_4,llm_new,715,-0.3616313338279724
gpt_5_4,llm_new,716,1.0435307025909424
gpt_5_4,llm_new,717,-0.6313695311546326
gpt_5_4,llm_new,718,0.7620038390159607
gpt_5_4,llm_new,722,-2.4315037727355957
gpt_5_4,llm_new,723,-2.565915107727051
gpt_5_4,llm_new,729,-1.6945245265960693
gpt_5_4,llm_new,732,-2.402884006500244
gpt_5_4,llm_new,735,1.3934826850891113
gpt_5_4,llm_new,738,1.9909489154815674
gpt_5_4,llm_new,741,-2.420116901397705
gpt_5_4,llm_new,742,-2.3551440238952637
gpt_5_4,llm_new,746,-2.331827163696289
gpt_5_4,llm_new,750,-2.1651804447174072
gpt_5_4,llm_new,754,1.1698431968688965
gpt_5_4,llm_new,757,1.130184292793274
gpt_5_4,llm_new,758,0.028436046093702316
gpt_5_4,llm_new,762,-0.19163572788238525
gpt_5_4,llm_new,765,1.3629422187805176
gpt_5_4,llm_new,768,2.3319337368011475
gpt_5_4,llm_new,774,1.7512093782424927
gpt_5_4,llm_new,775,0.12428471446037292
gpt_5_4,llm_new,778,-1.3395321369171143
gpt_5_4,llm_new,779,-0.9934150576591492
gpt_5_4,llm_new,782,-1.8764533996582031
gpt_5_4,llm_new,784,0.47946131229400635
gpt_5_4,llm_new,788,-0.08637925982475281
gpt_5_4,llm_new,790,-2.4327311515808105
gpt_5_4,llm_new,793,0.2649783194065094
gpt_5_4,llm_new,797,-0.31873518228530884
gpt_5_4,llm_new,798,0.5180705189704895
gpt_5_4,llm_new,799,-1.9762822389602661
gpt_5_4,llm_new,800,-0.8695855736732483
gpt_5_4,llm_new,801,2.340496301651001
gpt_5_4,llm_new,803,-1.5490713119506836
gpt_5_4,llm_new,811,-1.276731014251709
gpt_5_4,llm_new,812,-1.650479793548584
gpt_5_4,llm_new,814,0.23156997561454773
gpt_5_4,llm_new,817,-0.4570574164390564
gpt_5_4,llm_new,818,0.1888628453016281
gpt_5_4,llm_new,821,-2.151643753051758
gpt_5_4,llm_new,823,2.6268367767333984
gpt_5_4,llm_new,824,-2.175344944000244
gpt_5_4,llm_new,825,-1.5562984943389893
gpt_5_4,llm_new,827,1.995991826057434
gpt_5_4,llm_new,828,-1.180685043334961
gpt_5_4,llm_new,830,-2.39509916305542
gpt_5_4,llm_new,833,-2.463240146636963
gpt_5_4,llm_new,837,2.4395110607147217
gpt_5_4,llm_new,838,-2.402884006500244
gpt_5_4,llm_new,846,0.8169437050819397
gpt_5_4,llm_new,850,-1.99870765209198
gpt_5_4,llm_new,853,-2.3805201053619385
gpt_5_4,llm_new,860,0.6779401302337646
gpt_5_4,llm_new,866,-1.6954429149627686
gpt_5_4,llm_new,867,0.4551492929458618
gpt_5_4,llm_new,868,2.6968870162963867
gpt_5_4,llm_new,869,2.6378889083862305
gpt_5_4,llm_new,871,-2.4027442932128906
gpt_5_4,llm_new,873,-2.3844735622406006
gpt_5_4,llm_new,874,-2.242030143737793
gpt_5_4,llm_new,877,-2.047366142272949
gpt_5_4,llm_new,880,1.381181001663208
gpt_5_4,llm_new,882,-1.8913426399230957
gpt_5_4,llm_new,883,-1.685804843902588
gpt_5_4,llm_new,884,0.7998160719871521
gpt_5_4,llm_new,885,0.5180705189704895
gpt_5_4,llm_new,886,2.306265354156494
gpt_5_4,llm_new,893,2.1395249366760254
gpt_5_4,llm_new,894,2.167794942855835
gpt_5_4,llm_new,895,2.3882527351379395
gpt_5_4,llm_new,896,0.12428471446037292
gpt_5_4,llm_new,897,-1.405164361000061
gpt_5_4,llm_new,900,-2.028778553009033
gpt_5_4,llm_new,901,0.6991687417030334
gpt_5_4,llm_new,902,-2.1438183784484863
gpt_5_4,llm_new,903,-0.2851823568344116
gpt_5_4,llm_new,904,1.6159229278564453
gpt_5_4,llm_new,905,-0.6566967368125916
gpt_5_4,llm_new,908,1.0567501783370972
gpt_5_4,llm_new,911,-0.27790141105651855
gpt_5_4,llm_new,915,-0.3359626531600952
gpt_5_4,llm_new,917,0.3042074739933014
gpt_5_4,llm_new,918,-0.5879128575325012
gpt_5_4,llm_new,919,-2.377904176712036
gpt_5_4,llm_new,921,0.1022728830575943
gpt_5_4,llm_new,922,-2.5510220527648926
gpt_5_4,llm_new,923,-0.8945398926734924
gpt_5_4,llm_new,924,-2.242030143737793
gpt_5_4,llm_new,925,2.2378833293914795
gpt_5_4,llm_new,926,-2.2200851440429688
gpt_5_4,llm_new,927,-1.7323530912399292
gpt_5_4,llm_new,931,-2.3860673904418945
gpt_5_4,llm_new,934,-2.2394256591796875
gpt_5_4,llm_new,935,0.3416692018508911
gpt_5_4,llm_new,936,-1.5818679332733154
gpt_5_4,llm_new,937,-2.5510220527648926
gpt_5_4,llm_new,939,-0.9260067939758301
gpt_5_4,llm_new,940,-1.4148324728012085
gpt_5_4,llm_new,942,1.9190325736999512
gpt_5_4,llm_new,943,2.682492256164551
gpt_5_4,llm_new,947,-2.414036989212036
gpt_5_4,llm_new,948,-1.9200108051300049
gpt_5_4,llm_new,949,0.032897379249334335
gpt_5_4,llm_new,950,-0.3244379162788391
gpt_5_4,llm_new,951,-1.2519962787628174
gpt_5_4,llm_new,960,-0.817991316318512
gpt_5_4,llm_new,962,1.9113414287567139
gpt_5_4,llm_new,964,1.2387677431106567
gpt_5_4,llm_new,971,-1.0569348335266113
gpt_5_4,llm_new,974,-2.1224985122680664
gpt_5_4,llm_new,975,-1.9248896837234497
gpt_5_4,llm_new,976,-2.1225459575653076
gpt_5_4,llm_new,978,-2.4594547748565674
gpt_5_4,llm_new,979,-2.5534706115722656
gpt_5_4,llm_new,986,-2.3356618881225586
gpt_5_4,llm_new,987,2.639101982116699
gpt_5_4,llm_new,989,-1.1243407726287842
gpt_5_4,llm_new,990,-0.8400851488113403
gpt_5_4,llm_new,991,-0.4307418763637543
gpt_5_4,llm_new,992,-2.327235460281372
gpt_5_4,llm_new,995,-2.231112480163574
gpt_5_4,llm_new,996,-1.2654551267623901
gpt_5_4,llm_new,998,2.6378889083862305
gpt_5_4,llm_new,999,-2.103036880493164
claude_opus_4_8,llm_new,1,1.2258059978485107
claude_opus_4_8,llm_new,3,0.6094987988471985
claude_opus_4_8,llm_new,4,1.5985771417617798
claude_opus_4_8,llm_new,6,-0.7924757599830627
claude_opus_4_8,llm_new,7,2.044585943222046
claude_opus_4_8,llm_new,8,0.3774588108062744
claude_opus_4_8,llm_new,10,0.12319371104240417
claude_opus_4_8,llm_new,11,-2.094177484512329
claude_opus_4_8,llm_new,12,-0.54291170835495
claude_opus_4_8,llm_new,13,-0.44179272651672363
claude_opus_4_8,llm_new,19,-2.145918846130371
claude_opus_4_8,llm_new,24,-1.7747447490692139
claude_opus_4_8,llm_new,25,-1.2356563806533813
claude_opus_4_8,llm_new,26,-1.160587191581726
claude_opus_4_8,llm_new,29,-1.383406400680542
claude_opus_4_8,llm_new,30,-1.5394331216812134
claude_opus_4_8,llm_new,31,-1.7305828332901
claude_opus_4_8,llm_new,32,1.951470971107483
claude_opus_4_8,llm_new,34,-1.4422297477722168
claude_opus_4_8,llm_new,40,-0.3846748471260071
claude_opus_4_8,llm_new,42,-0.5177245736122131
claude_opus_4_8,llm_new,43,-1.0270435810089111
claude_opus_4_8,llm_new,44,-1.4429296255111694
claude_opus_4_8,llm_new,45,-2.146320343017578
claude_opus_4_8,llm_new,50,-2.067739963531494
claude_opus_4_8,llm_new,52,-1.2836943864822388
claude_opus_4_8,llm_new,55,1.2914063930511475
claude_opus_4_8,llm_new,56,0.6793918013572693
claude_opus_4_8,llm_new,57,-1.9627807140350342
claude_opus_4_8,llm_new,60,0.7239562273025513
claude_opus_4_8,llm_new,61,-1.5906637907028198
claude_opus_4_8,llm_new,62,-1.404657244682312
claude_opus_4_8,llm_new,64,-2.0795984268188477
claude_opus_4_8,llm_new,66,1.6014528274536133
claude_opus_4_8,llm_new,67,0.15881767868995667
claude_opus_4_8,llm_new,68,1.080241322517395
claude_opus_4_8,llm_new,70,-1.8123174905776978
claude_opus_4_8,llm_new,71,0.30595260858535767
claude_opus_4_8,llm_new,73,-0.5211759209632874
claude_opus_4_8,llm_new,74,0.9206382632255554
claude_opus_4_8,llm_new,75,-2.1052968502044678
claude_opus_4_8,llm_new,77,-1.4129680395126343
claude_opus_4_8,llm_new,78,-1.2028223276138306
claude_opus_4_8,llm_new,79,0.6076241135597229
claude_opus_4_8,llm_new,80,-2.0950913429260254
claude_opus_4_8,llm_new,82,1.4845737218856812
claude_opus_4_8,llm_new,83,1.7543891668319702
claude_opus_4_8,llm_new,84,-1.1689661741256714
claude_opus_4_8,llm_new,85,-1.848125696182251
claude_opus_4_8,llm_new,87,1.0443109273910522
claude_opus_4_8,llm_new,89,-0.9289566874504089
claude_opus_4_8,llm_new,90,0.16758836805820465
claude_opus_4_8,llm_new,91,-0.6425692439079285
claude_opus_4_8,llm_new,93,-1.861863613128662
claude_opus_4_8,llm_new,95,-1.23697030544281
claude_opus_4_8,llm_new,97,0.2470277100801468
claude_opus_4_8,llm_new,98,-0.3424760103225708
claude_opus_4_8,llm_new,101,-2.077028274536133
claude_opus_4_8,llm_new,102,-1.535556435585022
claude_opus_4_8,llm_new,105,-2.101492166519165
claude_opus_4_8,llm_new,108,-1.094614863395691
claude_opus_4_8,llm_new,109,-0.2493302971124649
claude_opus_4_8,llm_new,110,-0.5023213028907776
claude_opus_4_8,llm_new,111,-2.025139808654785
claude_opus_4_8,llm_new,114,2.055889129638672
claude_opus_4_8,llm_new,115,-0.2697654962539673
claude_opus_4_8,llm_new,119,1.181378960609436
claude_opus_4_8,llm_new,121,0.8024166226387024
claude_opus_4_8,llm_new,126,1.9866539239883423
claude_opus_4_8,llm_new,132,-0.3058497905731201
claude_opus_4_8,llm_new,133,-2.0130879878997803
claude_opus_4_8,llm_new,134,-0.19501559436321259
claude_opus_4_8,llm_new,136,1.5989372730255127
claude_opus_4_8,llm_new,137,-1.9269663095474243
claude_opus_4_8,llm_new,138,-0.21917836368083954
claude_opus_4_8,llm_new,140,-1.9410507678985596
claude_opus_4_8,llm_new,141,-0.027240723371505737
claude_opus_4_8,llm_new,142,1.4863778352737427
claude_opus_4_8,llm_new,145,-0.18688632547855377
claude_opus_4_8,llm_new,146,1.4603277444839478
claude_opus_4_8,llm_new,149,0.8239485621452332
claude_opus_4_8,llm_new,156,-1.5390154123306274
claude_opus_4_8,llm_new,159,-1.7839969396591187
claude_opus_4_8,llm_new,164,-1.8430641889572144
claude_opus_4_8,llm_new,165,0.7493165135383606
claude_opus_4_8,llm_new,166,-0.24532367289066315
claude_opus_4_8,llm_new,168,2.0088958740234375
claude_opus_4_8,llm_new,169,-1.0719679594039917
claude_opus_4_8,llm_new,170,-1.3022156953811646
claude_opus_4_8,llm_new,173,-0.9263853430747986
claude_opus_4_8,llm_new,174,0.2808527946472168
claude_opus_4_8,llm_new,175,0.5415845513343811
claude_opus_4_8,llm_new,177,-1.1085160970687866
claude_opus_4_8,llm_new,179,-0.45680153369903564
claude_opus_4_8,llm_new,182,-1.831979751586914
claude_opus_4_8,llm_new,183,-1.7426754236221313
claude_opus_4_8,llm_new,185,-0.3954482674598694
claude_opus_4_8,llm_new,186,0.3364933729171753
claude_opus_4_8,llm_new,193,-1.0490351915359497
claude_opus_4_8,llm_new,194,-2.0770516395568848
claude_opus_4_8,llm_new,197,-1.6920121908187866
claude_opus_4_8,llm_new,199,-0.0026738494634628296
claude_opus_4_8,llm_new,200,-1.928101897239685
claude_opus_4_8,llm_new,205,-2.2015137672424316
claude_opus_4_8,llm_new,209,0.0036435723304748535
claude_opus_4_8,llm_new,210,1.6440649032592773
claude_opus_4_8,llm_new,211,0.4057130813598633
claude_opus_4_8,llm_new,212,1.181378960609436
claude_opus_4_8,llm_new,213,0.759511411190033
claude_opus_4_8,llm_new,214,-0.06304091215133667
claude_opus_4_8,llm_new,216,1.4789732694625854
claude_opus_4_8,llm_new,219,-1.6521611213684082
claude_opus_4_8,llm_new,221,2.0085792541503906
claude_opus_4_8,llm_new,222,-2.025139808654785
claude_opus_4_8,llm_new,224,-2.144646644592285
claude_opus_4_8,llm_new,228,-1.5805543661117554
claude_opus_4_8,llm_new,229,-2.086845636367798
claude_opus_4_8,llm_new,232,0.5812730193138123
claude_opus_4_8,llm_new,235,2.056551933288574
claude_opus_4_8,llm_new,236,0.5366626381874084
claude_opus_4_8,llm_new,238,-1.04876708984375
claude_opus_4_8,llm_new,239,-1.383406400680542
claude_opus_4_8,llm_new,240,0.7005109190940857
claude_opus_4_8,llm_new,245,-1.9410507678985596
claude_opus_4_8,llm_new,248,-1.8076258897781372
claude_opus_4_8,llm_new,249,1.9385541677474976
claude_opus_4_8,llm_new,250,-0.7062545418739319
claude_opus_4_8,llm_new,251,-1.845351219177246
claude_opus_4_8,llm_new,255,-2.0014731884002686
claude_opus_4_8,llm_new,257,1.41830575466156
claude_opus_4_8,llm_new,260,0.21457506716251373
claude_opus_4_8,llm_new,261,-2.0838823318481445
claude_opus_4_8,llm_new,262,-0.803184449672699
claude_opus_4_8,llm_new,265,-1.0719679594039917
claude_opus_4_8,llm_new,266,-2.0832552909851074
claude_opus_4_8,llm_new,267,2.0541322231292725
claude_opus_4_8,llm_new,273,1.3349018096923828
claude_opus_4_8,llm_new,275,-1.919058084487915
claude_opus_4_8,llm_new,276,0.2808903455734253
claude_opus_4_8,llm_new,278,-1.7063939571380615
claude_opus_4_8,llm_new,279,-0.3340336084365845
claude_opus_4_8,llm_new,281,-0.3058497905731201
claude_opus_4_8,llm_new,282,1.1324775218963623
claude_opus_4_8,llm_new,286,-2.025128126144409
claude_opus_4_8,llm_new,287,-0.60728520154953
claude_opus_4_8,llm_new,290,-1.864179253578186
claude_opus_4_8,llm_new,291,-1.1734733581542969
claude_opus_4_8,llm_new,292,-1.4420942068099976
claude_opus_4_8,llm_new,293,-1.5272365808486938
claude_opus_4_8,llm_new,295,0.20157504081726074
claude_opus_4_8,llm_new,297,1.3920924663543701
claude_opus_4_8,llm_new,299,0.24057333171367645
claude_opus_4_8,llm_new,300,0.2633126974105835
claude_opus_4_8,llm_new,301,-2.086780071258545
claude_opus_4_8,llm_new,303,0.3774588108062744
claude_opus_4_8,llm_new,306,-0.11076989769935608
claude_opus_4_8,llm_new,307,1.8921617269515991
claude_opus_4_8,llm_new,308,-1.3530908823013306
claude_opus_4_8,llm_new,310,-2.0928378105163574
claude_opus_4_8,llm_new,311,-1.015580415725708
claude_opus_4_8,llm_new,312,1.131681203842163
claude_opus_4_8,llm_new,313,1.0381613969802856
claude_opus_4_8,llm_new,315,1.4902451038360596
claude_opus_4_8,llm_new,317,0.20109279453754425
claude_opus_4_8,llm_new,319,0.13045240938663483
claude_opus_4_8,llm_new,320,-0.9263853430747986
claude_opus_4_8,llm_new,322,0.5259401202201843
claude_opus_4_8,llm_new,324,2.0311694145202637
claude_opus_4_8,llm_new,327,1.1584621667861938
claude_opus_4_8,llm_new,328,0.4730716347694397
claude_opus_4_8,llm_new,329,1.1662766933441162
claude_opus_4_8,llm_new,330,1.5029178857803345
claude_opus_4_8,llm_new,332,-1.859054446220398
claude_opus_4_8,llm_new,333,-0.3058497905731201
claude_opus_4_8,llm_new,334,-1.6711481809616089
claude_opus_4_8,llm_new,335,1.2925010919570923
claude_opus_4_8,llm_new,337,-1.4635045528411865
claude_opus_4_8,llm_new,339,-0.02241623029112816
claude_opus_4_8,llm_new,343,-0.18688632547855377
claude_opus_4_8,llm_new,345,-1.5711556673049927
claude_opus_4_8,llm_new,347,-2.077028274536133
claude_opus_4_8,llm_new,351,-0.8384412527084351
claude_opus_4_8,llm_new,352,2.120746612548828
claude_opus_4_8,llm_new,353,2.103487968444824
claude_opus_4_8,llm_new,355,-0.8243933320045471
claude_opus_4_8,llm_new,356,-1.8834705352783203
claude_opus_4_8,llm_new,358,-0.17749838531017303
claude_opus_4_8,llm_new,360,-1.848125696182251
claude_opus_4_8,llm_new,361,1.8759454488754272
claude_opus_4_8,llm_new,362,2.064040184020996
claude_opus_4_8,llm_new,363,-0.6543123126029968
claude_opus_4_8,llm_new,364,0.007721379399299622
claude_opus_4_8,llm_new,366,-1.0327234268188477
claude_opus_4_8,llm_new,368,-0.46499747037887573
claude_opus_4_8,llm_new,369,-1.1989566087722778
claude_opus_4_8,llm_new,371,0.160702183842659
claude_opus_4_8,llm_new,372,2.037761688232422
claude_opus_4_8,llm_new,376,-2.089245080947876
claude_opus_4_8,llm_new,378,-0.21875134110450745
claude_opus_4_8,llm_new,381,-1.3284096717834473
claude_opus_4_8,llm_new,382,-1.5609132051467896
claude_opus_4_8,llm_new,383,-2.201756238937378
claude_opus_4_8,llm_new,389,1.1078366041183472
claude_opus_4_8,llm_new,391,-1.74309504032135
claude_opus_4_8,llm_new,394,1.8995811939239502
claude_opus_4_8,llm_new,395,1.013674020767212
claude_opus_4_8,llm_new,397,-2.008861541748047
claude_opus_4_8,llm_new,399,-0.4245384931564331
claude_opus_4_8,llm_new,405,-0.7548075318336487
claude_opus_4_8,llm_new,406,0.16132162511348724
claude_opus_4_8,llm_new,409,-0.8928256034851074
claude_opus_4_8,llm_new,410,0.4152897000312805
claude_opus_4_8,llm_new,412,-1.7961028814315796
claude_opus_4_8,llm_new,413,-2.192185401916504
claude_opus_4_8,llm_new,417,1.8414984941482544
claude_opus_4_8,llm_new,418,-0.6425692439079285
claude_opus_4_8,llm_new,421,1.7356107234954834
claude_opus_4_8,llm_new,423,0.04520675539970398
claude_opus_4_8,llm_new,424,1.2101346254348755
claude_opus_4_8,llm_new,425,-0.12369696795940399
claude_opus_4_8,llm_new,426,1.3518298864364624
claude_opus_4_8,llm_new,427,-2.0069329738616943
claude_opus_4_8,llm_new,429,1.0602983236312866
claude_opus_4_8,llm_new,430,-2.1798086166381836
claude_opus_4_8,llm_new,431,-1.9437955617904663
claude_opus_4_8,llm_new,433,-0.9991937875747681
claude_opus_4_8,llm_new,434,2.056459903717041
claude_opus_4_8,llm_new,437,2.0317318439483643
claude_opus_4_8,llm_new,440,-1.2751952409744263
claude_opus_4_8,llm_new,441,-0.01151527464389801
claude_opus_4_8,llm_new,443,-1.981817364692688
claude_opus_4_8,llm_new,445,-2.178666591644287
claude_opus_4_8,llm_new,446,2.056459903717041
claude_opus_4_8,llm_new,448,-1.2683449983596802
claude_opus_4_8,llm_new,449,-2.0916085243225098
claude_opus_4_8,llm_new,450,-2.0248849391937256
claude_opus_4_8,llm_new,451,-0.46166419982910156
claude_opus_4_8,llm_new,452,1.3174678087234497
claude_opus_4_8,llm_new,454,0.2075880616903305
claude_opus_4_8,llm_new,457,-0.5580103993415833
claude_opus_4_8,llm_new,458,-1.8984405994415283
claude_opus_4_8,llm_new,463,-1.6797934770584106
claude_opus_4_8,llm_new,465,-1.3659874200820923
claude_opus_4_8,llm_new,466,-0.8384823203086853
claude_opus_4_8,llm_new,468,0.4730716347694397
claude_opus_4_8,llm_new,469,-0.8431902527809143
claude_opus_4_8,llm_new,478,1.1802068948745728
claude_opus_4_8,llm_new,479,1.9255725145339966
claude_opus_4_8,llm_new,480,1.2325706481933594
claude_opus_4_8,llm_new,482,-1.8605583906173706
claude_opus_4_8,llm_new,483,-2.188204050064087
claude_opus_4_8,llm_new,484,-0.027240723371505737
claude_opus_4_8,llm_new,486,-2.0441343784332275
claude_opus_4_8,llm_new,487,-1.864179253578186
claude_opus_4_8,llm_new,491,-0.4954885244369507
claude_opus_4_8,llm_new,494,-1.7818907499313354
claude_opus_4_8,llm_new,495,1.9346847534179688
claude_opus_4_8,llm_new,496,1.2613494396209717
claude_opus_4_8,llm_new,498,-0.9360002875328064
claude_opus_4_8,llm_new,500,-2.1780970096588135
claude_opus_4_8,llm_new,501,1.5910134315490723
claude_opus_4_8,llm_new,502,1.0996651649475098
claude_opus_4_8,llm_new,507,-1.308548927307129
claude_opus_4_8,llm_new,508,-1.7818907499313354
claude_opus_4_8,llm_new,514,-2.0888400077819824
claude_opus_4_8,llm_new,515,-1.2382445335388184
claude_opus_4_8,llm_new,517,0.2636449933052063
claude_opus_4_8,llm_new,519,0.22161437571048737
claude_opus_4_8,llm_new,520,0.6982942819595337
claude_opus_4_8,llm_new,522,0.012095890939235687
claude_opus_4_8,llm_new,523,-1.741669774055481
claude_opus_4_8,llm_new,524,-0.15915638208389282
claude_opus_4_8,llm_new,526,-2.0661611557006836
claude_opus_4_8,llm_new,527,-2.1273326873779297
claude_opus_4_8,llm_new,528,-0.3909395933151245
claude_opus_4_8,llm_new,529,-0.5624805688858032
claude_opus_4_8,llm_new,530,-2.1226136684417725
claude_opus_4_8,llm_new,531,2.0612003803253174
claude_opus_4_8,llm_new,532,-2.035966157913208
claude_opus_4_8,llm_new,533,-0.2995761036872864
claude_opus_4_8,llm_new,534,-1.9410507678985596
claude_opus_4_8,llm_new,535,-1.7369235754013062
claude_opus_4_8,llm_new,536,-0.4198278784751892
claude_opus_4_8,llm_new,537,-1.7818907499313354
claude_opus_4_8,llm_new,540,-2.090599298477173
claude_opus_4_8,llm_new,542,-2.130995512008667
claude_opus_4_8,llm_new,543,0.7923206090927124
claude_opus_4_8,llm_new,544,1.680346131324768
claude_opus_4_8,llm_new,545,-2.085123062133789
claude_opus_4_8,llm_new,546,-1.5608525276184082
claude_opus_4_8,llm_new,548,-0.037245362997055054
claude_opus_4_8,llm_new,549,-0.3722957372665405
claude_opus_4_8,llm_new,550,-1.4447284936904907
claude_opus_4_8,llm_new,553,0.9086236953735352
claude_opus_4_8,llm_new,555,0.2996724843978882
claude_opus_4_8,llm_new,558,-1.446154236793518
claude_opus_4_8,llm_new,560,-0.3576849102973938
claude_opus_4_8,llm_new,568,-1.951366662979126
claude_opus_4_8,llm_new,569,-2.1497931480407715
claude_opus_4_8,llm_new,571,-1.637291669845581
claude_opus_4_8,llm_new,573,-0.07031621038913727
claude_opus_4_8,llm_new,576,-2.100961208343506
claude_opus_4_8,llm_new,577,-0.5624805688858032
claude_opus_4_8,llm_new,579,-2.017948627471924
claude_opus_4_8,llm_new,581,-0.01151527464389801
claude_opus_4_8,llm_new,582,-1.5119149684906006
claude_opus_4_8,llm_new,583,0.7540991902351379
claude_opus_4_8,llm_new,584,1.9427425861358643
claude_opus_4_8,llm_new,585,-0.4456382393836975
claude_opus_4_8,llm_new,586,-0.027240723371505737
claude_opus_4_8,llm_new,588,-1.0433650016784668
claude_opus_4_8,llm_new,589,0.5031324028968811
claude_opus_4_8,llm_new,590,-1.8581565618515015
claude_opus_4_8,llm_new,591,-1.4129680395126343
claude_opus_4_8,llm_new,594,-0.01151527464389801
claude_opus_4_8,llm_new,595,0.6734502911567688
claude_opus_4_8,llm_new,596,-2.0924668312072754
claude_opus_4_8,llm_new,597,-1.070453405380249
claude_opus_4_8,llm_new,598,-2.0807652473449707
claude_opus_4_8,llm_new,599,-1.3624540567398071
claude_opus_4_8,llm_new,600,-0.3148510456085205
claude_opus_4_8,llm_new,602,-1.852941870689392
claude_opus_4_8,llm_new,604,1.8265377283096313
claude_opus_4_8,llm_new,605,-0.14643287658691406
claude_opus_4_8,llm_new,606,1.667618989944458
claude_opus_4_8,llm_new,612,-1.9400089979171753
claude_opus_4_8,llm_new,614,-2.0821404457092285
claude_opus_4_8,llm_new,616,0.7650185227394104
claude_opus_4_8,llm_new,618,0.167497918009758
claude_opus_4_8,llm_new,619,0.388616144657135
claude_opus_4_8,llm_new,622,1.2216622829437256
claude_opus_4_8,llm_new,627,-2.0487422943115234
claude_opus_4_8,llm_new,629,-0.9078178405761719
claude_opus_4_8,llm_new,630,1.3546546697616577
claude_opus_4_8,llm_new,632,1.7311562299728394
claude_opus_4_8,llm_new,634,-1.3310356140136719
claude_opus_4_8,llm_new,635,-2.0846033096313477
claude_opus_4_8,llm_new,636,-2.0451831817626953
claude_opus_4_8,llm_new,637,2.0299997329711914
claude_opus_4_8,llm_new,639,-2.178666591644287
claude_opus_4_8,llm_new,644,-2.017948627471924
claude_opus_4_8,llm_new,645,-0.8681712746620178
claude_opus_4_8,llm_new,650,0.6353907585144043
claude_opus_4_8,llm_new,651,1.982373595237732
claude_opus_4_8,llm_new,653,-2.097508430480957
claude_opus_4_8,llm_new,654,-2.1686697006225586
claude_opus_4_8,llm_new,656,-0.539182186126709
claude_opus_4_8,llm_new,657,-0.9078178405761719
claude_opus_4_8,llm_new,661,-1.2356563806533813
claude_opus_4_8,llm_new,663,-0.5819371938705444
claude_opus_4_8,llm_new,665,-1.861863613128662
claude_opus_4_8,llm_new,666,-0.6425692439079285
claude_opus_4_8,llm_new,669,-2.0619864463806152
claude_opus_4_8,llm_new,670,1.7990858554840088
claude_opus_4_8,llm_new,671,1.305269479751587
claude_opus_4_8,llm_new,674,-2.093409538269043
claude_opus_4_8,llm_new,678,1.7566992044448853
claude_opus_4_8,llm_new,679,2.1001572608947754
claude_opus_4_8,llm_new,680,1.2241712808609009
claude_opus_4_8,llm_new,683,-1.5705024003982544
claude_opus_4_8,llm_new,688,-2.093409538269043
claude_opus_4_8,llm_new,690,0.025909751653671265
claude_opus_4_8,llm_new,693,-1.6366685628890991
claude_opus_4_8,llm_new,695,1.8519561290740967
claude_opus_4_8,llm_new,696,-1.1309056282043457
claude_opus_4_8,llm_new,697,-0.3287028670310974
claude_opus_4_8,llm_new,698,-1.674641489982605
claude_opus_4_8,llm_new,704,-1.783474326133728
claude_opus_4_8,llm_new,706,0.5626060366630554
claude_opus_4_8,llm_new,707,-2.178666591644287
claude_opus_4_8,llm_new,708,2.018620491027832
claude_opus_4_8,llm_new,709,-2.1553735733032227
claude_opus_4_8,llm_new,711,-0.11511734127998352
claude_opus_4_8,llm_new,712,-0.4196292757987976
claude_opus_4_8,llm_new,714,0.806196928024292
claude_opus_4_8,llm_new,715,0.2034139186143875
claude_opus_4_8,llm_new,716,0.5795924067497253
claude_opus_4_8,llm_new,717,-0.34044718742370605
claude_opus_4_8,llm_new,718,0.3120209574699402
claude_opus_4_8,llm_new,722,-2.136789560317993
claude_opus_4_8,llm_new,723,-2.1780970096588135
claude_opus_4_8,llm_new,729,-1.308548927307129
claude_opus_4_8,llm_new,732,-1.8605583906173706
claude_opus_4_8,llm_new,735,0.8081324696540833
claude_opus_4_8,llm_new,738,1.51046884059906
claude_opus_4_8,llm_new,741,-1.959959626197815
claude_opus_4_8,llm_new,742,-2.027885675430298
claude_opus_4_8,llm_new,746,-1.3775535821914673
claude_opus_4_8,llm_new,750,-1.8645700216293335
claude_opus_4_8,llm_new,754,0.8237977623939514
claude_opus_4_8,llm_new,757,0.08689236640930176
claude_opus_4_8,llm_new,758,-0.18439297378063202
claude_opus_4_8,llm_new,762,-0.3228139281272888
claude_opus_4_8,llm_new,765,1.197063684463501
claude_opus_4_8,llm_new,768,1.1495071649551392
claude_opus_4_8,llm_new,774,0.9089333415031433
claude_opus_4_8,llm_new,775,-0.12369696795940399
claude_opus_4_8,llm_new,778,-0.8066869974136353
claude_opus_4_8,llm_new,779,-0.851422131061554
claude_opus_4_8,llm_new,782,-1.6092795133590698
claude_opus_4_8,llm_new,784,0.3750978708267212
claude_opus_4_8,llm_new,788,0.8857197165489197
claude_opus_4_8,llm_new,790,-2.130134105682373
claude_opus_4_8,llm_new,793,-0.4235619902610779
claude_opus_4_8,llm_new,797,-0.13244779407978058
claude_opus_4_8,llm_new,798,0.41203200817108154
claude_opus_4_8,llm_new,799,-1.637291669845581
claude_opus_4_8,llm_new,800,-0.6546996235847473
claude_opus_4_8,llm_new,801,1.6574581861495972
claude_opus_4_8,llm_new,803,-1.4129680395126343
claude_opus_4_8,llm_new,811,-1.4164966344833374
claude_opus_4_8,llm_new,812,-1.5606728792190552
claude_opus_4_8,llm_new,814,-0.24787577986717224
claude_opus_4_8,llm_new,817,-0.20838822424411774
claude_opus_4_8,llm_new,818,0.5381585955619812
claude_opus_4_8,llm_new,821,-1.2732648849487305
claude_opus_4_8,llm_new,823,1.9887510538101196
claude_opus_4_8,llm_new,824,-1.714161992073059
claude_opus_4_8,llm_new,825,-1.6207536458969116
claude_opus_4_8,llm_new,827,1.6303807497024536
claude_opus_4_8,llm_new,828,-0.71440190076828
claude_opus_4_8,llm_new,830,-2.087113380432129
claude_opus_4_8,llm_new,833,-2.080761671066284
claude_opus_4_8,llm_new,837,1.492975115776062
claude_opus_4_8,llm_new,838,-1.8605583906173706
claude_opus_4_8,llm_new,846,0.0036435723304748535
claude_opus_4_8,llm_new,850,-1.4420748949050903
claude_opus_4_8,llm_new,853,-2.091607093811035
claude_opus_4_8,llm_new,860,0.43901556730270386
claude_opus_4_8,llm_new,866,-0.6853110194206238
claude_opus_4_8,llm_new,867,0.5025836229324341
claude_opus_4_8,llm_new,868,1.8848825693130493
claude_opus_4_8,llm_new,869,1.8246034383773804
claude_opus_4_8,llm_new,871,-2.0738778114318848
claude_opus_4_8,llm_new,873,-1.9690775871276855
claude_opus_4_8,llm_new,874,-1.7272346019744873
claude_opus_4_8,llm_new,877,-1.4702723026275635
claude_opus_4_8,llm_new,880,1.17518150806427
claude_opus_4_8,llm_new,882,-1.458471417427063
claude_opus_4_8,llm_new,883,-1.3795089721679688
claude_opus_4_8,llm_new,884,0.7892763018608093
claude_opus_4_8,llm_new,885,0.41203200817108154
claude_opus_4_8,llm_new,886,1.7764081954956055
claude_opus_4_8,llm_new,893,0.8686477541923523
claude_opus_4_8,llm_new,894,1.181378960609436
claude_opus_4_8,llm_new,895,1.7095245122909546
claude_opus_4_8,llm_new,896,-0.12369696795940399
claude_opus_4_8,llm_new,897,-0.996325671672821
claude_opus_4_8,llm_new,900,-1.6322270631790161
claude_opus_4_8,llm_new,901,-0.05825448036193848
claude_opus_4_8,llm_new,902,-1.7983945608139038
claude_opus_4_8,llm_new,903,-0.3618837594985962
claude_opus_4_8,llm_new,904,0.7244811058044434
claude_opus_4_8,llm_new,905,-0.6004348397254944
claude_opus_4_8,llm_new,908,0.9979912638664246
claude_opus_4_8,llm_new,911,-0.06943979859352112
claude_opus_4_8,llm_new,915,-1.0877689123153687
claude_opus_4_8,llm_new,917,0.32653409242630005
claude_opus_4_8,llm_new,918,-0.4334314465522766
claude_opus_4_8,llm_new,919,-2.094177484512329
claude_opus_4_8,llm_new,921,0.38383638858795166
claude_opus_4_8,llm_new,922,-2.1588938236236572
claude_opus_4_8,llm_new,923,-0.5743514895439148
claude_opus_4_8,llm_new,924,-1.7272346019744873
claude_opus_4_8,llm_new,925,1.5516108274459839
claude_opus_4_8,llm_new,926,-1.994551181793213
claude_opus_4_8,llm_new,927,-1.3603256940841675
claude_opus_4_8,llm_new,931,-2.090599298477173
claude_opus_4_8,llm_new,934,-2.0156099796295166
claude_opus_4_8,llm_new,935,0.4101255536079407
claude_opus_4_8,llm_new,936,-1.309939980506897
claude_opus_4_8,llm_new,937,-2.1588938236236572
claude_opus_4_8,llm_new,939,-0.7957912087440491
claude_opus_4_8,llm_new,940,-1.722061276435852
claude_opus_4_8,llm_new,942,0.7069600224494934
claude_opus_4_8,llm_new,943,2.0612003803253174
claude_opus_4_8,llm_new,947,-1.9549922943115234
claude_opus_4_8,llm_new,948,-2.0789687633514404
claude_opus_4_8,llm_new,949,-0.6091777086257935
claude_opus_4_8,llm_new,950,0.032511740922927856
claude_opus_4_8,llm_new,951,-0.9513536095619202
claude_opus_4_8,llm_new,960,-0.5883416533470154
claude_opus_4_8,llm_new,962,1.3229018449783325
claude_opus_4_8,llm_new,964,1.1709107160568237
claude_opus_4_8,llm_new,971,-1.1105067729949951
claude_opus_4_8,llm_new,974,-1.8123174905776978
claude_opus_4_8,llm_new,975,-1.452202320098877
claude_opus_4_8,llm_new,976,-1.9360203742980957
claude_opus_4_8,llm_new,978,-2.0550427436828613
claude_opus_4_8,llm_new,979,-1.9936134815216064
claude_opus_4_8,llm_new,986,-1.7940701246261597
claude_opus_4_8,llm_new,987,2.064040184020996
claude_opus_4_8,llm_new,989,-0.8384823203086853
claude_opus_4_8,llm_new,990,-0.8616442084312439
claude_opus_4_8,llm_new,991,-0.5091517567634583
claude_opus_4_8,llm_new,992,-2.0619969367980957
claude_opus_4_8,llm_new,995,-1.8984405994415283
claude_opus_4_8,llm_new,996,-1.1844308376312256
claude_opus_4_8,llm_new,998,1.8246034383773804
claude_opus_4_8,llm_new,999,-1.6832057237625122
claude_opus_4_5,llm_new,1,0.5493220090866089
claude_opus_4_5,llm_new,3,1.2970010042190552
claude_opus_4_5,llm_new,4,1.4207839965820312
claude_opus_4_5,llm_new,6,-0.8393675088882446
claude_opus_4_5,llm_new,7,1.386159062385559
claude_opus_4_5,llm_new,8,-0.16884362697601318
claude_opus_4_5,llm_new,10,0.2954079508781433
claude_opus_4_5,llm_new,11,-1.6036288738250732
claude_opus_4_5,llm_new,12,-0.7150802612304688
claude_opus_4_5,llm_new,13,-0.6885075569152832
claude_opus_4_5,llm_new,19,-1.5136358737945557
claude_opus_4_5,llm_new,24,-1.5932259559631348
claude_opus_4_5,llm_new,25,-0.39881277084350586
claude_opus_4_5,llm_new,26,-0.5625566244125366
claude_opus_4_5,llm_new,29,-1.1033189296722412
claude_opus_4_5,llm_new,30,-1.5342484712600708
claude_opus_4_5,llm_new,31,-1.6560208797454834
claude_opus_4_5,llm_new,32,1.3187005519866943
claude_opus_4_5,llm_new,34,-0.9814114570617676
claude_opus_4_5,llm_new,40,-0.5490966439247131
claude_opus_4_5,llm_new,42,-0.6322349309921265
claude_opus_4_5,llm_new,43,-0.7229582667350769
claude_opus_4_5,llm_new,44,-1.5544710159301758
claude_opus_4_5,llm_new,45,-1.4546010494232178
claude_opus_4_5,llm_new,50,-1.557309865951538
claude_opus_4_5,llm_new,52,-0.6468520164489746
claude_opus_4_5,llm_new,55,0.6950505375862122
claude_opus_4_5,llm_new,56,1.0091787576675415
claude_opus_4_5,llm_new,57,-1.3196732997894287
claude_opus_4_5,llm_new,60,0.33257395029067993
claude_opus_4_5,llm_new,61,-1.0662808418273926
claude_opus_4_5,llm_new,62,-0.8471958637237549
claude_opus_4_5,llm_new,64,-1.571596622467041
claude_opus_4_5,llm_new,66,1.074284553527832
claude_opus_4_5,llm_new,67,0.012874243780970573
claude_opus_4_5,llm_new,68,1.2462717294692993
claude_opus_4_5,llm_new,70,-0.986236572265625
claude_opus_4_5,llm_new,71,0.36692148447036743
claude_opus_4_5,llm_new,73,-0.6980823278427124
claude_opus_4_5,llm_new,74,0.09010842442512512
claude_opus_4_5,llm_new,75,-1.4875802993774414
claude_opus_4_5,llm_new,77,-1.4722353219985962
claude_opus_4_5,llm_new,78,-1.222952961921692
claude_opus_4_5,llm_new,79,0.05668818950653076
claude_opus_4_5,llm_new,80,-0.9451287984848022
claude_opus_4_5,llm_new,82,0.641399621963501
claude_opus_4_5,llm_new,83,1.1784588098526
claude_opus_4_5,llm_new,84,-1.0055162906646729
claude_opus_4_5,llm_new,85,-1.5869250297546387
claude_opus_4_5,llm_new,87,0.22238565981388092
claude_opus_4_5,llm_new,89,-0.5209259390830994
claude_opus_4_5,llm_new,90,-0.07463609427213669
claude_opus_4_5,llm_new,91,-0.8469600677490234
claude_opus_4_5,llm_new,93,-1.3159373998641968
claude_opus_4_5,llm_new,95,-1.2111493349075317
claude_opus_4_5,llm_new,97,0.8082079887390137
claude_opus_4_5,llm_new,98,-0.436245858669281
claude_opus_4_5,llm_new,101,-1.5680736303329468
claude_opus_4_5,llm_new,102,-1.0219473838806152
claude_opus_4_5,llm_new,105,-1.631333827972412
claude_opus_4_5,llm_new,108,-1.2052487134933472
claude_opus_4_5,llm_new,109,-0.4970669746398926
claude_opus_4_5,llm_new,110,-0.6884667873382568
claude_opus_4_5,llm_new,111,-1.7782574892044067
claude_opus_4_5,llm_new,114,1.4762322902679443
claude_opus_4_5,llm_new,115,-0.6558437347412109
claude_opus_4_5,llm_new,119,1.2804794311523438
claude_opus_4_5,llm_new,121,0.4759508967399597
claude_opus_4_5,llm_new,126,1.5271720886230469
claude_opus_4_5,llm_new,132,-0.39658787846565247
claude_opus_4_5,llm_new,133,-1.2292592525482178
claude_opus_4_5,llm_new,134,-0.5270625352859497
claude_opus_4_5,llm_new,136,1.0550520420074463
claude_opus_4_5,llm_new,137,-1.3475710153579712
claude_opus_4_5,llm_new,138,-0.4896512031555176
claude_opus_4_5,llm_new,140,-1.8126248121261597
claude_opus_4_5,llm_new,141,0.07829020172357559
claude_opus_4_5,llm_new,142,1.4042338132858276
claude_opus_4_5,llm_new,145,-0.3438510298728943
claude_opus_4_5,llm_new,146,0.7471910715103149
claude_opus_4_5,llm_new,149,0.5034884810447693
claude_opus_4_5,llm_new,156,-1.0990495681762695
claude_opus_4_5,llm_new,159,-1.5031160116195679
claude_opus_4_5,llm_new,164,-1.7937591075897217
claude_opus_4_5,llm_new,165,0.7864060997962952
claude_opus_4_5,llm_new,166,-0.7441193461418152
claude_opus_4_5,llm_new,168,1.599960446357727
claude_opus_4_5,llm_new,169,-1.1167404651641846
claude_opus_4_5,llm_new,170,-1.0706721544265747
claude_opus_4_5,llm_new,173,-1.0400598049163818
claude_opus_4_5,llm_new,174,0.10648436844348907
claude_opus_4_5,llm_new,175,0.04419635981321335
claude_opus_4_5,llm_new,177,-0.905112624168396
claude_opus_4_5,llm_new,179,-0.02588576264679432
claude_opus_4_5,llm_new,182,-1.789914608001709
claude_opus_4_5,llm_new,183,-0.9624637365341187
claude_opus_4_5,llm_new,185,-0.05076532065868378
claude_opus_4_5,llm_new,186,-0.204881951212883
claude_opus_4_5,llm_new,193,-0.4580502510070801
claude_opus_4_5,llm_new,194,-1.568293809890747
claude_opus_4_5,llm_new,197,-1.2554118633270264
claude_opus_4_5,llm_new,199,0.3876745104789734
claude_opus_4_5,llm_new,200,-1.813185214996338
claude_opus_4_5,llm_new,205,-1.5428330898284912
claude_opus_4_5,llm_new,209,0.07282140851020813
claude_opus_4_5,llm_new,210,1.6280590295791626
claude_opus_4_5,llm_new,211,0.00030173175036907196
claude_opus_4_5,llm_new,212,1.2804794311523438
claude_opus_4_5,llm_new,213,1.0333034992218018
claude_opus_4_5,llm_new,214,-0.08057652413845062
claude_opus_4_5,llm_new,216,1.4938476085662842
claude_opus_4_5,llm_new,219,-1.2287743091583252
claude_opus_4_5,llm_new,221,1.3898857831954956
claude_opus_4_5,llm_new,222,-1.7782574892044067
claude_opus_4_5,llm_new,224,-1.507423758506775
claude_opus_4_5,llm_new,228,-0.5327794551849365
claude_opus_4_5,llm_new,229,-1.5829055309295654
claude_opus_4_5,llm_new,232,0.0530003160238266
claude_opus_4_5,llm_new,235,1.4369754791259766
claude_opus_4_5,llm_new,236,0.2554733455181122
claude_opus_4_5,llm_new,238,-1.0897865295410156
claude_opus_4_5,llm_new,239,-1.1033189296722412
claude_opus_4_5,llm_new,240,1.0748932361602783
claude_opus_4_5,llm_new,245,-1.8126248121261597
claude_opus_4_5,llm_new,248,-1.6054494380950928
claude_opus_4_5,llm_new,249,1.5665714740753174
claude_opus_4_5,llm_new,250,-0.8887747526168823
claude_opus_4_5,llm_new,251,-1.1444315910339355
claude_opus_4_5,llm_new,255,-1.3611104488372803
claude_opus_4_5,llm_new,257,1.5291823148727417
claude_opus_4_5,llm_new,260,-0.470140278339386
claude_opus_4_5,llm_new,261,-1.5779650211334229
claude_opus_4_5,llm_new,262,-0.9525097608566284
claude_opus_4_5,llm_new,265,-1.1167404651641846
claude_opus_4_5,llm_new,266,-1.5769586563110352
claude_opus_4_5,llm_new,267,1.3757838010787964
claude_opus_4_5,llm_new,273,0.7321915626525879
claude_opus_4_5,llm_new,275,-1.7205326557159424
claude_opus_4_5,llm_new,276,0.03422445058822632
claude_opus_4_5,llm_new,278,-1.74618661403656
claude_opus_4_5,llm_new,279,-0.1625722348690033
claude_opus_4_5,llm_new,281,-0.39658787846565247
claude_opus_4_5,llm_new,282,0.8619747757911682
claude_opus_4_5,llm_new,286,-1.6274585723876953
claude_opus_4_5,llm_new,287,-0.8671393394470215
claude_opus_4_5,llm_new,290,-1.3001068830490112
claude_opus_4_5,llm_new,291,-0.8483151197433472
claude_opus_4_5,llm_new,292,-1.4216012954711914
claude_opus_4_5,llm_new,293,-1.29128897190094
claude_opus_4_5,llm_new,295,0.06614169478416443
claude_opus_4_5,llm_new,297,1.0890300273895264
claude_opus_4_5,llm_new,299,0.15809519588947296
claude_opus_4_5,llm_new,300,0.5213183164596558
claude_opus_4_5,llm_new,301,-1.5832459926605225
claude_opus_4_5,llm_new,303,-0.16884362697601318
claude_opus_4_5,llm_new,306,-0.19902528822422028
claude_opus_4_5,llm_new,307,1.170417070388794
claude_opus_4_5,llm_new,308,-1.520301342010498
claude_opus_4_5,llm_new,310,-1.632338047027588
claude_opus_4_5,llm_new,311,-1.2931181192398071
claude_opus_4_5,llm_new,312,1.2643762826919556
claude_opus_4_5,llm_new,313,0.6492993831634521
claude_opus_4_5,llm_new,315,1.0629403591156006
claude_opus_4_5,llm_new,317,0.4188311696052551
claude_opus_4_5,llm_new,319,0.2110556811094284
claude_opus_4_5,llm_new,320,-1.0400598049163818
claude_opus_4_5,llm_new,322,0.40140870213508606
claude_opus_4_5,llm_new,324,1.3909680843353271
claude_opus_4_5,llm_new,327,0.34629833698272705
claude_opus_4_5,llm_new,328,0.7842224836349487
claude_opus_4_5,llm_new,329,0.5098904967308044
claude_opus_4_5,llm_new,330,0.988568902015686
claude_opus_4_5,llm_new,332,-1.5815120935440063
claude_opus_4_5,llm_new,333,-0.39658787846565247
claude_opus_4_5,llm_new,334,-1.582184076309204
claude_opus_4_5,llm_new,335,0.8733921051025391
claude_opus_4_5,llm_new,337,-1.3054285049438477
claude_opus_4_5,llm_new,339,0.010321186855435371
claude_opus_4_5,llm_new,343,-0.3438510298728943
claude_opus_4_5,llm_new,345,-1.5111702680587769
claude_opus_4_5,llm_new,347,-1.5680736303329468
claude_opus_4_5,llm_new,351,-0.9776957035064697
claude_opus_4_5,llm_new,352,1.3106639385223389
claude_opus_4_5,llm_new,353,1.3046774864196777
claude_opus_4_5,llm_new,355,-0.6258946657180786
claude_opus_4_5,llm_new,356,-1.5731091499328613
claude_opus_4_5,llm_new,358,-0.36393237113952637
claude_opus_4_5,llm_new,360,-1.5869250297546387
claude_opus_4_5,llm_new,361,1.0847795009613037
claude_opus_4_5,llm_new,362,1.3705854415893555
claude_opus_4_5,llm_new,363,-0.8423688411712646
claude_opus_4_5,llm_new,364,0.22845996916294098
claude_opus_4_5,llm_new,366,-0.7765688300132751
claude_opus_4_5,llm_new,368,-0.6623050570487976
claude_opus_4_5,llm_new,369,-1.4332454204559326
claude_opus_4_5,llm_new,371,0.45655232667922974
claude_opus_4_5,llm_new,372,1.2345389127731323
claude_opus_4_5,llm_new,376,-1.5892157554626465
claude_opus_4_5,llm_new,378,-0.473383367061615
claude_opus_4_5,llm_new,381,-1.263796329498291
claude_opus_4_5,llm_new,382,-1.1698837280273438
claude_opus_4_5,llm_new,383,-1.485540747642517
claude_opus_4_5,llm_new,389,0.7181287407875061
claude_opus_4_5,llm_new,391,-1.6941732168197632
claude_opus_4_5,llm_new,394,0.9873293042182922
claude_opus_4_5,llm_new,395,1.0918290615081787
claude_opus_4_5,llm_new,397,-1.7900898456573486
claude_opus_4_5,llm_new,399,-0.287550687789917
claude_opus_4_5,llm_new,405,-0.34952297806739807
claude_opus_4_5,llm_new,406,0.358634352684021
claude_opus_4_5,llm_new,409,-0.6362020969390869
claude_opus_4_5,llm_new,410,0.13475169241428375
claude_opus_4_5,llm_new,412,-1.6540963649749756
claude_opus_4_5,llm_new,413,-1.5648672580718994
claude_opus_4_5,llm_new,417,1.113560676574707
claude_opus_4_5,llm_new,418,-0.8469600677490234
claude_opus_4_5,llm_new,421,0.8242207765579224
claude_opus_4_5,llm_new,423,0.08798819035291672
claude_opus_4_5,llm_new,424,1.1968231201171875
claude_opus_4_5,llm_new,425,-0.4731960892677307
claude_opus_4_5,llm_new,426,1.0746278762817383
claude_opus_4_5,llm_new,427,-0.8393034934997559
claude_opus_4_5,llm_new,429,1.1760103702545166
claude_opus_4_5,llm_new,430,-1.5791209936141968
claude_opus_4_5,llm_new,431,-1.8125059604644775
claude_opus_4_5,llm_new,433,-0.5107161998748779
claude_opus_4_5,llm_new,434,1.17727792263031
claude_opus_4_5,llm_new,437,1.4931126832962036
claude_opus_4_5,llm_new,440,-1.2635245323181152
claude_opus_4_5,llm_new,441,-0.2638465166091919
claude_opus_4_5,llm_new,443,-1.4854987859725952
claude_opus_4_5,llm_new,445,-1.5238432884216309
claude_opus_4_5,llm_new,446,1.17727792263031
claude_opus_4_5,llm_new,448,-0.9163565635681152
claude_opus_4_5,llm_new,449,-1.5923569202423096
claude_opus_4_5,llm_new,450,-1.5887631177902222
claude_opus_4_5,llm_new,451,-0.553246021270752
claude_opus_4_5,llm_new,452,0.40023109316825867
claude_opus_4_5,llm_new,454,-0.3046031594276428
claude_opus_4_5,llm_new,457,-0.8058443069458008
claude_opus_4_5,llm_new,458,-1.8107069730758667
claude_opus_4_5,llm_new,463,-1.282884955406189
claude_opus_4_5,llm_new,465,-1.3548204898834229
claude_opus_4_5,llm_new,466,-0.9517067074775696
claude_opus_4_5,llm_new,468,0.7842224836349487
claude_opus_4_5,llm_new,469,-0.6481490135192871
claude_opus_4_5,llm_new,478,0.8152440190315247
claude_opus_4_5,llm_new,479,1.2918802499771118
claude_opus_4_5,llm_new,480,0.799863338470459
claude_opus_4_5,llm_new,482,-1.7599372863769531
claude_opus_4_5,llm_new,483,-1.570357322692871
claude_opus_4_5,llm_new,484,0.07829020172357559
claude_opus_4_5,llm_new,486,-1.2793378829956055
claude_opus_4_5,llm_new,487,-1.3001068830490112
claude_opus_4_5,llm_new,491,-0.7488359808921814
claude_opus_4_5,llm_new,494,-1.6895005702972412
claude_opus_4_5,llm_new,495,1.4137637615203857
claude_opus_4_5,llm_new,496,1.020799994468689
claude_opus_4_5,llm_new,498,-1.0152018070220947
claude_opus_4_5,llm_new,500,-1.5336079597473145
claude_opus_4_5,llm_new,501,1.250535011291504
claude_opus_4_5,llm_new,502,0.3751567602157593
claude_opus_4_5,llm_new,507,-1.064658284187317
claude_opus_4_5,llm_new,508,-1.6895005702972412
claude_opus_4_5,llm_new,514,-1.5887565612792969
claude_opus_4_5,llm_new,515,-1.1294405460357666
claude_opus_4_5,llm_new,517,0.5712913274765015
claude_opus_4_5,llm_new,519,0.5077971816062927
claude_opus_4_5,llm_new,520,0.4453614056110382
claude_opus_4_5,llm_new,522,-0.4028812646865845
claude_opus_4_5,llm_new,523,-1.7296802997589111
claude_opus_4_5,llm_new,524,-0.5008631944656372
claude_opus_4_5,llm_new,526,-1.5555787086486816
claude_opus_4_5,llm_new,527,-1.29843008518219
claude_opus_4_5,llm_new,528,-0.6136220693588257
claude_opus_4_5,llm_new,529,-0.8006991147994995
claude_opus_4_5,llm_new,530,-1.4294629096984863
claude_opus_4_5,llm_new,531,1.1929563283920288
claude_opus_4_5,llm_new,532,-1.840071678161621
claude_opus_4_5,llm_new,533,-0.3810138702392578
claude_opus_4_5,llm_new,534,-1.8126248121261597
claude_opus_4_5,llm_new,535,-1.1358919143676758
claude_opus_4_5,llm_new,536,-0.2904665768146515
claude_opus_4_5,llm_new,537,-1.6895005702972412
claude_opus_4_5,llm_new,540,-1.6122195720672607
claude_opus_4_5,llm_new,542,-1.4738795757293701
claude_opus_4_5,llm_new,543,1.3377745151519775
claude_opus_4_5,llm_new,544,1.2285884618759155
claude_opus_4_5,llm_new,545,-1.5782181024551392
claude_opus_4_5,llm_new,546,-1.3465038537979126
claude_opus_4_5,llm_new,548,-0.4036073088645935
claude_opus_4_5,llm_new,549,-0.6447113156318665
claude_opus_4_5,llm_new,550,-1.5189878940582275
claude_opus_4_5,llm_new,553,0.7467290759086609
claude_opus_4_5,llm_new,555,-0.11633394658565521
claude_opus_4_5,llm_new,558,-1.1564035415649414
claude_opus_4_5,llm_new,560,-0.2723173201084137
claude_opus_4_5,llm_new,568,-1.7423834800720215
claude_opus_4_5,llm_new,569,-1.792332410812378
claude_opus_4_5,llm_new,571,-1.593590497970581
claude_opus_4_5,llm_new,573,0.09354062378406525
claude_opus_4_5,llm_new,576,-1.7249685525894165
claude_opus_4_5,llm_new,577,-0.8006991147994995
claude_opus_4_5,llm_new,579,-1.8411993980407715
claude_opus_4_5,llm_new,581,-0.2638465166091919
claude_opus_4_5,llm_new,582,-1.4712786674499512
claude_opus_4_5,llm_new,583,0.06756938993930817
claude_opus_4_5,llm_new,584,1.1718928813934326
claude_opus_4_5,llm_new,585,-0.22263352572917938
claude_opus_4_5,llm_new,586,0.07829020172357559
claude_opus_4_5,llm_new,588,-0.8600772619247437
claude_opus_4_5,llm_new,589,0.20117069780826569
claude_opus_4_5,llm_new,590,-1.6941020488739014
claude_opus_4_5,llm_new,591,-1.4722353219985962
claude_opus_4_5,llm_new,594,-0.2638465166091919
claude_opus_4_5,llm_new,595,0.9447202682495117
claude_opus_4_5,llm_new,596,-1.6085758209228516
claude_opus_4_5,llm_new,597,-0.466035932302475
claude_opus_4_5,llm_new,598,-1.5732802152633667
claude_opus_4_5,llm_new,599,-1.3261563777923584
claude_opus_4_5,llm_new,600,-0.07168851047754288
claude_opus_4_5,llm_new,602,-1.7988812923431396
claude_opus_4_5,llm_new,604,1.3252103328704834
claude_opus_4_5,llm_new,605,-0.2108171433210373
claude_opus_4_5,llm_new,606,1.5966721773147583
claude_opus_4_5,llm_new,612,-1.684428095817566
claude_opus_4_5,llm_new,614,-1.5752421617507935
claude_opus_4_5,llm_new,616,0.7326555252075195
claude_opus_4_5,llm_new,618,0.2816412150859833
claude_opus_4_5,llm_new,619,0.26605546474456787
claude_opus_4_5,llm_new,622,0.8479302525520325
claude_opus_4_5,llm_new,627,-1.3254709243774414
claude_opus_4_5,llm_new,629,-0.9467532634735107
claude_opus_4_5,llm_new,630,0.8957221508026123
claude_opus_4_5,llm_new,632,0.7670155763626099
claude_opus_4_5,llm_new,634,-1.1325452327728271
claude_opus_4_5,llm_new,635,-1.579279899597168
claude_opus_4_5,llm_new,636,-1.700350046157837
claude_opus_4_5,llm_new,637,1.1522176265716553
claude_opus_4_5,llm_new,639,-1.5238432884216309
claude_opus_4_5,llm_new,644,-1.8411993980407715
claude_opus_4_5,llm_new,645,-0.8697848320007324
claude_opus_4_5,llm_new,650,-0.045300036668777466
claude_opus_4_5,llm_new,651,1.6705716848373413
claude_opus_4_5,llm_new,653,-1.6126470565795898
claude_opus_4_5,llm_new,654,-1.4853904247283936
claude_opus_4_5,llm_new,656,-0.49567192792892456
claude_opus_4_5,llm_new,657,-0.9467532634735107
claude_opus_4_5,llm_new,661,-0.39881277084350586
claude_opus_4_5,llm_new,663,-0.7876531481742859
claude_opus_4_5,llm_new,665,-1.3159373998641968
claude_opus_4_5,llm_new,666,-0.8469600677490234
claude_opus_4_5,llm_new,669,-1.5497417449951172
claude_opus_4_5,llm_new,670,1.0769864320755005
claude_opus_4_5,llm_new,671,0.9811624884605408
claude_opus_4_5,llm_new,674,-1.6169631481170654
claude_opus_4_5,llm_new,678,1.1436532735824585
claude_opus_4_5,llm_new,679,1.3276383876800537
claude_opus_4_5,llm_new,680,0.20774848759174347
claude_opus_4_5,llm_new,683,-1.2010842561721802
claude_opus_4_5,llm_new,688,-1.6169631481170654
claude_opus_4_5,llm_new,690,-0.2186429500579834
claude_opus_4_5,llm_new,693,-1.242470622062683
claude_opus_4_5,llm_new,695,1.072687029838562
claude_opus_4_5,llm_new,696,-0.9652036428451538
claude_opus_4_5,llm_new,697,-0.7975893020629883
claude_opus_4_5,llm_new,698,-1.2984470129013062
claude_opus_4_5,llm_new,704,-1.3884265422821045
claude_opus_4_5,llm_new,706,0.44821256399154663
claude_opus_4_5,llm_new,707,-1.5238432884216309
claude_opus_4_5,llm_new,708,1.4015341997146606
claude_opus_4_5,llm_new,709,-1.7927091121673584
claude_opus_4_5,llm_new,711,-0.21241191029548645
claude_opus_4_5,llm_new,712,-0.45735782384872437
claude_opus_4_5,llm_new,714,0.551386833190918
claude_opus_4_5,llm_new,715,-0.17286649346351624
claude_opus_4_5,llm_new,716,0.3398267924785614
claude_opus_4_5,llm_new,717,-0.5753310322761536
claude_opus_4_5,llm_new,718,0.2897016704082489
claude_opus_4_5,llm_new,722,-1.7817518711090088
claude_opus_4_5,llm_new,723,-1.5336079597473145
claude_opus_4_5,llm_new,729,-1.064658284187317
claude_opus_4_5,llm_new,732,-1.7599372863769531
claude_opus_4_5,llm_new,735,0.051958419382572174
claude_opus_4_5,llm_new,738,1.1451213359832764
claude_opus_4_5,llm_new,741,-1.7232038974761963
claude_opus_4_5,llm_new,742,-1.3966526985168457
claude_opus_4_5,llm_new,746,-0.9686917066574097
claude_opus_4_5,llm_new,750,-1.4859650135040283
claude_opus_4_5,llm_new,754,0.5828405022621155
claude_opus_4_5,llm_new,757,0.2294454723596573
claude_opus_4_5,llm_new,758,-0.12135843932628632
claude_opus_4_5,llm_new,762,-0.5714741349220276
claude_opus_4_5,llm_new,765,0.7201052904129028
claude_opus_4_5,llm_new,768,1.3367730379104614
claude_opus_4_5,llm_new,774,0.9019473195075989
claude_opus_4_5,llm_new,775,-0.4731960892677307
claude_opus_4_5,llm_new,778,-0.6553254127502441
claude_opus_4_5,llm_new,779,-0.4786328077316284
claude_opus_4_5,llm_new,782,-0.7534168362617493
claude_opus_4_5,llm_new,784,0.1305679827928543
claude_opus_4_5,llm_new,788,0.4406689703464508
claude_opus_4_5,llm_new,790,-1.7750577926635742
claude_opus_4_5,llm_new,793,-0.4637121558189392
claude_opus_4_5,llm_new,797,0.36642056703567505
claude_opus_4_5,llm_new,798,0.17519885301589966
claude_opus_4_5,llm_new,799,-1.593590497970581
claude_opus_4_5,llm_new,800,-0.3256523907184601
claude_opus_4_5,llm_new,801,1.2222331762313843
claude_opus_4_5,llm_new,803,-1.4722353219985962
claude_opus_4_5,llm_new,811,-1.4022290706634521
claude_opus_4_5,llm_new,812,-1.6546835899353027
claude_opus_4_5,llm_new,814,-0.125481978058815
claude_opus_4_5,llm_new,817,-0.45726561546325684
claude_opus_4_5,llm_new,818,0.18120719492435455
claude_opus_4_5,llm_new,821,-0.3960729241371155
claude_opus_4_5,llm_new,823,1.4054460525512695
claude_opus_4_5,llm_new,824,-1.641435146331787
claude_opus_4_5,llm_new,825,-1.613577961921692
claude_opus_4_5,llm_new,827,0.9381742477416992
claude_opus_4_5,llm_new,828,-0.8810303211212158
claude_opus_4_5,llm_new,830,-1.6324187517166138
claude_opus_4_5,llm_new,833,-1.0997390747070312
claude_opus_4_5,llm_new,837,0.8909658789634705
claude_opus_4_5,llm_new,838,-1.7599372863769531
claude_opus_4_5,llm_new,846,0.07282140851020813
claude_opus_4_5,llm_new,850,-1.380965232849121
claude_opus_4_5,llm_new,853,-1.6036133766174316
claude_opus_4_5,llm_new,860,0.25350233912467957
claude_opus_4_5,llm_new,866,-1.2046399116516113
claude_opus_4_5,llm_new,867,-0.09209317713975906
claude_opus_4_5,llm_new,868,1.119984745979309
claude_opus_4_5,llm_new,869,1.0626198053359985
claude_opus_4_5,llm_new,871,-1.6547231674194336
claude_opus_4_5,llm_new,873,-1.8067708015441895
claude_opus_4_5,llm_new,874,-1.2872140407562256
claude_opus_4_5,llm_new,877,-1.4314675331115723
claude_opus_4_5,llm_new,880,1.2068872451782227
claude_opus_4_5,llm_new,882,-1.1786692142486572
claude_opus_4_5,llm_new,883,-0.9644832611083984
claude_opus_4_5,llm_new,884,-0.11708080768585205
claude_opus_4_5,llm_new,885,0.17519885301589966
claude_opus_4_5,llm_new,886,1.406658411026001
claude_opus_4_5,llm_new,893,0.8667593002319336
claude_opus_4_5,llm_new,894,1.2804794311523438
claude_opus_4_5,llm_new,895,1.2807317972183228
claude_opus_4_5,llm_new,896,-0.4731960892677307
claude_opus_4_5,llm_new,897,-1.076253890991211
claude_opus_4_5,llm_new,900,-1.2224780321121216
claude_opus_4_5,llm_new,901,-0.06805671751499176
claude_opus_4_5,llm_new,902,-1.4886796474456787
claude_opus_4_5,llm_new,903,-0.6336042284965515
claude_opus_4_5,llm_new,904,-0.058369725942611694
claude_opus_4_5,llm_new,905,-0.8236970901489258
claude_opus_4_5,llm_new,908,1.2882061004638672
claude_opus_4_5,llm_new,911,-0.434079647064209
claude_opus_4_5,llm_new,915,-0.815809965133667
claude_opus_4_5,llm_new,917,1.1305015087127686
claude_opus_4_5,llm_new,918,-0.525255024433136
claude_opus_4_5,llm_new,919,-1.6036288738250732
claude_opus_4_5,llm_new,921,0.23101596534252167
claude_opus_4_5,llm_new,922,-1.4689428806304932
claude_opus_4_5,llm_new,923,-0.42634865641593933
claude_opus_4_5,llm_new,924,-1.2872140407562256
claude_opus_4_5,llm_new,925,0.5935273170471191
claude_opus_4_5,llm_new,926,-1.6485271453857422
claude_opus_4_5,llm_new,927,-1.086899757385254
claude_opus_4_5,llm_new,931,-1.6122195720672607
claude_opus_4_5,llm_new,934,-1.5307457447052002
claude_opus_4_5,llm_new,935,1.1347275972366333
claude_opus_4_5,llm_new,936,-1.578730821609497
claude_opus_4_5,llm_new,937,-1.4689428806304932
claude_opus_4_5,llm_new,939,-0.9945240020751953
claude_opus_4_5,llm_new,940,-1.5151934623718262
claude_opus_4_5,llm_new,942,1.0003652572631836
claude_opus_4_5,llm_new,943,1.1929563283920288
claude_opus_4_5,llm_new,947,-1.7506879568099976
claude_opus_4_5,llm_new,948,-1.5149885416030884
claude_opus_4_5,llm_new,949,-0.5642728805541992
claude_opus_4_5,llm_new,950,-0.1367761790752411
claude_opus_4_5,llm_new,951,-0.9801863431930542
claude_opus_4_5,llm_new,960,-0.8652984499931335
claude_opus_4_5,llm_new,962,1.2072782516479492
claude_opus_4_5,llm_new,964,1.388527750968933
claude_opus_4_5,llm_new,971,-1.1346044540405273
claude_opus_4_5,llm_new,974,-0.986236572265625
claude_opus_4_5,llm_new,975,-1.1295967102050781
claude_opus_4_5,llm_new,976,-1.514486312866211
claude_opus_4_5,llm_new,978,-1.746933937072754
claude_opus_4_5,llm_new,979,-1.6362321376800537
claude_opus_4_5,llm_new,986,-1.351320743560791
claude_opus_4_5,llm_new,987,1.3705854415893555
claude_opus_4_5,llm_new,989,-0.9517067074775696
claude_opus_4_5,llm_new,990,-0.7426525354385376
claude_opus_4_5,llm_new,991,-0.7471067309379578
claude_opus_4_5,llm_new,992,-1.5509787797927856
claude_opus_4_5,llm_new,995,-1.8107069730758667
claude_opus_4_5,llm_new,996,-1.3599836826324463
claude_opus_4_5,llm_new,998,1.0626198053359985
claude_opus_4_5,llm_new,999,-1.2426778078079224
gpt_5_5,llm_new,1,1.2258704900741577
gpt_5_5,llm_new,3,0.9805235266685486
gpt_5_5,llm_new,4,2.353834867477417
gpt_5_5,llm_new,6,-1.0961414575576782
gpt_5_5,llm_new,7,2.388930320739746
gpt_5_5,llm_new,8,0.34485378861427307
gpt_5_5,llm_new,10,0.9480834007263184
gpt_5_5,llm_new,11,-2.313950538635254
gpt_5_5,llm_new,12,-0.7296989560127258
gpt_5_5,llm_new,13,-0.7942248582839966
gpt_5_5,llm_new,19,-2.0274674892425537
gpt_5_5,llm_new,24,-2.0736379623413086
gpt_5_5,llm_new,25,-1.506948709487915
gpt_5_5,llm_new,26,-0.7621665000915527
gpt_5_5,llm_new,29,-1.2697585821151733
gpt_5_5,llm_new,30,-1.9076341390609741
gpt_5_5,llm_new,31,-1.7962168455123901
gpt_5_5,llm_new,32,2.393357515335083
gpt_5_5,llm_new,34,-1.2532222270965576
gpt_5_5,llm_new,40,-0.57261723279953
gpt_5_5,llm_new,42,-0.7552971243858337
gpt_5_5,llm_new,43,-1.05344557762146
gpt_5_5,llm_new,44,-1.748847246170044
gpt_5_5,llm_new,45,-2.4178197383880615
gpt_5_5,llm_new,50,-2.241676092147827
gpt_5_5,llm_new,52,-1.3484429121017456
gpt_5_5,llm_new,55,1.479145884513855
gpt_5_5,llm_new,56,1.7459098100662231
gpt_5_5,llm_new,57,-2.2212421894073486
gpt_5_5,llm_new,60,1.5522381067276
gpt_5_5,llm_new,61,-1.2612463235855103
gpt_5_5,llm_new,62,-1.2628964185714722
gpt_5_5,llm_new,64,-2.2622218132019043
gpt_5_5,llm_new,66,1.9656926393508911
gpt_5_5,llm_new,67,0.46999192237854004
gpt_5_5,llm_new,68,2.079486846923828
gpt_5_5,llm_new,70,-1.8453270196914673
gpt_5_5,llm_new,71,0.42438340187072754
gpt_5_5,llm_new,73,-0.8534033298492432
gpt_5_5,llm_new,74,1.0012017488479614
gpt_5_5,llm_new,75,-2.3925936222076416
gpt_5_5,llm_new,77,-2.232164144515991
gpt_5_5,llm_new,78,-1.8168604373931885
gpt_5_5,llm_new,79,0.28504252433776855
gpt_5_5,llm_new,80,-2.0943450927734375
gpt_5_5,llm_new,82,1.1745833158493042
gpt_5_5,llm_new,83,2.164249897003174
gpt_5_5,llm_new,84,-1.3787212371826172
gpt_5_5,llm_new,85,-2.5069940090179443
gpt_5_5,llm_new,87,1.0023221969604492
gpt_5_5,llm_new,89,-0.47577589750289917
gpt_5_5,llm_new,90,0.013677372597157955
gpt_5_5,llm_new,91,-1.1944624185562134
gpt_5_5,llm_new,93,-2.0788686275482178
gpt_5_5,llm_new,95,-1.8096457719802856
gpt_5_5,llm_new,97,0.7551968097686768
gpt_5_5,llm_new,98,-0.6780440211296082
gpt_5_5,llm_new,101,-2.255617380142212
gpt_5_5,llm_new,102,-1.1364749670028687
gpt_5_5,llm_new,105,-2.361304998397827
gpt_5_5,llm_new,108,-1.9035438299179077
gpt_5_5,llm_new,109,-0.5384539365768433
gpt_5_5,llm_new,110,-0.8233503103256226
gpt_5_5,llm_new,111,-2.305779218673706
gpt_5_5,llm_new,114,2.498960018157959
gpt_5_5,llm_new,115,-0.17364364862442017
gpt_5_5,llm_new,119,2.1631927490234375
gpt_5_5,llm_new,121,0.8045887351036072
gpt_5_5,llm_new,126,2.4627416133880615
gpt_5_5,llm_new,132,-0.665569007396698
gpt_5_5,llm_new,133,-1.589919924736023
gpt_5_5,llm_new,134,-0.3279753625392914
gpt_5_5,llm_new,136,1.65408194065094
gpt_5_5,llm_new,137,-2.139925479888916
gpt_5_5,llm_new,138,-0.7095707058906555
gpt_5_5,llm_new,140,-2.2700722217559814
gpt_5_5,llm_new,141,0.28512412309646606
gpt_5_5,llm_new,142,2.2798588275909424
gpt_5_5,llm_new,145,0.1869400143623352
gpt_5_5,llm_new,146,1.6458677053451538
gpt_5_5,llm_new,149,0.8351526856422424
gpt_5_5,llm_new,156,-1.682153582572937
gpt_5_5,llm_new,159,-2.0532889366149902
gpt_5_5,llm_new,164,-2.211958885192871
gpt_5_5,llm_new,165,1.3477551937103271
gpt_5_5,llm_new,166,-0.7853214144706726
gpt_5_5,llm_new,168,2.282219171524048
gpt_5_5,llm_new,169,-1.7005856037139893
gpt_5_5,llm_new,170,-1.2262831926345825
gpt_5_5,llm_new,173,-1.5795574188232422
gpt_5_5,llm_new,174,0.4362933933734894
gpt_5_5,llm_new,175,0.36378854513168335
gpt_5_5,llm_new,177,-0.6897497177124023
gpt_5_5,llm_new,179,-0.7359444499015808
gpt_5_5,llm_new,182,-2.1848502159118652
gpt_5_5,llm_new,183,-1.6849972009658813
gpt_5_5,llm_new,185,-0.7412037253379822
gpt_5_5,llm_new,186,0.2905186414718628
gpt_5_5,llm_new,193,-0.6356534361839294
gpt_5_5,llm_new,194,-2.2578723430633545
gpt_5_5,llm_new,197,-1.795823335647583
gpt_5_5,llm_new,199,0.46076276898384094
gpt_5_5,llm_new,200,-2.2638208866119385
gpt_5_5,llm_new,205,-2.466805934906006
gpt_5_5,llm_new,209,0.6971223950386047
gpt_5_5,llm_new,210,2.3393006324768066
gpt_5_5,llm_new,211,0.395302414894104
gpt_5_5,llm_new,212,2.1631927490234375
gpt_5_5,llm_new,213,1.8696714639663696
gpt_5_5,llm_new,214,-0.3508613705635071
gpt_5_5,llm_new,216,2.326737403869629
gpt_5_5,llm_new,219,-1.6461759805679321
gpt_5_5,llm_new,221,2.398977041244507
gpt_5_5,llm_new,222,-2.305779218673706
gpt_5_5,llm_new,224,-2.216888189315796
gpt_5_5,llm_new,228,-1.229944109916687
gpt_5_5,llm_new,229,-2.2832632064819336
gpt_5_5,llm_new,232,0.3052235245704651
gpt_5_5,llm_new,235,2.4863345623016357
gpt_5_5,llm_new,236,0.4630112648010254
gpt_5_5,llm_new,238,-1.4256826639175415
gpt_5_5,llm_new,239,-1.2697585821151733
gpt_5_5,llm_new,240,1.1109868288040161
gpt_5_5,llm_new,245,-2.2700722217559814
gpt_5_5,llm_new,248,-2.502866506576538
gpt_5_5,llm_new,249,2.41030216217041
gpt_5_5,llm_new,250,-1.0811740159988403
gpt_5_5,llm_new,251,-2.113816022872925
gpt_5_5,llm_new,255,-2.0788252353668213
gpt_5_5,llm_new,257,2.2999000549316406
gpt_5_5,llm_new,260,-0.2794845700263977
gpt_5_5,llm_new,261,-2.2732365131378174
gpt_5_5,llm_new,262,-1.4326268434524536
gpt_5_5,llm_new,265,-1.7005856037139893
gpt_5_5,llm_new,266,-2.2673282623291016
gpt_5_5,llm_new,267,2.390843152999878
gpt_5_5,llm_new,273,1.571374773979187
gpt_5_5,llm_new,275,-2.1034371852874756
gpt_5_5,llm_new,276,0.9434146285057068
gpt_5_5,llm_new,278,-2.0013208389282227
gpt_5_5,llm_new,279,-0.09472602605819702
gpt_5_5,llm_new,281,-0.665569007396698
gpt_5_5,llm_new,282,1.300513744354248
gpt_5_5,llm_new,286,-2.1976492404937744
gpt_5_5,llm_new,287,-0.7004472613334656
gpt_5_5,llm_new,290,-2.090301275253296
gpt_5_5,llm_new,291,-1.2892118692398071
gpt_5_5,llm_new,292,-2.0110116004943848
gpt_5_5,llm_new,293,-1.70554780960083
gpt_5_5,llm_new,295,-0.020961850881576538
gpt_5_5,llm_new,297,1.9010546207427979
gpt_5_5,llm_new,299,0.3171200454235077
gpt_5_5,llm_new,300,1.2050033807754517
gpt_5_5,llm_new,301,-2.2800843715667725
gpt_5_5,llm_new,303,0.34485378861427307
gpt_5_5,llm_new,306,-0.05375932902097702
gpt_5_5,llm_new,307,2.283827304840088
gpt_5_5,llm_new,308,-1.724090576171875
gpt_5_5,llm_new,310,-2.353161096572876
gpt_5_5,llm_new,311,-1.6828227043151855
gpt_5_5,llm_new,312,2.1227595806121826
gpt_5_5,llm_new,313,1.1011528968811035
gpt_5_5,llm_new,315,2.0304551124572754
gpt_5_5,llm_new,317,1.1141446828842163
gpt_5_5,llm_new,319,0.5418010950088501
gpt_5_5,llm_new,320,-1.5795574188232422
gpt_5_5,llm_new,322,1.4704370498657227
gpt_5_5,llm_new,324,2.4118268489837646
gpt_5_5,llm_new,327,1.1482089757919312
gpt_5_5,llm_new,328,1.530875325202942
gpt_5_5,llm_new,329,1.1921371221542358
gpt_5_5,llm_new,330,2.154557943344116
gpt_5_5,llm_new,332,-2.504638910293579
gpt_5_5,llm_new,333,-0.665569007396698
gpt_5_5,llm_new,334,-2.0878827571868896
gpt_5_5,llm_new,335,1.1100084781646729
gpt_5_5,llm_new,337,-1.824360966682434
gpt_5_5,llm_new,339,-0.0688142478466034
gpt_5_5,llm_new,343,0.1869400143623352
gpt_5_5,llm_new,345,-1.72494637966156
gpt_5_5,llm_new,347,-2.255617380142212
gpt_5_5,llm_new,351,-1.214280128479004
gpt_5_5,llm_new,352,2.3840854167938232
gpt_5_5,llm_new,353,2.356830358505249
gpt_5_5,llm_new,355,-0.7618617415428162
gpt_5_5,llm_new,356,-2.489208459854126
gpt_5_5,llm_new,358,0.18373654782772064
gpt_5_5,llm_new,360,-2.5069940090179443
gpt_5_5,llm_new,361,2.202218770980835
gpt_5_5,llm_new,362,2.3881099224090576
gpt_5_5,llm_new,363,-0.8910491466522217
gpt_5_5,llm_new,364,-0.12281468510627747
gpt_5_5,llm_new,366,-0.8482568860054016
gpt_5_5,llm_new,368,-0.7971709370613098
gpt_5_5,llm_new,369,-1.599755883216858
gpt_5_5,llm_new,371,0.43623679876327515
gpt_5_5,llm_new,372,2.3083200454711914
gpt_5_5,llm_new,376,-2.2877330780029297
gpt_5_5,llm_new,378,-0.5035011172294617
gpt_5_5,llm_new,381,-1.8525370359420776
gpt_5_5,llm_new,382,-1.868583083152771
gpt_5_5,llm_new,383,-2.1782777309417725
gpt_5_5,llm_new,389,1.2333556413650513
gpt_5_5,llm_new,391,-2.1151342391967773
gpt_5_5,llm_new,394,2.2755627632141113
gpt_5_5,llm_new,395,0.8543510437011719
gpt_5_5,llm_new,397,-2.305331230163574
gpt_5_5,llm_new,399,-0.7394557595252991
gpt_5_5,llm_new,405,-0.5650944113731384
gpt_5_5,llm_new,406,1.031655192375183
gpt_5_5,llm_new,409,-0.8532882928848267
gpt_5_5,llm_new,410,0.3695227801799774
gpt_5_5,llm_new,412,-2.156679153442383
gpt_5_5,llm_new,413,-2.470320463180542
gpt_5_5,llm_new,417,2.3139026165008545
gpt_5_5,llm_new,418,-1.1944624185562134
gpt_5_5,llm_new,421,1.9815939664840698
gpt_5_5,llm_new,423,0.39205580949783325
gpt_5_5,llm_new,424,2.316709518432617
gpt_5_5,llm_new,425,-0.1946600079536438
gpt_5_5,llm_new,426,1.598191499710083
gpt_5_5,llm_new,427,-1.8444892168045044
gpt_5_5,llm_new,429,1.1853688955307007
gpt_5_5,llm_new,430,-2.4635679721832275
gpt_5_5,llm_new,431,-2.2433462142944336
gpt_5_5,llm_new,433,-1.1341177225112915
gpt_5_5,llm_new,434,2.289820909500122
gpt_5_5,llm_new,437,2.4024088382720947
gpt_5_5,llm_new,440,-1.64668869972229
gpt_5_5,llm_new,441,-0.22509875893592834
gpt_5_5,llm_new,443,-2.1996657848358154
gpt_5_5,llm_new,445,-2.4451751708984375
gpt_5_5,llm_new,446,2.289820909500122
gpt_5_5,llm_new,448,-1.4663423299789429
gpt_5_5,llm_new,449,-2.300274133682251
gpt_5_5,llm_new,450,-2.164231061935425
gpt_5_5,llm_new,451,0.12360349297523499
gpt_5_5,llm_new,452,1.3417755365371704
gpt_5_5,llm_new,454,0.1054176539182663
gpt_5_5,llm_new,457,-0.695772111415863
gpt_5_5,llm_new,458,-2.247647285461426
gpt_5_5,llm_new,463,-2.095331907272339
gpt_5_5,llm_new,465,-1.7453194856643677
gpt_5_5,llm_new,466,-1.1253397464752197
gpt_5_5,llm_new,468,1.530875325202942
gpt_5_5,llm_new,469,-1.4400087594985962
gpt_5_5,llm_new,478,1.7775688171386719
gpt_5_5,llm_new,479,2.414533853530884
gpt_5_5,llm_new,480,1.5683282613754272
gpt_5_5,llm_new,482,-2.211209535598755
gpt_5_5,llm_new,483,-2.4689183235168457
gpt_5_5,llm_new,484,0.28512412309646606
gpt_5_5,llm_new,486,-1.868760585784912
gpt_5_5,llm_new,487,-2.090301275253296
gpt_5_5,llm_new,491,-0.5838815569877625
gpt_5_5,llm_new,494,-2.1592156887054443
gpt_5_5,llm_new,495,2.4487757682800293
gpt_5_5,llm_new,496,1.6862646341323853
gpt_5_5,llm_new,498,-1.564976692199707
gpt_5_5,llm_new,500,-2.451171398162842
gpt_5_5,llm_new,501,2.3008317947387695
gpt_5_5,llm_new,502,1.1227892637252808
gpt_5_5,llm_new,507,-1.5000945329666138
gpt_5_5,llm_new,508,-2.1592156887054443
gpt_5_5,llm_new,514,-2.284600019454956
gpt_5_5,llm_new,515,-0.909658670425415
gpt_5_5,llm_new,517,0.43083202838897705
gpt_5_5,llm_new,519,0.5603358149528503
gpt_5_5,llm_new,520,0.7546321153640747
gpt_5_5,llm_new,522,-0.0643991231918335
gpt_5_5,llm_new,523,-2.094541549682617
gpt_5_5,llm_new,524,-0.25957953929901123
gpt_5_5,llm_new,526,-2.239499092102051
gpt_5_5,llm_new,527,-2.377285957336426
gpt_5_5,llm_new,528,-0.7114565968513489
gpt_5_5,llm_new,529,-1.0446261167526245
gpt_5_5,llm_new,530,-2.3369040489196777
gpt_5_5,llm_new,531,2.3007407188415527
gpt_5_5,llm_new,532,-2.289776563644409
gpt_5_5,llm_new,533,-0.4296232759952545
gpt_5_5,llm_new,534,-2.2700722217559814
gpt_5_5,llm_new,535,-2.245349168777466
gpt_5_5,llm_new,536,-0.70277339220047
gpt_5_5,llm_new,537,-2.1592156887054443
gpt_5_5,llm_new,540,-2.3160858154296875
gpt_5_5,llm_new,542,-2.3785133361816406
gpt_5_5,llm_new,543,2.2019050121307373
gpt_5_5,llm_new,544,1.8625227212905884
gpt_5_5,llm_new,545,-2.265397071838379
gpt_5_5,llm_new,546,-1.514839768409729
gpt_5_5,llm_new,548,0.04015157371759415
gpt_5_5,llm_new,549,-0.6372573971748352
gpt_5_5,llm_new,550,-1.8005034923553467
gpt_5_5,llm_new,553,0.779201090335846
gpt_5_5,llm_new,555,0.2628841996192932
gpt_5_5,llm_new,558,-1.753167748451233
gpt_5_5,llm_new,560,-0.12014329433441162
gpt_5_5,llm_new,568,-2.15107798576355
gpt_5_5,llm_new,569,-2.4004218578338623
gpt_5_5,llm_new,571,-2.3226492404937744
gpt_5_5,llm_new,573,0.2781731188297272
gpt_5_5,llm_new,576,-2.379279136657715
gpt_5_5,llm_new,577,-1.0446261167526245
gpt_5_5,llm_new,579,-2.2840211391448975
gpt_5_5,llm_new,581,-0.22509875893592834
gpt_5_5,llm_new,582,-1.6652648448944092
gpt_5_5,llm_new,583,0.46626290678977966
gpt_5_5,llm_new,584,2.393022298812866
gpt_5_5,llm_new,585,-0.30137139558792114
gpt_5_5,llm_new,586,0.28512412309646606
gpt_5_5,llm_new,588,-1.2798739671707153
gpt_5_5,llm_new,589,0.5749614238739014
gpt_5_5,llm_new,590,-1.9543591737747192
gpt_5_5,llm_new,591,-2.232164144515991
gpt_5_5,llm_new,594,-0.22509875893592834
gpt_5_5,llm_new,595,1.8113054037094116
gpt_5_5,llm_new,596,-2.31502366065979
gpt_5_5,llm_new,597,-0.5241034626960754
gpt_5_5,llm_new,598,-2.2671096324920654
gpt_5_5,llm_new,599,-1.9110878705978394
gpt_5_5,llm_new,600,-0.16878771781921387
gpt_5_5,llm_new,602,-2.1996009349823
gpt_5_5,llm_new,604,2.4364874362945557
gpt_5_5,llm_new,605,-0.034527167677879333
gpt_5_5,llm_new,606,2.4430735111236572
gpt_5_5,llm_new,612,-2.404174327850342
gpt_5_5,llm_new,614,-2.2670185565948486
gpt_5_5,llm_new,616,1.3840428590774536
gpt_5_5,llm_new,618,0.5729725956916809
gpt_5_5,llm_new,619,0.16471317410469055
gpt_5_5,llm_new,622,1.7092372179031372
gpt_5_5,llm_new,627,-2.2300517559051514
gpt_5_5,llm_new,629,-0.9005110859870911
gpt_5_5,llm_new,630,1.5814584493637085
gpt_5_5,llm_new,632,1.9647022485733032
gpt_5_5,llm_new,634,-1.6269234418869019
gpt_5_5,llm_new,635,-2.272312641143799
gpt_5_5,llm_new,636,-2.21382212638855
gpt_5_5,llm_new,637,2.2574918270111084
gpt_5_5,llm_new,639,-2.4451751708984375
gpt_5_5,llm_new,644,-2.2840211391448975
gpt_5_5,llm_new,645,-1.1703821420669556
gpt_5_5,llm_new,650,0.562949001789093
gpt_5_5,llm_new,651,2.440312623977661
gpt_5_5,llm_new,653,-2.3315913677215576
gpt_5_5,llm_new,654,-2.4097273349761963
gpt_5_5,llm_new,656,-0.36367613077163696
gpt_5_5,llm_new,657,-0.9005110859870911
gpt_5_5,llm_new,661,-1.506948709487915
gpt_5_5,llm_new,663,-0.7752933502197266
gpt_5_5,llm_new,665,-2.0788686275482178
gpt_5_5,llm_new,666,-1.1944624185562134
gpt_5_5,llm_new,669,-2.231243371963501
gpt_5_5,llm_new,670,2.1607630252838135
gpt_5_5,llm_new,671,1.2605715990066528
gpt_5_5,llm_new,674,-2.329530954360962
gpt_5_5,llm_new,678,2.04150128364563
gpt_5_5,llm_new,679,2.367626428604126
gpt_5_5,llm_new,680,0.8111770153045654
gpt_5_5,llm_new,683,-1.8462430238723755
gpt_5_5,llm_new,688,-2.329530954360962
gpt_5_5,llm_new,690,-0.16682685911655426
gpt_5_5,llm_new,693,-1.9064664840698242
gpt_5_5,llm_new,695,2.1737310886383057
gpt_5_5,llm_new,696,-1.2410520315170288
gpt_5_5,llm_new,697,-0.9505388140678406
gpt_5_5,llm_new,698,-1.926149606704712
gpt_5_5,llm_new,704,-1.8387724161148071
gpt_5_5,llm_new,706,1.5277777910232544
gpt_5_5,llm_new,707,-2.4451751708984375
gpt_5_5,llm_new,708,2.3912625312805176
gpt_5_5,llm_new,709,-2.4038608074188232
gpt_5_5,llm_new,711,0.3561970591545105
gpt_5_5,llm_new,712,-0.5699418187141418
gpt_5_5,llm_new,714,0.46958231925964355
gpt_5_5,llm_new,715,-0.15861079096794128
gpt_5_5,llm_new,716,0.5444833636283875
gpt_5_5,llm_new,717,-0.6542735695838928
gpt_5_5,llm_new,718,0.9125954508781433
gpt_5_5,llm_new,722,-2.389291524887085
gpt_5_5,llm_new,723,-2.451171398162842
gpt_5_5,llm_new,729,-1.5000945329666138
gpt_5_5,llm_new,732,-2.211209535598755
gpt_5_5,llm_new,735,0.8340901136398315
gpt_5_5,llm_new,738,2.1354310512542725
gpt_5_5,llm_new,741,-2.2861311435699463
gpt_5_5,llm_new,742,-2.19315505027771
gpt_5_5,llm_new,746,-1.317681908607483
gpt_5_5,llm_new,750,-2.3326334953308105
gpt_5_5,llm_new,754,0.9589325189590454
gpt_5_5,llm_new,757,0.8638131022453308
gpt_5_5,llm_new,758,0.051847994327545166
gpt_5_5,llm_new,762,-0.17995835840702057
gpt_5_5,llm_new,765,1.5130436420440674
gpt_5_5,llm_new,768,1.6779924631118774
gpt_5_5,llm_new,774,1.329576849937439
gpt_5_5,llm_new,775,-0.1946600079536438
gpt_5_5,llm_new,778,-0.6230476498603821
gpt_5_5,llm_new,779,-1.197414755821228
gpt_5_5,llm_new,782,-1.5433343648910522
gpt_5_5,llm_new,784,0.2830135226249695
gpt_5_5,llm_new,788,0.11116446554660797
gpt_5_5,llm_new,790,-2.3833296298980713
gpt_5_5,llm_new,793,-0.3093414604663849
gpt_5_5,llm_new,797,0.27507326006889343
gpt_5_5,llm_new,798,0.34388160705566406
gpt_5_5,llm_new,799,-2.3226492404937744
gpt_5_5,llm_new,800,-0.9939231276512146
gpt_5_5,llm_new,801,1.5496805906295776
gpt_5_5,llm_new,803,-2.232164144515991
gpt_5_5,llm_new,811,-1.7858617305755615
gpt_5_5,llm_new,812,-1.8459032773971558
gpt_5_5,llm_new,814,-0.1183440089225769
gpt_5_5,llm_new,817,-0.48030591011047363
gpt_5_5,llm_new,818,0.3014398515224457
gpt_5_5,llm_new,821,-1.5899919271469116
gpt_5_5,llm_new,823,2.3967459201812744
gpt_5_5,llm_new,824,-2.473355531692505
gpt_5_5,llm_new,825,-1.973770260810852
gpt_5_5,llm_new,827,1.6378768682479858
gpt_5_5,llm_new,828,-0.9374251961708069
gpt_5_5,llm_new,830,-2.3467981815338135
gpt_5_5,llm_new,833,-2.3614790439605713
gpt_5_5,llm_new,837,2.3407363891601562
gpt_5_5,llm_new,838,-2.211209535598755
gpt_5_5,llm_new,846,0.6971223950386047
gpt_5_5,llm_new,850,-1.9526060819625854
gpt_5_5,llm_new,853,-2.305699586868286
gpt_5_5,llm_new,860,0.4685215651988983
gpt_5_5,llm_new,866,-1.614022135734558
gpt_5_5,llm_new,867,0.31115150451660156
gpt_5_5,llm_new,868,2.2309818267822266
gpt_5_5,llm_new,869,2.1410887241363525
gpt_5_5,llm_new,871,-2.3761303424835205
gpt_5_5,llm_new,873,-2.296905755996704
gpt_5_5,llm_new,874,-1.9388244152069092
gpt_5_5,llm_new,877,-1.994465947151184
gpt_5_5,llm_new,880,1.7827260494232178
gpt_5_5,llm_new,882,-1.7269079685211182
gpt_5_5,llm_new,883,-1.476102352142334
gpt_5_5,llm_new,884,0.24864548444747925
gpt_5_5,llm_new,885,0.34388160705566406
gpt_5_5,llm_new,886,2.403944730758667
gpt_5_5,llm_new,893,1.5022374391555786
gpt_5_5,llm_new,894,2.1631927490234375
gpt_5_5,llm_new,895,2.368964672088623
gpt_5_5,llm_new,896,-0.1946600079536438
gpt_5_5,llm_new,897,-1.6413465738296509
gpt_5_5,llm_new,900,-1.753441572189331
gpt_5_5,llm_new,901,0.5275219082832336
gpt_5_5,llm_new,902,-2.0359909534454346
gpt_5_5,llm_new,903,-0.2804141342639923
gpt_5_5,llm_new,904,0.7038898468017578
gpt_5_5,llm_new,905,-1.1198407411575317
gpt_5_5,llm_new,908,1.6596225500106812
gpt_5_5,llm_new,911,0.013714536093175411
gpt_5_5,llm_new,915,-0.9912453889846802
gpt_5_5,llm_new,917,0.7694854140281677
gpt_5_5,llm_new,918,-0.5489503741264343
gpt_5_5,llm_new,919,-2.313950538635254
gpt_5_5,llm_new,921,-0.008543686009943485
gpt_5_5,llm_new,922,-2.3903839588165283
gpt_5_5,llm_new,923,-0.2704044580459595
gpt_5_5,llm_new,924,-1.9388244152069092
gpt_5_5,llm_new,925,1.6910089254379272
gpt_5_5,llm_new,926,-2.3576300144195557
gpt_5_5,llm_new,927,-1.5657973289489746
gpt_5_5,llm_new,931,-2.3160858154296875
gpt_5_5,llm_new,934,-2.4457859992980957
gpt_5_5,llm_new,935,0.9041723608970642
gpt_5_5,llm_new,936,-1.633848786354065
gpt_5_5,llm_new,937,-2.3903839588165283
gpt_5_5,llm_new,939,-1.1757426261901855
gpt_5_5,llm_new,940,-2.1128556728363037
gpt_5_5,llm_new,942,1.8072789907455444
gpt_5_5,llm_new,943,2.3007407188415527
gpt_5_5,llm_new,947,-2.3422763347625732
gpt_5_5,llm_new,948,-1.9617160558700562
gpt_5_5,llm_new,949,-0.5755690932273865
gpt_5_5,llm_new,950,-0.035625115036964417
gpt_5_5,llm_new,951,-1.2966216802597046
gpt_5_5,llm_new,960,-0.9725074172019958
gpt_5_5,llm_new,962,2.053251028060913
gpt_5_5,llm_new,964,1.87920343875885
gpt_5_5,llm_new,971,-1.4809521436691284
gpt_5_5,llm_new,974,-1.8453270196914673
gpt_5_5,llm_new,975,-1.7232733964920044
gpt_5_5,llm_new,976,-2.1953208446502686
gpt_5_5,llm_new,978,-2.3092846870422363
gpt_5_5,llm_new,979,-2.346271514892578
gpt_5_5,llm_new,986,-2.119858503341675
gpt_5_5,llm_new,987,2.3881099224090576
gpt_5_5,llm_new,989,-1.1253397464752197
gpt_5_5,llm_new,990,-0.9746436476707458
gpt_5_5,llm_new,991,-0.9278853535652161
gpt_5_5,llm_new,992,-2.2338597774505615
gpt_5_5,llm_new,995,-2.247647285461426
gpt_5_5,llm_new,996,-1.984575867652893
gpt_5_5,llm_new,998,2.1410887241363525
gpt_5_5,llm_new,999,-1.9318914413452148
gemini_3_5_flash,llm_new,1,0.8961057662963867
gemini_3_5_flash,llm_new,3,1.1661272048950195
gemini_3_5_flash,llm_new,4,1.226560354232788
gemini_3_5_flash,llm_new,6,-0.5590041875839233
gemini_3_5_flash,llm_new,7,0.5784867405891418
gemini_3_5_flash,llm_new,8,0.07319559156894684
gemini_3_5_flash,llm_new,10,0.9125314354896545
gemini_3_5_flash,llm_new,11,-1.897879719734192
gemini_3_5_flash,llm_new,12,0.46015405654907227
gemini_3_5_flash,llm_new,13,-0.4464971125125885
gemini_3_5_flash,llm_new,19,-0.6886054277420044
gemini_3_5_flash,llm_new,24,-1.6665536165237427
gemini_3_5_flash,llm_new,25,0.8163470029830933
gemini_3_5_flash,llm_new,26,-1.0369925498962402
gemini_3_5_flash,llm_new,29,-0.7852022051811218
gemini_3_5_flash,llm_new,30,-1.7384707927703857
gemini_3_5_flash,llm_new,31,-0.7392414212226868
gemini_3_5_flash,llm_new,32,0.9628085494041443
gemini_3_5_flash,llm_new,34,-0.3573630154132843
gemini_3_5_flash,llm_new,40,-0.381195992231369
gemini_3_5_flash,llm_new,42,-0.0485975556075573
gemini_3_5_flash,llm_new,43,-1.288910150527954
gemini_3_5_flash,llm_new,44,-1.9916424751281738
gemini_3_5_flash,llm_new,45,-0.47339996695518494
gemini_3_5_flash,llm_new,50,-1.862175703048706
gemini_3_5_flash,llm_new,52,-1.2871294021606445
gemini_3_5_flash,llm_new,55,0.9112342000007629
gemini_3_5_flash,llm_new,56,1.6252665519714355
gemini_3_5_flash,llm_new,57,-1.4084954261779785
gemini_3_5_flash,llm_new,60,0.11291453242301941
gemini_3_5_flash,llm_new,61,-0.9999133944511414
gemini_3_5_flash,llm_new,62,-1.3066591024398804
gemini_3_5_flash,llm_new,64,-1.8683370351791382
gemini_3_5_flash,llm_new,66,0.9691014885902405
gemini_3_5_flash,llm_new,67,0.6531370282173157
gemini_3_5_flash,llm_new,68,1.173276662826538
gemini_3_5_flash,llm_new,70,-1.441894292831421
gemini_3_5_flash,llm_new,71,1.2673276662826538
gemini_3_5_flash,llm_new,73,-0.25261619687080383
gemini_3_5_flash,llm_new,74,0.10549715161323547
gemini_3_5_flash,llm_new,75,-1.19423246383667
gemini_3_5_flash,llm_new,77,-1.7687804698944092
gemini_3_5_flash,llm_new,78,-1.7120400667190552
gemini_3_5_flash,llm_new,79,0.4808650314807892
gemini_3_5_flash,llm_new,80,-1.0906832218170166
gemini_3_5_flash,llm_new,82,1.3028886318206787
gemini_3_5_flash,llm_new,83,0.9711509346961975
gemini_3_5_flash,llm_new,84,-0.9048452973365784
gemini_3_5_flash,llm_new,85,-1.934236764907837
gemini_3_5_flash,llm_new,87,0.16906270384788513
gemini_3_5_flash,llm_new,89,-0.7462097406387329
gemini_3_5_flash,llm_new,90,0.6384796500205994
gemini_3_5_flash,llm_new,91,-1.0291218757629395
gemini_3_5_flash,llm_new,93,-1.0654842853546143
gemini_3_5_flash,llm_new,95,-1.6927427053451538
gemini_3_5_flash,llm_new,97,0.9567399621009827
gemini_3_5_flash,llm_new,98,-0.6850665211677551
gemini_3_5_flash,llm_new,101,-1.8611462116241455
gemini_3_5_flash,llm_new,102,0.3520468473434448
gemini_3_5_flash,llm_new,105,-1.9237250089645386
gemini_3_5_flash,llm_new,108,-1.6458849906921387
gemini_3_5_flash,llm_new,109,0.0989152044057846
gemini_3_5_flash,llm_new,110,-0.13264265656471252
gemini_3_5_flash,llm_new,111,-1.9885485172271729
gemini_3_5_flash,llm_new,114,0.8623161911964417
gemini_3_5_flash,llm_new,115,0.5129059553146362
gemini_3_5_flash,llm_new,119,1.1963204145431519
gemini_3_5_flash,llm_new,121,0.8728563785552979
gemini_3_5_flash,llm_new,126,1.1392617225646973
gemini_3_5_flash,llm_new,132,-0.6243069171905518
gemini_3_5_flash,llm_new,133,-0.0996219664812088
gemini_3_5_flash,llm_new,134,-0.14206233620643616
gemini_3_5_flash,llm_new,136,0.281136155128479
gemini_3_5_flash,llm_new,137,-1.1422839164733887
gemini_3_5_flash,llm_new,138,0.84051513671875
gemini_3_5_flash,llm_new,140,-1.9541993141174316
gemini_3_5_flash,llm_new,141,-0.4959206283092499
gemini_3_5_flash,llm_new,142,1.200897455215454
gemini_3_5_flash,llm_new,145,0.5626627802848816
gemini_3_5_flash,llm_new,146,1.0157856941223145
gemini_3_5_flash,llm_new,149,1.537775993347168
gemini_3_5_flash,llm_new,156,-1.665097713470459
gemini_3_5_flash,llm_new,159,-0.9469218254089355
gemini_3_5_flash,llm_new,164,-1.902340054512024
gemini_3_5_flash,llm_new,165,0.8661543726921082
gemini_3_5_flash,llm_new,166,-1.0642322301864624
gemini_3_5_flash,llm_new,168,1.7047924995422363
gemini_3_5_flash,llm_new,169,-1.632362723350525
gemini_3_5_flash,llm_new,170,-0.18650218844413757
gemini_3_5_flash,llm_new,173,-1.559929609298706
gemini_3_5_flash,llm_new,174,0.8401873707771301
gemini_3_5_flash,llm_new,175,0.6781362891197205
gemini_3_5_flash,llm_new,177,-0.276173859834671
gemini_3_5_flash,llm_new,179,1.0188592672348022
gemini_3_5_flash,llm_new,182,-1.8974336385726929
gemini_3_5_flash,llm_new,183,-1.518936038017273
gemini_3_5_flash,llm_new,185,0.3638800084590912
gemini_3_5_flash,llm_new,186,0.061009231954813004
gemini_3_5_flash,llm_new,193,-0.9852431416511536
gemini_3_5_flash,llm_new,194,-1.8683421611785889
gemini_3_5_flash,llm_new,197,-1.380624532699585
gemini_3_5_flash,llm_new,199,1.1418638229370117
gemini_3_5_flash,llm_new,200,-1.9476265907287598
gemini_3_5_flash,llm_new,205,-1.7498226165771484
gemini_3_5_flash,llm_new,209,0.8047774434089661
gemini_3_5_flash,llm_new,210,0.6520962715148926
gemini_3_5_flash,llm_new,211,0.570219099521637
gemini_3_5_flash,llm_new,212,1.1963204145431519
gemini_3_5_flash,llm_new,213,1.1461734771728516
gemini_3_5_flash,llm_new,214,-0.5491606593132019
gemini_3_5_flash,llm_new,216,1.941358208656311
gemini_3_5_flash,llm_new,219,-1.4216259717941284
gemini_3_5_flash,llm_new,221,0.49335145950317383
gemini_3_5_flash,llm_new,222,-1.9885485172271729
gemini_3_5_flash,llm_new,224,-1.7742888927459717
gemini_3_5_flash,llm_new,228,-1.4731496572494507
gemini_3_5_flash,llm_new,229,-1.8860037326812744
gemini_3_5_flash,llm_new,232,0.435939222574234
gemini_3_5_flash,llm_new,235,0.9089992642402649
gemini_3_5_flash,llm_new,236,0.8098040819168091
gemini_3_5_flash,llm_new,238,-1.4870518445968628
gemini_3_5_flash,llm_new,239,-0.7852022051811218
gemini_3_5_flash,llm_new,240,1.086181879043579
gemini_3_5_flash,llm_new,245,-1.9541993141174316
gemini_3_5_flash,llm_new,248,-1.9342241287231445
gemini_3_5_flash,llm_new,249,1.8382189273834229
gemini_3_5_flash,llm_new,250,-1.3051681518554688
gemini_3_5_flash,llm_new,251,-0.6711990237236023
gemini_3_5_flash,llm_new,255,-0.3963480293750763
gemini_3_5_flash,llm_new,257,1.9406781196594238
gemini_3_5_flash,llm_new,260,-0.50485759973526
gemini_3_5_flash,llm_new,261,-1.8766257762908936
gemini_3_5_flash,llm_new,262,-1.3836517333984375
gemini_3_5_flash,llm_new,265,-1.632362723350525
gemini_3_5_flash,llm_new,266,-1.8607072830200195
gemini_3_5_flash,llm_new,267,0.5749697089195251
gemini_3_5_flash,llm_new,273,0.9235615134239197
gemini_3_5_flash,llm_new,275,-1.605881690979004
gemini_3_5_flash,llm_new,276,0.5351012945175171
gemini_3_5_flash,llm_new,278,-1.9765703678131104
gemini_3_5_flash,llm_new,279,0.3616751730442047
gemini_3_5_flash,llm_new,281,-0.6243069171905518
gemini_3_5_flash,llm_new,282,0.17471686005592346
gemini_3_5_flash,llm_new,286,-1.8185831308364868
gemini_3_5_flash,llm_new,287,-0.39348092675209045
gemini_3_5_flash,llm_new,290,-1.1357524394989014
gemini_3_5_flash,llm_new,291,-1.4591917991638184
gemini_3_5_flash,llm_new,292,-1.1697747707366943
gemini_3_5_flash,llm_new,293,-1.4571523666381836
gemini_3_5_flash,llm_new,295,0.6887063384056091
gemini_3_5_flash,llm_new,297,1.9795236587524414
gemini_3_5_flash,llm_new,299,0.050235677510499954
gemini_3_5_flash,llm_new,300,0.9947556853294373
gemini_3_5_flash,llm_new,301,-1.8768737316131592
gemini_3_5_flash,llm_new,303,0.07319559156894684
gemini_3_5_flash,llm_new,306,-0.2191489040851593
gemini_3_5_flash,llm_new,307,1.1875836849212646
gemini_3_5_flash,llm_new,308,0.2494414895772934
gemini_3_5_flash,llm_new,310,-1.9104795455932617
gemini_3_5_flash,llm_new,311,-1.0373092889785767
gemini_3_5_flash,llm_new,312,1.1848297119140625
gemini_3_5_flash,llm_new,313,0.9044085144996643
gemini_3_5_flash,llm_new,315,1.2613848447799683
gemini_3_5_flash,llm_new,317,0.963056743144989
gemini_3_5_flash,llm_new,319,-0.2569669485092163
gemini_3_5_flash,llm_new,320,-1.559929609298706
gemini_3_5_flash,llm_new,322,0.9069955945014954
gemini_3_5_flash,llm_new,324,1.8159382343292236
gemini_3_5_flash,llm_new,327,0.18335217237472534
gemini_3_5_flash,llm_new,328,1.0740599632263184
gemini_3_5_flash,llm_new,329,0.860001266002655
gemini_3_5_flash,llm_new,330,1.5942882299423218
gemini_3_5_flash,llm_new,332,-1.9340245723724365
gemini_3_5_flash,llm_new,333,-0.6243069171905518
gemini_3_5_flash,llm_new,334,-1.8516464233398438
gemini_3_5_flash,llm_new,335,0.3703555762767792
gemini_3_5_flash,llm_new,337,-1.1510828733444214
gemini_3_5_flash,llm_new,339,-0.3311675488948822
gemini_3_5_flash,llm_new,343,0.5626627802848816
gemini_3_5_flash,llm_new,345,-1.3857166767120361
gemini_3_5_flash,llm_new,347,-1.8611462116241455
gemini_3_5_flash,llm_new,351,-1.3667778968811035
gemini_3_5_flash,llm_new,352,0.6077965497970581
gemini_3_5_flash,llm_new,353,0.6061022877693176
gemini_3_5_flash,llm_new,355,-0.5988595485687256
gemini_3_5_flash,llm_new,356,-1.918999195098877
gemini_3_5_flash,llm_new,358,0.2867633104324341
gemini_3_5_flash,llm_new,360,-1.934236764907837
gemini_3_5_flash,llm_new,361,0.40416833758354187
gemini_3_5_flash,llm_new,362,0.58943110704422
gemini_3_5_flash,llm_new,363,-0.07442791759967804
gemini_3_5_flash,llm_new,364,-0.25356802344322205
gemini_3_5_flash,llm_new,366,-0.9961375594139099
gemini_3_5_flash,llm_new,368,-0.20486736297607422
gemini_3_5_flash,llm_new,369,-1.9088691473007202
gemini_3_5_flash,llm_new,371,1.6074278354644775
gemini_3_5_flash,llm_new,372,0.5097537040710449
gemini_3_5_flash,llm_new,376,-1.8770787715911865
gemini_3_5_flash,llm_new,378,0.21688969433307648
gemini_3_5_flash,llm_new,381,-1.4041075706481934
gemini_3_5_flash,llm_new,382,-1.2791037559509277
gemini_3_5_flash,llm_new,383,-1.5654022693634033
gemini_3_5_flash,llm_new,389,0.9232194423675537
gemini_3_5_flash,llm_new,391,-0.7665615677833557
gemini_3_5_flash,llm_new,394,0.2813566327095032
gemini_3_5_flash,llm_new,395,0.9390177726745605
gemini_3_5_flash,llm_new,397,-1.9823510646820068
gemini_3_5_flash,llm_new,399,-0.9332893490791321
gemini_3_5_flash,llm_new,405,0.1400710642337799
gemini_3_5_flash,llm_new,406,0.9381236433982849
gemini_3_5_flash,llm_new,409,-1.1758478879928589
gemini_3_5_flash,llm_new,410,0.6116374135017395
gemini_3_5_flash,llm_new,412,-0.827853262424469
gemini_3_5_flash,llm_new,413,-1.807547688484192
gemini_3_5_flash,llm_new,417,0.9778652787208557
gemini_3_5_flash,llm_new,418,-1.0291218757629395
gemini_3_5_flash,llm_new,421,0.28402993083000183
gemini_3_5_flash,llm_new,423,1.1205525398254395
gemini_3_5_flash,llm_new,424,1.6366400718688965
gemini_3_5_flash,llm_new,425,-0.08231362700462341
gemini_3_5_flash,llm_new,426,1.3543964624404907
gemini_3_5_flash,llm_new,427,0.2460005134344101
gemini_3_5_flash,llm_new,429,1.1672710180282593
gemini_3_5_flash,llm_new,430,-1.8497841358184814
gemini_3_5_flash,llm_new,431,-1.9285762310028076
gemini_3_5_flash,llm_new,433,-1.2095378637313843
gemini_3_5_flash,llm_new,434,0.5360856652259827
gemini_3_5_flash,llm_new,437,1.4799654483795166
gemini_3_5_flash,llm_new,440,-1.5967057943344116
gemini_3_5_flash,llm_new,441,0.4724161922931671
gemini_3_5_flash,llm_new,443,-0.7860291004180908
gemini_3_5_flash,llm_new,445,-1.7030973434448242
gemini_3_5_flash,llm_new,446,0.5360856652259827
gemini_3_5_flash,llm_new,448,-0.3297843039035797
gemini_3_5_flash,llm_new,449,-1.8970779180526733
gemini_3_5_flash,llm_new,450,-1.650892972946167
gemini_3_5_flash,llm_new,451,0.28020527958869934
gemini_3_5_flash,llm_new,452,0.20386764407157898
gemini_3_5_flash,llm_new,454,0.01717628911137581
gemini_3_5_flash,llm_new,457,0.07638697326183319
gemini_3_5_flash,llm_new,458,-1.9321715831756592
gemini_3_5_flash,llm_new,463,-1.4753389358520508
gemini_3_5_flash,llm_new,465,-1.6534669399261475
gemini_3_5_flash,llm_new,466,-0.18588538467884064
gemini_3_5_flash,llm_new,468,1.0740599632263184
gemini_3_5_flash,llm_new,469,0.1566513478755951
gemini_3_5_flash,llm_new,478,0.07152625918388367
gemini_3_5_flash,llm_new,479,0.2805088758468628
gemini_3_5_flash,llm_new,480,1.2270278930664062
gemini_3_5_flash,llm_new,482,-1.904850721359253
gemini_3_5_flash,llm_new,483,-1.823136329650879
gemini_3_5_flash,llm_new,484,-0.4959206283092499
gemini_3_5_flash,llm_new,486,-1.334222674369812
gemini_3_5_flash,llm_new,487,-1.1357524394989014
gemini_3_5_flash,llm_new,491,0.12349241971969604
gemini_3_5_flash,llm_new,494,-1.8837380409240723
gemini_3_5_flash,llm_new,495,0.6276301145553589
gemini_3_5_flash,llm_new,496,0.28781408071517944
gemini_3_5_flash,llm_new,498,-1.4848716259002686
gemini_3_5_flash,llm_new,500,-1.7288334369659424
gemini_3_5_flash,llm_new,501,0.4812805652618408
gemini_3_5_flash,llm_new,502,0.14213451743125916
gemini_3_5_flash,llm_new,507,-1.0735481977462769
gemini_3_5_flash,llm_new,508,-1.8837380409240723
gemini_3_5_flash,llm_new,514,-1.868421196937561
gemini_3_5_flash,llm_new,515,-0.1888628751039505
gemini_3_5_flash,llm_new,517,0.8939616084098816
gemini_3_5_flash,llm_new,519,1.6551581621170044
gemini_3_5_flash,llm_new,520,0.8881105184555054
gemini_3_5_flash,llm_new,522,-0.03367288038134575
gemini_3_5_flash,llm_new,523,-1.8459343910217285
gemini_3_5_flash,llm_new,524,-0.11087062954902649
gemini_3_5_flash,llm_new,526,-1.8623926639556885
gemini_3_5_flash,llm_new,527,-0.5701749324798584
gemini_3_5_flash,llm_new,528,-0.03701069578528404
gemini_3_5_flash,llm_new,529,-0.877773106098175
gemini_3_5_flash,llm_new,530,-1.4795536994934082
gemini_3_5_flash,llm_new,531,0.5250658392906189
gemini_3_5_flash,llm_new,532,-1.9578943252563477
gemini_3_5_flash,llm_new,533,-0.20771467685699463
gemini_3_5_flash,llm_new,534,-1.9541993141174316
gemini_3_5_flash,llm_new,535,-1.3251198530197144
gemini_3_5_flash,llm_new,536,-0.8951261639595032
gemini_3_5_flash,llm_new,537,-1.8837380409240723
gemini_3_5_flash,llm_new,540,-1.8763481378555298
gemini_3_5_flash,llm_new,542,-1.5519856214523315
gemini_3_5_flash,llm_new,543,1.9885222911834717
gemini_3_5_flash,llm_new,544,0.79130619764328
gemini_3_5_flash,llm_new,545,-1.8167622089385986
gemini_3_5_flash,llm_new,546,-0.67171311378479
gemini_3_5_flash,llm_new,548,0.20660671591758728
gemini_3_5_flash,llm_new,549,-0.3409107029438019
gemini_3_5_flash,llm_new,550,0.20598746836185455
gemini_3_5_flash,llm_new,553,0.15740683674812317
gemini_3_5_flash,llm_new,555,0.4461107850074768
gemini_3_5_flash,llm_new,558,-0.7387571334838867
gemini_3_5_flash,llm_new,560,0.5922908186912537
gemini_3_5_flash,llm_new,568,-1.6418213844299316
gemini_3_5_flash,llm_new,569,-1.990497350692749
gemini_3_5_flash,llm_new,571,-1.901048183441162
gemini_3_5_flash,llm_new,573,-0.6223992705345154
gemini_3_5_flash,llm_new,576,-2.0076887607574463
gemini_3_5_flash,llm_new,577,-0.877773106098175
gemini_3_5_flash,llm_new,579,-1.9514424800872803
gemini_3_5_flash,llm_new,581,0.4724161922931671
gemini_3_5_flash,llm_new,582,-1.3593404293060303
gemini_3_5_flash,llm_new,583,0.6951856017112732
gemini_3_5_flash,llm_new,584,0.29632899165153503
gemini_3_5_flash,llm_new,585,0.35142797231674194
gemini_3_5_flash,llm_new,586,-0.4959206283092499
gemini_3_5_flash,llm_new,588,-0.2335813343524933
gemini_3_5_flash,llm_new,589,0.21306166052818298
gemini_3_5_flash,llm_new,590,-0.8837010264396667
gemini_3_5_flash,llm_new,591,-1.7687804698944092
gemini_3_5_flash,llm_new,594,0.4724161922931671
gemini_3_5_flash,llm_new,595,1.1449482440948486
gemini_3_5_flash,llm_new,596,-1.8868076801300049
gemini_3_5_flash,llm_new,597,-0.050033073872327805
gemini_3_5_flash,llm_new,598,-1.8763781785964966
gemini_3_5_flash,llm_new,599,-1.7610642910003662
gemini_3_5_flash,llm_new,600,0.4389033615589142
gemini_3_5_flash,llm_new,602,-1.9088196754455566
gemini_3_5_flash,llm_new,604,0.5565360188484192
gemini_3_5_flash,llm_new,605,-0.04268261417746544
gemini_3_5_flash,llm_new,606,1.9387142658233643
gemini_3_5_flash,llm_new,612,-1.8656288385391235
gemini_3_5_flash,llm_new,614,-1.8683536052703857
gemini_3_5_flash,llm_new,616,-0.07703964412212372
gemini_3_5_flash,llm_new,618,0.7394548058509827
gemini_3_5_flash,llm_new,619,0.9622326493263245
gemini_3_5_flash,llm_new,622,0.2597576677799225
gemini_3_5_flash,llm_new,627,-1.5644757747650146
gemini_3_5_flash,llm_new,629,-0.9640887379646301
gemini_3_5_flash,llm_new,630,0.9464021921157837
gemini_3_5_flash,llm_new,632,0.2505650818347931
gemini_3_5_flash,llm_new,634,-0.5622572898864746
gemini_3_5_flash,llm_new,635,-1.8683860301971436
gemini_3_5_flash,llm_new,636,-1.2562427520751953
gemini_3_5_flash,llm_new,637,0.5617154836654663
gemini_3_5_flash,llm_new,639,-1.7030973434448242
gemini_3_5_flash,llm_new,644,-1.9514424800872803
gemini_3_5_flash,llm_new,645,-0.7019158601760864
gemini_3_5_flash,llm_new,650,0.11060111224651337
gemini_3_5_flash,llm_new,651,1.2023024559020996
gemini_3_5_flash,llm_new,653,-1.910509467124939
gemini_3_5_flash,llm_new,654,-1.6079373359680176
gemini_3_5_flash,llm_new,656,-0.4860045611858368
gemini_3_5_flash,llm_new,657,-0.9640887379646301
gemini_3_5_flash,llm_new,661,0.8163470029830933
gemini_3_5_flash,llm_new,663,-0.02314944937825203
gemini_3_5_flash,llm_new,665,-1.0654842853546143
gemini_3_5_flash,llm_new,666,-1.0291218757629395
gemini_3_5_flash,llm_new,669,-1.8580976724624634
gemini_3_5_flash,llm_new,670,1.1595131158828735
gemini_3_5_flash,llm_new,671,0.6595057249069214
gemini_3_5_flash,llm_new,674,-1.8979140520095825
gemini_3_5_flash,llm_new,678,0.43958255648612976
gemini_3_5_flash,llm_new,679,0.6171335577964783
gemini_3_5_flash,llm_new,680,0.01958191767334938
gemini_3_5_flash,llm_new,683,-0.8212023973464966
gemini_3_5_flash,llm_new,688,-1.8979140520095825
gemini_3_5_flash,llm_new,690,0.5056178569793701
gemini_3_5_flash,llm_new,693,-0.6796397566795349
gemini_3_5_flash,llm_new,695,0.42799144983291626
gemini_3_5_flash,llm_new,696,-0.883933961391449
gemini_3_5_flash,llm_new,697,-0.13639667630195618
gemini_3_5_flash,llm_new,698,-1.7281520366668701
gemini_3_5_flash,llm_new,704,-0.5696864724159241
gemini_3_5_flash,llm_new,706,0.9445019364356995
gemini_3_5_flash,llm_new,707,-1.7030973434448242
gemini_3_5_flash,llm_new,708,0.5511584281921387
gemini_3_5_flash,llm_new,709,-1.9984002113342285
gemini_3_5_flash,llm_new,711,0.6761554479598999
gemini_3_5_flash,llm_new,712,-0.4111616313457489
gemini_3_5_flash,llm_new,714,1.1594175100326538
gemini_3_5_flash,llm_new,715,0.1703733205795288
gemini_3_5_flash,llm_new,716,0.017135072499513626
gemini_3_5_flash,llm_new,717,0.009310785681009293
gemini_3_5_flash,llm_new,718,0.7437415719032288
gemini_3_5_flash,llm_new,722,-1.978370189666748
gemini_3_5_flash,llm_new,723,-1.7288334369659424
gemini_3_5_flash,llm_new,729,-1.0735481977462769
gemini_3_5_flash,llm_new,732,-1.904850721359253
gemini_3_5_flash,llm_new,735,0.05787542834877968
gemini_3_5_flash,llm_new,738,0.39668694138526917
gemini_3_5_flash,llm_new,741,-1.927595615386963
gemini_3_5_flash,llm_new,742,0.1373152732849121
gemini_3_5_flash,llm_new,746,-1.602792501449585
gemini_3_5_flash,llm_new,750,0.06476794183254242
gemini_3_5_flash,llm_new,754,0.9680360555648804
gemini_3_5_flash,llm_new,757,0.8861721754074097
gemini_3_5_flash,llm_new,758,-0.6761882305145264
gemini_3_5_flash,llm_new,762,0.3536326587200165
gemini_3_5_flash,llm_new,765,0.34888508915901184
gemini_3_5_flash,llm_new,768,0.41955652832984924
gemini_3_5_flash,llm_new,774,1.085204005241394
gemini_3_5_flash,llm_new,775,-0.08231362700462341
gemini_3_5_flash,llm_new,778,-0.7896876931190491
gemini_3_5_flash,llm_new,779,-1.4020609855651855
gemini_3_5_flash,llm_new,782,-0.7895560264587402
gemini_3_5_flash,llm_new,784,0.7584758996963501
gemini_3_5_flash,llm_new,788,1.9506150484085083
gemini_3_5_flash,llm_new,790,-1.9731926918029785
gemini_3_5_flash,llm_new,793,-0.38929569721221924
gemini_3_5_flash,llm_new,797,1.0763428211212158
gemini_3_5_flash,llm_new,798,0.7780494689941406
gemini_3_5_flash,llm_new,799,-1.901048183441162
gemini_3_5_flash,llm_new,800,-1.249291181564331
gemini_3_5_flash,llm_new,801,2.284729480743408
gemini_3_5_flash,llm_new,803,-1.7687804698944092
gemini_3_5_flash,llm_new,811,-1.6722450256347656
gemini_3_5_flash,llm_new,812,-1.9946529865264893
gemini_3_5_flash,llm_new,814,-0.9318068623542786
gemini_3_5_flash,llm_new,817,0.14220879971981049
gemini_3_5_flash,llm_new,818,0.7507942318916321
gemini_3_5_flash,llm_new,821,0.7238909602165222
gemini_3_5_flash,llm_new,823,0.48508626222610474
gemini_3_5_flash,llm_new,824,-1.9728562831878662
gemini_3_5_flash,llm_new,825,-1.7759904861450195
gemini_3_5_flash,llm_new,827,0.6347954869270325
gemini_3_5_flash,llm_new,828,-0.12877582013607025
gemini_3_5_flash,llm_new,830,-1.8962910175323486
gemini_3_5_flash,llm_new,833,0.12007911503314972
gemini_3_5_flash,llm_new,837,0.3203120827674866
gemini_3_5_flash,llm_new,838,-1.904850721359253
gemini_3_5_flash,llm_new,846,0.8047774434089661
gemini_3_5_flash,llm_new,850,-1.7823582887649536
gemini_3_5_flash,llm_new,853,-1.8769896030426025
gemini_3_5_flash,llm_new,860,0.4576300084590912
gemini_3_5_flash,llm_new,866,0.2671521008014679
gemini_3_5_flash,llm_new,867,0.7792890667915344
gemini_3_5_flash,llm_new,868,0.372112900018692
gemini_3_5_flash,llm_new,869,0.45399805903434753
gemini_3_5_flash,llm_new,871,-1.9063799381256104
gemini_3_5_flash,llm_new,873,-1.9646592140197754
gemini_3_5_flash,llm_new,874,-1.7767829895019531
gemini_3_5_flash,llm_new,877,-1.8008439540863037
gemini_3_5_flash,llm_new,880,1.5310289859771729
gemini_3_5_flash,llm_new,882,-0.6401326060295105
gemini_3_5_flash,llm_new,883,-1.6025677919387817
gemini_3_5_flash,llm_new,884,-0.17551963031291962
gemini_3_5_flash,llm_new,885,0.7780494689941406
gemini_3_5_flash,llm_new,886,1.197810173034668
gemini_3_5_flash,llm_new,893,0.8881502151489258
gemini_3_5_flash,llm_new,894,1.1963204145431519
gemini_3_5_flash,llm_new,895,2.060206413269043
gemini_3_5_flash,llm_new,896,-0.08231362700462341
gemini_3_5_flash,llm_new,897,-1.597794532775879
gemini_3_5_flash,llm_new,900,-1.3413182497024536
gemini_3_5_flash,llm_new,901,0.7423843145370483
gemini_3_5_flash,llm_new,902,-1.3589726686477661
gemini_3_5_flash,llm_new,903,0.3121253252029419
gemini_3_5_flash,llm_new,904,0.046246517449617386
gemini_3_5_flash,llm_new,905,-0.9545024037361145
gemini_3_5_flash,llm_new,908,0.1888190358877182
gemini_3_5_flash,llm_new,911,0.18548601865768433
gemini_3_5_flash,llm_new,915,-0.9059826731681824
gemini_3_5_flash,llm_new,917,0.9468640685081482
gemini_3_5_flash,llm_new,918,-0.6355990767478943
gemini_3_5_flash,llm_new,919,-1.897879719734192
gemini_3_5_flash,llm_new,921,-0.2425357699394226
gemini_3_5_flash,llm_new,922,-1.5692411661148071
gemini_3_5_flash,llm_new,923,-0.4294201731681824
gemini_3_5_flash,llm_new,924,-1.7767829895019531
gemini_3_5_flash,llm_new,925,0.23253656923770905
gemini_3_5_flash,llm_new,926,-1.8559948205947876
gemini_3_5_flash,llm_new,927,-1.1688464879989624
gemini_3_5_flash,llm_new,931,-1.8763481378555298
gemini_3_5_flash,llm_new,934,-0.4829218089580536
gemini_3_5_flash,llm_new,935,1.055827021598816
gemini_3_5_flash,llm_new,936,-0.4259527623653412
gemini_3_5_flash,llm_new,937,-1.5692411661148071
gemini_3_5_flash,llm_new,939,-1.3037188053131104
gemini_3_5_flash,llm_new,940,-1.3322131633758545
gemini_3_5_flash,llm_new,942,1.1307969093322754
gemini_3_5_flash,llm_new,943,0.5250658392906189
gemini_3_5_flash,llm_new,947,-1.9422235488891602
gemini_3_5_flash,llm_new,948,-0.6509003043174744
gemini_3_5_flash,llm_new,949,-0.12422314286231995
gemini_3_5_flash,llm_new,950,0.2773319184780121
gemini_3_5_flash,llm_new,951,-0.3468325734138489
gemini_3_5_flash,llm_new,960,-1.1904199123382568
gemini_3_5_flash,llm_new,962,1.6487230062484741
gemini_3_5_flash,llm_new,964,0.4023038446903229
gemini_3_5_flash,llm_new,971,-1.5083651542663574
gemini_3_5_flash,llm_new,974,-1.441894292831421
gemini_3_5_flash,llm_new,975,-0.8494012951850891
gemini_3_5_flash,llm_new,976,-1.131191611289978
gemini_3_5_flash,llm_new,978,-1.991715908050537
gemini_3_5_flash,llm_new,979,-1.631276249885559
gemini_3_5_flash,llm_new,986,-1.735249400138855
gemini_3_5_flash,llm_new,987,0.58943110704422
gemini_3_5_flash,llm_new,989,-0.18588538467884064
gemini_3_5_flash,llm_new,990,-0.01430487260222435
gemini_3_5_flash,llm_new,991,-0.6401446461677551
gemini_3_5_flash,llm_new,992,-1.8629978895187378
gemini_3_5_flash,llm_new,995,-1.9321715831756592
gemini_3_5_flash,llm_new,996,-1.5569663047790527
gemini_3_5_flash,llm_new,998,0.45399805903434753
gemini_3_5_flash,llm_new,999,-0.9038931131362915
llama_3_3_70b,llm_new,1,0.5178390145301819
llama_3_3_70b,llm_new,3,0.7903911471366882
llama_3_3_70b,llm_new,4,1.9313668012619019
llama_3_3_70b,llm_new,6,-0.9729564785957336
llama_3_3_70b,llm_new,7,1.862127423286438
llama_3_3_70b,llm_new,8,0.37784016132354736
llama_3_3_70b,llm_new,10,0.20499812066555023
llama_3_3_70b,llm_new,11,-1.9976757764816284
llama_3_3_70b,llm_new,12,-1.0331453084945679
llama_3_3_70b,llm_new,13,-0.2411024123430252
llama_3_3_70b,llm_new,19,-1.8637932538986206
llama_3_3_70b,llm_new,24,-1.7781611680984497
llama_3_3_70b,llm_new,25,-1.1231447458267212
llama_3_3_70b,llm_new,26,-0.7548726201057434
llama_3_3_70b,llm_new,29,-1.419068694114685
llama_3_3_70b,llm_new,30,-1.4812747240066528
llama_3_3_70b,llm_new,31,-1.5348790884017944
llama_3_3_70b,llm_new,32,1.7641369104385376
llama_3_3_70b,llm_new,34,-1.765303373336792
llama_3_3_70b,llm_new,40,-0.12200649082660675
llama_3_3_70b,llm_new,42,-0.4540072977542877
llama_3_3_70b,llm_new,43,-0.6546165347099304
llama_3_3_70b,llm_new,44,-0.4468257427215576
llama_3_3_70b,llm_new,45,-1.9272782802581787
llama_3_3_70b,llm_new,50,-1.981005072593689
llama_3_3_70b,llm_new,52,-1.577096939086914
llama_3_3_70b,llm_new,55,1.1316710710525513
llama_3_3_70b,llm_new,56,1.1929006576538086
llama_3_3_70b,llm_new,57,-2.030043125152588
llama_3_3_70b,llm_new,60,-0.25431859493255615
llama_3_3_70b,llm_new,61,-1.0974594354629517
llama_3_3_70b,llm_new,62,-1.3931108713150024
llama_3_3_70b,llm_new,64,-1.9854577779769897
llama_3_3_70b,llm_new,66,1.4158233404159546
llama_3_3_70b,llm_new,67,-0.7692888975143433
llama_3_3_70b,llm_new,68,1.8274835348129272
llama_3_3_70b,llm_new,70,-2.16404390335083
llama_3_3_70b,llm_new,71,0.1892760545015335
llama_3_3_70b,llm_new,73,-0.7376545071601868
llama_3_3_70b,llm_new,74,0.880529522895813
llama_3_3_70b,llm_new,75,-2.0023481845855713
llama_3_3_70b,llm_new,77,-1.806587815284729
llama_3_3_70b,llm_new,78,-0.8559831976890564
llama_3_3_70b,llm_new,79,-0.3146155774593353
llama_3_3_70b,llm_new,80,-2.3150291442871094
llama_3_3_70b,llm_new,82,0.4387519657611847
llama_3_3_70b,llm_new,83,1.5555590391159058
llama_3_3_70b,llm_new,84,-1.2550939321517944
llama_3_3_70b,llm_new,85,-1.9800466299057007
llama_3_3_70b,llm_new,87,0.7560799717903137
llama_3_3_70b,llm_new,89,-0.9644182920455933
llama_3_3_70b,llm_new,90,0.13211388885974884
llama_3_3_70b,llm_new,91,-0.37764111161231995
llama_3_3_70b,llm_new,93,-1.4798451662063599
llama_3_3_70b,llm_new,95,-0.8524332642555237
llama_3_3_70b,llm_new,97,0.7282971739768982
llama_3_3_70b,llm_new,98,-0.40989091992378235
llama_3_3_70b,llm_new,101,-1.9850810766220093
llama_3_3_70b,llm_new,102,-1.059159755706787
llama_3_3_70b,llm_new,105,-2.001439094543457
llama_3_3_70b,llm_new,108,-1.3597456216812134
llama_3_3_70b,llm_new,109,-0.4232361614704132
llama_3_3_70b,llm_new,110,-0.7027260661125183
llama_3_3_70b,llm_new,111,-2.053858995437622
llama_3_3_70b,llm_new,114,2.240170478820801
llama_3_3_70b,llm_new,115,-0.1304497867822647
llama_3_3_70b,llm_new,119,1.785361647605896
llama_3_3_70b,llm_new,121,0.7673137784004211
llama_3_3_70b,llm_new,126,2.182880401611328
llama_3_3_70b,llm_new,132,-0.4360521137714386
llama_3_3_70b,llm_new,133,-1.692841649055481
llama_3_3_70b,llm_new,134,-0.026936102658510208
llama_3_3_70b,llm_new,136,0.6403872966766357
llama_3_3_70b,llm_new,137,-1.5248339176177979
llama_3_3_70b,llm_new,138,-0.5986420512199402
llama_3_3_70b,llm_new,140,-2.014279842376709
llama_3_3_70b,llm_new,141,0.04780406132340431
llama_3_3_70b,llm_new,142,2.027510643005371
llama_3_3_70b,llm_new,145,-0.5321545004844666
llama_3_3_70b,llm_new,146,0.9057286381721497
llama_3_3_70b,llm_new,149,0.9124168157577515
llama_3_3_70b,llm_new,156,-1.5730379819869995
llama_3_3_70b,llm_new,159,-1.6243327856063843
llama_3_3_70b,llm_new,164,-1.922135591506958
llama_3_3_70b,llm_new,165,0.5067359209060669
llama_3_3_70b,llm_new,166,-0.15576638281345367
llama_3_3_70b,llm_new,168,1.3941699266433716
llama_3_3_70b,llm_new,169,-0.6961964964866638
llama_3_3_70b,llm_new,170,-1.7051119804382324
llama_3_3_70b,llm_new,173,-0.5798947811126709
llama_3_3_70b,llm_new,174,0.5309637784957886
llama_3_3_70b,llm_new,175,0.4907004237174988
llama_3_3_70b,llm_new,177,-0.9567112326622009
llama_3_3_70b,llm_new,179,-0.7964418530464172
llama_3_3_70b,llm_new,182,-1.8992217779159546
llama_3_3_70b,llm_new,183,-1.5572863817214966
llama_3_3_70b,llm_new,185,-1.0213239192962646
llama_3_3_70b,llm_new,186,0.34899377822875977
llama_3_3_70b,llm_new,193,-0.5903022289276123
llama_3_3_70b,llm_new,194,-1.9839569330215454
llama_3_3_70b,llm_new,197,-1.698715329170227
llama_3_3_70b,llm_new,199,0.03186614438891411
llama_3_3_70b,llm_new,200,-2.005084753036499
llama_3_3_70b,llm_new,205,-1.9076640605926514
llama_3_3_70b,llm_new,209,-0.10546128451824188
llama_3_3_70b,llm_new,210,2.545206308364868
llama_3_3_70b,llm_new,211,-0.1200922280550003
llama_3_3_70b,llm_new,212,1.785361647605896
llama_3_3_70b,llm_new,213,1.3828709125518799
llama_3_3_70b,llm_new,214,0.1154840737581253
llama_3_3_70b,llm_new,216,2.1438937187194824
llama_3_3_70b,llm_new,219,-1.536582589149475
llama_3_3_70b,llm_new,221,1.9466091394424438
llama_3_3_70b,llm_new,222,-2.053858995437622
llama_3_3_70b,llm_new,224,-2.1733131408691406
llama_3_3_70b,llm_new,228,-1.505155086517334
llama_3_3_70b,llm_new,229,-1.9876564741134644
llama_3_3_70b,llm_new,232,-0.3082350194454193
llama_3_3_70b,llm_new,235,2.0894484519958496
llama_3_3_70b,llm_new,236,0.5175589323043823
llama_3_3_70b,llm_new,238,-1.070745825767517
llama_3_3_70b,llm_new,239,-1.419068694114685
llama_3_3_70b,llm_new,240,0.09021683037281036
llama_3_3_70b,llm_new,245,-2.014279842376709
llama_3_3_70b,llm_new,248,-1.945544719696045
llama_3_3_70b,llm_new,249,1.7131677865982056
llama_3_3_70b,llm_new,250,-0.8950328826904297
llama_3_3_70b,llm_new,251,-1.6558772325515747
llama_3_3_70b,llm_new,255,-1.998956322669983
llama_3_3_70b,llm_new,257,1.9179797172546387
llama_3_3_70b,llm_new,260,-0.3243374824523926
llama_3_3_70b,llm_new,261,-1.9870749711990356
llama_3_3_70b,llm_new,262,-0.4822239279747009
llama_3_3_70b,llm_new,265,-0.6961964964866638
llama_3_3_70b,llm_new,266,-1.989435076713562
llama_3_3_70b,llm_new,267,1.821077823638916
llama_3_3_70b,llm_new,273,1.1408799886703491
llama_3_3_70b,llm_new,275,-1.814370036125183
llama_3_3_70b,llm_new,276,-0.5253821015357971
llama_3_3_70b,llm_new,278,-0.8021997213363647
llama_3_3_70b,llm_new,279,0.21380622684955597
llama_3_3_70b,llm_new,281,-0.4360521137714386
llama_3_3_70b,llm_new,282,0.616156280040741
llama_3_3_70b,llm_new,286,-1.9773539304733276
llama_3_3_70b,llm_new,287,-1.144701600074768
llama_3_3_70b,llm_new,290,-1.4992948770523071
llama_3_3_70b,llm_new,291,-0.8643231987953186
llama_3_3_70b,llm_new,292,-1.7182046175003052
llama_3_3_70b,llm_new,293,-1.5895789861679077
llama_3_3_70b,llm_new,295,-0.2888604402542114
llama_3_3_70b,llm_new,297,1.2663592100143433
llama_3_3_70b,llm_new,299,0.731135368347168
llama_3_3_70b,llm_new,300,0.5625147819519043
llama_3_3_70b,llm_new,301,-1.9900761842727661
llama_3_3_70b,llm_new,303,0.37784016132354736
llama_3_3_70b,llm_new,306,-0.19347083568572998
llama_3_3_70b,llm_new,307,1.6253701448440552
llama_3_3_70b,llm_new,308,-0.9229267239570618
llama_3_3_70b,llm_new,310,-2.0133931636810303
llama_3_3_70b,llm_new,311,-1.5945312976837158
llama_3_3_70b,llm_new,312,1.807685136795044
llama_3_3_70b,llm_new,313,0.9808892011642456
llama_3_3_70b,llm_new,315,1.226720929145813
llama_3_3_70b,llm_new,317,0.35412096977233887
llama_3_3_70b,llm_new,319,0.15214404463768005
llama_3_3_70b,llm_new,320,-0.5798947811126709
llama_3_3_70b,llm_new,322,-0.06728275120258331
llama_3_3_70b,llm_new,324,2.272064447402954
llama_3_3_70b,llm_new,327,0.7919701933860779
llama_3_3_70b,llm_new,328,1.0038799047470093
llama_3_3_70b,llm_new,329,0.4287070631980896
llama_3_3_70b,llm_new,330,0.8831391930580139
llama_3_3_70b,llm_new,332,-1.9841326475143433
llama_3_3_70b,llm_new,333,-0.4360521137714386
llama_3_3_70b,llm_new,334,-1.6247323751449585
llama_3_3_70b,llm_new,335,1.4722226858139038
llama_3_3_70b,llm_new,337,-1.597551703453064
llama_3_3_70b,llm_new,339,0.09560590982437134
llama_3_3_70b,llm_new,343,-0.5321545004844666
llama_3_3_70b,llm_new,345,-1.278375506401062
llama_3_3_70b,llm_new,347,-1.9850810766220093
llama_3_3_70b,llm_new,351,-0.9680708050727844
llama_3_3_70b,llm_new,352,1.5140403509140015
llama_3_3_70b,llm_new,353,1.497893214225769
llama_3_3_70b,llm_new,355,-1.0064918994903564
llama_3_3_70b,llm_new,356,-1.9874855279922485
llama_3_3_70b,llm_new,358,-0.874366283416748
llama_3_3_70b,llm_new,360,-1.9800466299057007
llama_3_3_70b,llm_new,361,0.9106048941612244
llama_3_3_70b,llm_new,362,1.786509394645691
llama_3_3_70b,llm_new,363,-0.9481797814369202
llama_3_3_70b,llm_new,364,-0.1946766972541809
llama_3_3_70b,llm_new,366,-1.072293758392334
llama_3_3_70b,llm_new,368,-0.6840647459030151
llama_3_3_70b,llm_new,369,-0.44925570487976074
llama_3_3_70b,llm_new,371,-0.21332938969135284
llama_3_3_70b,llm_new,372,1.3143113851547241
llama_3_3_70b,llm_new,376,-1.9937947988510132
llama_3_3_70b,llm_new,378,-0.37497183680534363
llama_3_3_70b,llm_new,381,-1.2264094352722168
llama_3_3_70b,llm_new,382,-1.8459553718566895
llama_3_3_70b,llm_new,383,-2.1000232696533203
llama_3_3_70b,llm_new,389,1.028111219406128
llama_3_3_70b,llm_new,391,-1.766493797302246
llama_3_3_70b,llm_new,394,1.5174009799957275
llama_3_3_70b,llm_new,395,0.46270552277565
llama_3_3_70b,llm_new,397,-2.0522444248199463
llama_3_3_70b,llm_new,399,-0.4523817002773285
llama_3_3_70b,llm_new,405,-0.8595753312110901
llama_3_3_70b,llm_new,406,0.28160735964775085
llama_3_3_70b,llm_new,409,-0.5150479078292847
llama_3_3_70b,llm_new,410,0.3225112557411194
llama_3_3_70b,llm_new,412,-1.883762240409851
llama_3_3_70b,llm_new,413,-1.9463576078414917
llama_3_3_70b,llm_new,417,1.7191449403762817
llama_3_3_70b,llm_new,418,-0.37764111161231995
llama_3_3_70b,llm_new,421,2.213984966278076
llama_3_3_70b,llm_new,423,-0.003517765551805496
llama_3_3_70b,llm_new,424,1.8391934633255005
llama_3_3_70b,llm_new,425,0.04294409975409508
llama_3_3_70b,llm_new,426,1.190268635749817
llama_3_3_70b,llm_new,427,-1.9275791645050049
llama_3_3_70b,llm_new,429,0.9219763875007629
llama_3_3_70b,llm_new,430,-1.9732756614685059
llama_3_3_70b,llm_new,431,-2.1631698608398438
llama_3_3_70b,llm_new,433,-1.1450153589248657
llama_3_3_70b,llm_new,434,1.0863484144210815
llama_3_3_70b,llm_new,437,1.8543528318405151
llama_3_3_70b,llm_new,440,-1.2164465188980103
llama_3_3_70b,llm_new,441,-0.0933738499879837
llama_3_3_70b,llm_new,443,-1.9234538078308105
llama_3_3_70b,llm_new,445,-1.8654286861419678
llama_3_3_70b,llm_new,446,1.0863484144210815
llama_3_3_70b,llm_new,448,-1.762183427810669
llama_3_3_70b,llm_new,449,-1.9902032613754272
llama_3_3_70b,llm_new,450,-1.9364832639694214
llama_3_3_70b,llm_new,451,-1.0920192003250122
llama_3_3_70b,llm_new,452,0.9367750287055969
llama_3_3_70b,llm_new,454,0.24794654548168182
llama_3_3_70b,llm_new,457,-0.8743061423301697
llama_3_3_70b,llm_new,458,-1.9803766012191772
llama_3_3_70b,llm_new,463,-1.8633167743682861
llama_3_3_70b,llm_new,465,-1.2961946725845337
llama_3_3_70b,llm_new,466,-1.013052225112915
llama_3_3_70b,llm_new,468,1.0038799047470093
llama_3_3_70b,llm_new,469,-1.0045369863510132
llama_3_3_70b,llm_new,478,0.5627291202545166
llama_3_3_70b,llm_new,479,2.119581460952759
llama_3_3_70b,llm_new,480,0.8830838799476624
llama_3_3_70b,llm_new,482,-2.0502102375030518
llama_3_3_70b,llm_new,483,-1.9564679861068726
llama_3_3_70b,llm_new,484,0.04780406132340431
llama_3_3_70b,llm_new,486,-1.9454268217086792
llama_3_3_70b,llm_new,487,-1.4992948770523071
llama_3_3_70b,llm_new,491,-0.8473089933395386
llama_3_3_70b,llm_new,494,-1.8878039121627808
llama_3_3_70b,llm_new,495,1.5713413953781128
llama_3_3_70b,llm_new,496,0.8835515379905701
llama_3_3_70b,llm_new,498,-0.5709294676780701
llama_3_3_70b,llm_new,500,-1.88361394405365
llama_3_3_70b,llm_new,501,1.1318732500076294
llama_3_3_70b,llm_new,502,0.6642966270446777
llama_3_3_70b,llm_new,507,-1.3715481758117676
llama_3_3_70b,llm_new,508,-1.8878039121627808
llama_3_3_70b,llm_new,514,-1.9952577352523804
llama_3_3_70b,llm_new,515,-1.5206680297851562
llama_3_3_70b,llm_new,517,0.6686707139015198
llama_3_3_70b,llm_new,519,-0.1638186126947403
llama_3_3_70b,llm_new,520,1.0038974285125732
llama_3_3_70b,llm_new,522,0.12982970476150513
llama_3_3_70b,llm_new,523,-1.7670141458511353
llama_3_3_70b,llm_new,524,0.008482445031404495
llama_3_3_70b,llm_new,526,-1.9804357290267944
llama_3_3_70b,llm_new,527,-2.00134539604187
llama_3_3_70b,llm_new,528,-0.5917357802391052
llama_3_3_70b,llm_new,529,-0.32138878107070923
llama_3_3_70b,llm_new,530,-1.709598422050476
llama_3_3_70b,llm_new,531,1.149078607559204
llama_3_3_70b,llm_new,532,-2.2033379077911377
llama_3_3_70b,llm_new,533,-0.4489080607891083
llama_3_3_70b,llm_new,534,-2.014279842376709
llama_3_3_70b,llm_new,535,-1.759883165359497
llama_3_3_70b,llm_new,536,-0.40022122859954834
llama_3_3_70b,llm_new,537,-1.8878039121627808
llama_3_3_70b,llm_new,540,-2.0108187198638916
llama_3_3_70b,llm_new,542,-1.7603224515914917
llama_3_3_70b,llm_new,543,1.0109702348709106
llama_3_3_70b,llm_new,544,1.2593380212783813
llama_3_3_70b,llm_new,545,-1.9921308755874634
llama_3_3_70b,llm_new,546,-0.5254454016685486
llama_3_3_70b,llm_new,548,-0.1694876104593277
llama_3_3_70b,llm_new,549,-0.17763443291187286
llama_3_3_70b,llm_new,550,-1.0108954906463623
llama_3_3_70b,llm_new,553,0.25938621163368225
llama_3_3_70b,llm_new,555,-0.2564554214477539
llama_3_3_70b,llm_new,558,-1.292551875114441
llama_3_3_70b,llm_new,560,-1.4642860889434814
llama_3_3_70b,llm_new,568,-1.8833624124526978
llama_3_3_70b,llm_new,569,-2.2061781883239746
llama_3_3_70b,llm_new,571,-2.0368080139160156
llama_3_3_70b,llm_new,573,-1.1684683561325073
llama_3_3_70b,llm_new,576,-2.0894508361816406
llama_3_3_70b,llm_new,577,-0.32138878107070923
llama_3_3_70b,llm_new,579,-2.2069551944732666
llama_3_3_70b,llm_new,581,-0.0933738499879837
llama_3_3_70b,llm_new,582,-1.2118797302246094
llama_3_3_70b,llm_new,583,0.4189114570617676
llama_3_3_70b,llm_new,584,1.8742784261703491
llama_3_3_70b,llm_new,585,0.30506956577301025
llama_3_3_70b,llm_new,586,0.04780406132340431
llama_3_3_70b,llm_new,588,-1.567440390586853
llama_3_3_70b,llm_new,589,0.4813680052757263
llama_3_3_70b,llm_new,590,-1.6781291961669922
llama_3_3_70b,llm_new,591,-1.806587815284729
llama_3_3_70b,llm_new,594,-0.0933738499879837
llama_3_3_70b,llm_new,595,1.1349817514419556
llama_3_3_70b,llm_new,596,-2.0050840377807617
llama_3_3_70b,llm_new,597,-0.7612487077713013
llama_3_3_70b,llm_new,598,-1.9846616983413696
llama_3_3_70b,llm_new,599,-1.048816204071045
llama_3_3_70b,llm_new,600,0.342483252286911
llama_3_3_70b,llm_new,602,-1.923892855644226
llama_3_3_70b,llm_new,604,1.2175953388214111
llama_3_3_70b,llm_new,605,-0.008851427584886551
llama_3_3_70b,llm_new,606,1.554589867591858
llama_3_3_70b,llm_new,612,-2.0710277557373047
llama_3_3_70b,llm_new,614,-1.9872673749923706
llama_3_3_70b,llm_new,616,0.13088561594486237
llama_3_3_70b,llm_new,618,-0.4957045912742615
llama_3_3_70b,llm_new,619,-0.11633552610874176
llama_3_3_70b,llm_new,622,0.5468356013298035
llama_3_3_70b,llm_new,627,-2.2090158462524414
llama_3_3_70b,llm_new,629,-0.6117644906044006
llama_3_3_70b,llm_new,630,1.2334915399551392
llama_3_3_70b,llm_new,632,1.212142825126648
llama_3_3_70b,llm_new,634,-1.216382622718811
llama_3_3_70b,llm_new,635,-1.98945152759552
llama_3_3_70b,llm_new,636,-1.9182649850845337
llama_3_3_70b,llm_new,637,0.9879708886146545
llama_3_3_70b,llm_new,639,-1.8654286861419678
llama_3_3_70b,llm_new,644,-2.2069551944732666
llama_3_3_70b,llm_new,645,-1.0414923429489136
llama_3_3_70b,llm_new,650,0.5219289064407349
llama_3_3_70b,llm_new,651,2.170783281326294
llama_3_3_70b,llm_new,653,-1.9983967542648315
llama_3_3_70b,llm_new,654,-1.7981761693954468
llama_3_3_70b,llm_new,656,-0.5261979699134827
llama_3_3_70b,llm_new,657,-0.6117644906044006
llama_3_3_70b,llm_new,661,-1.1231447458267212
llama_3_3_70b,llm_new,663,-0.9201952815055847
llama_3_3_70b,llm_new,665,-1.4798451662063599
llama_3_3_70b,llm_new,666,-0.37764111161231995
llama_3_3_70b,llm_new,669,-1.9787839651107788
llama_3_3_70b,llm_new,670,1.5378947257995605
llama_3_3_70b,llm_new,671,1.046448826789856
llama_3_3_70b,llm_new,674,-2.0076019763946533
llama_3_3_70b,llm_new,678,1.212518334388733
llama_3_3_70b,llm_new,679,1.5816081762313843
llama_3_3_70b,llm_new,680,1.141510248184204
llama_3_3_70b,llm_new,683,-1.3391956090927124
llama_3_3_70b,llm_new,688,-2.0076019763946533
llama_3_3_70b,llm_new,690,-0.040600646287202835
llama_3_3_70b,llm_new,693,-1.758929967880249
llama_3_3_70b,llm_new,695,0.8617052435874939
llama_3_3_70b,llm_new,696,-0.8632904887199402
llama_3_3_70b,llm_new,697,-0.45622891187667847
llama_3_3_70b,llm_new,698,-1.8028013706207275
llama_3_3_70b,llm_new,704,-1.671700358390808
llama_3_3_70b,llm_new,706,-0.011185336858034134
llama_3_3_70b,llm_new,707,-1.8654286861419678
llama_3_3_70b,llm_new,708,1.950433373451233
llama_3_3_70b,llm_new,709,-2.1875619888305664
llama_3_3_70b,llm_new,711,-0.3846668004989624
llama_3_3_70b,llm_new,712,-0.5809354186058044
llama_3_3_70b,llm_new,714,0.2691875100135803
llama_3_3_70b,llm_new,715,-0.6122311949729919
llama_3_3_70b,llm_new,716,0.45170432329177856
llama_3_3_70b,llm_new,717,-0.5356108546257019
llama_3_3_70b,llm_new,718,-0.1287333220243454
llama_3_3_70b,llm_new,722,-2.218806266784668
llama_3_3_70b,llm_new,723,-1.88361394405365
llama_3_3_70b,llm_new,729,-1.3715481758117676
llama_3_3_70b,llm_new,732,-2.0502102375030518
llama_3_3_70b,llm_new,735,0.4390036463737488
llama_3_3_70b,llm_new,738,0.8913781642913818
llama_3_3_70b,llm_new,741,-1.9904917478561401
llama_3_3_70b,llm_new,742,-1.9868229627609253
llama_3_3_70b,llm_new,746,-1.6251336336135864
llama_3_3_70b,llm_new,750,-1.4797857999801636
llama_3_3_70b,llm_new,754,1.0936468839645386
llama_3_3_70b,llm_new,757,0.125300332903862
llama_3_3_70b,llm_new,758,-1.2586749792099
llama_3_3_70b,llm_new,762,-0.7137098908424377
llama_3_3_70b,llm_new,765,0.952765703201294
llama_3_3_70b,llm_new,768,1.672103762626648
llama_3_3_70b,llm_new,774,1.417006015777588
llama_3_3_70b,llm_new,775,0.04294409975409508
llama_3_3_70b,llm_new,778,-0.8330966234207153
llama_3_3_70b,llm_new,779,-0.8325063586235046
llama_3_3_70b,llm_new,782,-1.9080485105514526
llama_3_3_70b,llm_new,784,0.36123764514923096
llama_3_3_70b,llm_new,788,0.002641916275024414
llama_3_3_70b,llm_new,790,-2.2205564975738525
llama_3_3_70b,llm_new,793,-0.2072945535182953
llama_3_3_70b,llm_new,797,-0.09539201855659485
llama_3_3_70b,llm_new,798,0.4028717279434204
llama_3_3_70b,llm_new,799,-2.0368080139160156
llama_3_3_70b,llm_new,800,-0.6962531805038452
llama_3_3_70b,llm_new,801,1.2136926651000977
llama_3_3_70b,llm_new,803,-1.806587815284729
llama_3_3_70b,llm_new,811,-1.3402208089828491
llama_3_3_70b,llm_new,812,-0.5520334839820862
llama_3_3_70b,llm_new,814,-0.1681428700685501
llama_3_3_70b,llm_new,817,-0.367688924074173
llama_3_3_70b,llm_new,818,0.13454942405223846
llama_3_3_70b,llm_new,821,-1.1948684453964233
llama_3_3_70b,llm_new,823,2.0196475982666016
llama_3_3_70b,llm_new,824,-1.7806369066238403
llama_3_3_70b,llm_new,825,-1.5832476615905762
llama_3_3_70b,llm_new,827,1.321144700050354
llama_3_3_70b,llm_new,828,-0.9267414212226868
llama_3_3_70b,llm_new,830,-2.0204663276672363
llama_3_3_70b,llm_new,833,-1.7656692266464233
llama_3_3_70b,llm_new,837,0.8669735193252563
llama_3_3_70b,llm_new,838,-2.0502102375030518
llama_3_3_70b,llm_new,846,-0.10546128451824188
llama_3_3_70b,llm_new,850,-1.161973237991333
llama_3_3_70b,llm_new,853,-2.003998279571533
llama_3_3_70b,llm_new,860,0.3657969832420349
llama_3_3_70b,llm_new,866,-0.7473679780960083
llama_3_3_70b,llm_new,867,0.27233007550239563
llama_3_3_70b,llm_new,868,1.0491266250610352
llama_3_3_70b,llm_new,869,0.821819007396698
llama_3_3_70b,llm_new,871,-2.0336081981658936
llama_3_3_70b,llm_new,873,-2.0392236709594727
llama_3_3_70b,llm_new,874,-1.6606777906417847
llama_3_3_70b,llm_new,877,-1.2606102228164673
llama_3_3_70b,llm_new,880,1.3363944292068481
llama_3_3_70b,llm_new,882,-1.263526201248169
llama_3_3_70b,llm_new,883,-1.2779699563980103
llama_3_3_70b,llm_new,884,0.4027229845523834
llama_3_3_70b,llm_new,885,0.4028717279434204
llama_3_3_70b,llm_new,886,2.035431146621704
llama_3_3_70b,llm_new,893,0.639392614364624
llama_3_3_70b,llm_new,894,1.785361647605896
llama_3_3_70b,llm_new,895,1.833282709121704
llama_3_3_70b,llm_new,896,0.04294409975409508
llama_3_3_70b,llm_new,897,-0.6337688565254211
llama_3_3_70b,llm_new,900,-1.6462501287460327
llama_3_3_70b,llm_new,901,-0.25324636697769165
llama_3_3_70b,llm_new,902,-1.8041998147964478
llama_3_3_70b,llm_new,903,-0.7424977421760559
llama_3_3_70b,llm_new,904,0.6658086180686951
llama_3_3_70b,llm_new,905,-0.3488779366016388
llama_3_3_70b,llm_new,908,0.9101026058197021
llama_3_3_70b,llm_new,911,-0.21351760625839233
llama_3_3_70b,llm_new,915,-1.109796404838562
llama_3_3_70b,llm_new,917,0.6947705149650574
llama_3_3_70b,llm_new,918,-0.12734101712703705
llama_3_3_70b,llm_new,919,-1.9976757764816284
llama_3_3_70b,llm_new,921,0.76056307554245
llama_3_3_70b,llm_new,922,-1.771121621131897
llama_3_3_70b,llm_new,923,-0.724316418170929
llama_3_3_70b,llm_new,924,-1.6606777906417847
llama_3_3_70b,llm_new,925,1.1000128984451294
llama_3_3_70b,llm_new,926,-2.0474853515625
llama_3_3_70b,llm_new,927,-1.4248378276824951
llama_3_3_70b,llm_new,931,-2.0108187198638916
llama_3_3_70b,llm_new,934,-1.7919403314590454
llama_3_3_70b,llm_new,935,0.7950295209884644
llama_3_3_70b,llm_new,936,-0.3541741371154785
llama_3_3_70b,llm_new,937,-1.771121621131897
llama_3_3_70b,llm_new,939,-0.9697398543357849
llama_3_3_70b,llm_new,940,-1.8112937211990356
llama_3_3_70b,llm_new,942,1.3706649541854858
llama_3_3_70b,llm_new,943,1.149078607559204
llama_3_3_70b,llm_new,947,-2.017535924911499
llama_3_3_70b,llm_new,948,-1.838382601737976
llama_3_3_70b,llm_new,949,-0.3176300525665283
llama_3_3_70b,llm_new,950,-0.07013711333274841
llama_3_3_70b,llm_new,951,-1.0892523527145386
llama_3_3_70b,llm_new,960,-0.8581728339195251
llama_3_3_70b,llm_new,962,1.7325456142425537
llama_3_3_70b,llm_new,964,1.4085592031478882
llama_3_3_70b,llm_new,971,-1.1074087619781494
llama_3_3_70b,llm_new,974,-2.16404390335083
llama_3_3_70b,llm_new,975,-1.6524560451507568
llama_3_3_70b,llm_new,976,-1.666882872581482
llama_3_3_70b,llm_new,978,-2.054821014404297
llama_3_3_70b,llm_new,979,-2.0621585845947266
llama_3_3_70b,llm_new,986,-1.9743112325668335
llama_3_3_70b,llm_new,987,1.786509394645691
llama_3_3_70b,llm_new,989,-1.013052225112915
llama_3_3_70b,llm_new,990,-1.2496477365493774
llama_3_3_70b,llm_new,991,-0.28705036640167236
llama_3_3_70b,llm_new,992,-1.978934645652771
llama_3_3_70b,llm_new,995,-1.9803766012191772
llama_3_3_70b,llm_new,996,-1.4698435068130493
llama_3_3_70b,llm_new,998,0.821819007396698
llama_3_3_70b,llm_new,999,-1.3864184617996216
deepseek_v3_2,llm_new,1,1.2428516149520874
deepseek_v3_2,llm_new,3,1.6508820056915283
deepseek_v3_2,llm_new,4,1.1286256313323975
deepseek_v3_2,llm_new,6,-0.7856226563453674
deepseek_v3_2,llm_new,7,0.5427204370498657
deepseek_v3_2,llm_new,8,0.1433032602071762
deepseek_v3_2,llm_new,10,1.0091071128845215
deepseek_v3_2,llm_new,11,-2.1805765628814697
deepseek_v3_2,llm_new,12,-0.6741973161697388
deepseek_v3_2,llm_new,13,-0.772104799747467
deepseek_v3_2,llm_new,19,-2.147923469543457
deepseek_v3_2,llm_new,24,-2.1457207202911377
deepseek_v3_2,llm_new,25,-1.772062063217163
deepseek_v3_2,llm_new,26,-0.6798152923583984
deepseek_v3_2,llm_new,29,-1.2455239295959473
deepseek_v3_2,llm_new,30,-1.7044659852981567
deepseek_v3_2,llm_new,31,-2.079345464706421
deepseek_v3_2,llm_new,32,1.4198613166809082
deepseek_v3_2,llm_new,34,-1.4029479026794434
deepseek_v3_2,llm_new,40,-1.10868239402771
deepseek_v3_2,llm_new,42,-0.5223397612571716
deepseek_v3_2,llm_new,43,-0.970920979976654
deepseek_v3_2,llm_new,44,-1.6211318969726562
deepseek_v3_2,llm_new,45,-2.419511556625366
deepseek_v3_2,llm_new,50,-2.1644327640533447
deepseek_v3_2,llm_new,52,-2.241100549697876
deepseek_v3_2,llm_new,55,1.5962610244750977
deepseek_v3_2,llm_new,56,1.8055849075317383
deepseek_v3_2,llm_new,57,-2.012734889984131
deepseek_v3_2,llm_new,60,0.4506324529647827
deepseek_v3_2,llm_new,61,-1.445791482925415
deepseek_v3_2,llm_new,62,-1.1304516792297363
deepseek_v3_2,llm_new,64,-2.171743869781494
deepseek_v3_2,llm_new,66,1.7099783420562744
deepseek_v3_2,llm_new,67,-0.24467770755290985
deepseek_v3_2,llm_new,68,1.1803216934204102
deepseek_v3_2,llm_new,70,-2.334969997406006
deepseek_v3_2,llm_new,71,0.8464096784591675
deepseek_v3_2,llm_new,73,-0.643970787525177
deepseek_v3_2,llm_new,74,1.3958549499511719
deepseek_v3_2,llm_new,75,-2.2478904724121094
deepseek_v3_2,llm_new,77,-2.020326614379883
deepseek_v3_2,llm_new,78,-1.337979793548584
deepseek_v3_2,llm_new,79,0.5929339528083801
deepseek_v3_2,llm_new,80,-2.1773862838745117
deepseek_v3_2,llm_new,82,1.7058866024017334
deepseek_v3_2,llm_new,83,1.610830307006836
deepseek_v3_2,llm_new,84,-0.9739659428596497
deepseek_v3_2,llm_new,85,-1.9734575748443604
deepseek_v3_2,llm_new,87,0.480224609375
deepseek_v3_2,llm_new,89,-1.1148709058761597
deepseek_v3_2,llm_new,90,0.2936202883720398
deepseek_v3_2,llm_new,91,-0.9509384036064148
deepseek_v3_2,llm_new,93,-1.8082983493804932
deepseek_v3_2,llm_new,95,-1.3177214860916138
deepseek_v3_2,llm_new,97,0.8814205527305603
deepseek_v3_2,llm_new,98,-1.2045133113861084
deepseek_v3_2,llm_new,101,-2.169865131378174
deepseek_v3_2,llm_new,102,-1.6306816339492798
deepseek_v3_2,llm_new,105,-2.178133487701416
deepseek_v3_2,llm_new,108,-1.827535629272461
deepseek_v3_2,llm_new,109,-0.45152127742767334
deepseek_v3_2,llm_new,110,-0.6054967641830444
deepseek_v3_2,llm_new,111,-2.1090750694274902
deepseek_v3_2,llm_new,114,1.027274250984192
deepseek_v3_2,llm_new,115,-0.46194547414779663
deepseek_v3_2,llm_new,119,1.1971461772918701
deepseek_v3_2,llm_new,121,1.5808310508728027
deepseek_v3_2,llm_new,126,0.9284586310386658
deepseek_v3_2,llm_new,132,-1.1055684089660645
deepseek_v3_2,llm_new,133,-1.99410080909729
deepseek_v3_2,llm_new,134,-0.4729306399822235
deepseek_v3_2,llm_new,136,0.25438302755355835
deepseek_v3_2,llm_new,137,-1.8630656003952026
deepseek_v3_2,llm_new,138,-0.30611515045166016
deepseek_v3_2,llm_new,140,-2.054926872253418
deepseek_v3_2,llm_new,141,-0.15676194429397583
deepseek_v3_2,llm_new,142,1.115314245223999
deepseek_v3_2,llm_new,145,-0.504123330116272
deepseek_v3_2,llm_new,146,1.2809585332870483
deepseek_v3_2,llm_new,149,1.3050875663757324
deepseek_v3_2,llm_new,156,-1.997216820716858
deepseek_v3_2,llm_new,159,-2.015024185180664
deepseek_v3_2,llm_new,164,-1.9875833988189697
deepseek_v3_2,llm_new,165,0.7905818819999695
deepseek_v3_2,llm_new,166,0.23175106942653656
deepseek_v3_2,llm_new,168,1.3625102043151855
deepseek_v3_2,llm_new,169,-1.2331299781799316
deepseek_v3_2,llm_new,170,-1.2490487098693848
deepseek_v3_2,llm_new,173,-1.1545981168746948
deepseek_v3_2,llm_new,174,0.9139468669891357
deepseek_v3_2,llm_new,175,0.8148453831672668
deepseek_v3_2,llm_new,177,-0.8231591582298279
deepseek_v3_2,llm_new,179,-1.0670322179794312
deepseek_v3_2,llm_new,182,-1.9689109325408936
deepseek_v3_2,llm_new,183,-1.4994267225265503
deepseek_v3_2,llm_new,185,-1.277029037475586
deepseek_v3_2,llm_new,186,0.09212194383144379
deepseek_v3_2,llm_new,193,-0.5580506920814514
deepseek_v3_2,llm_new,194,-2.170328140258789
deepseek_v3_2,llm_new,197,-1.343794584274292
deepseek_v3_2,llm_new,199,0.17334036529064178
deepseek_v3_2,llm_new,200,-2.0464234352111816
deepseek_v3_2,llm_new,205,-2.2097160816192627
deepseek_v3_2,llm_new,209,0.4534531533718109
deepseek_v3_2,llm_new,210,0.6281462907791138
deepseek_v3_2,llm_new,211,-0.1638839989900589
deepseek_v3_2,llm_new,212,1.1971461772918701
deepseek_v3_2,llm_new,213,1.2666980028152466
deepseek_v3_2,llm_new,214,-0.20378141105175018
deepseek_v3_2,llm_new,216,1.4939583539962769
deepseek_v3_2,llm_new,219,-1.9645397663116455
deepseek_v3_2,llm_new,221,0.5151090621948242
deepseek_v3_2,llm_new,222,-2.1090750694274902
deepseek_v3_2,llm_new,224,-2.321134328842163
deepseek_v3_2,llm_new,228,-1.7118566036224365
deepseek_v3_2,llm_new,229,-2.1760692596435547
deepseek_v3_2,llm_new,232,0.5138643980026245
deepseek_v3_2,llm_new,235,1.1575419902801514
deepseek_v3_2,llm_new,236,1.164694905281067
deepseek_v3_2,llm_new,238,-1.0779839754104614
deepseek_v3_2,llm_new,239,-1.2455239295959473
deepseek_v3_2,llm_new,240,1.1761233806610107
deepseek_v3_2,llm_new,245,-2.054926872253418
deepseek_v3_2,llm_new,248,-1.9564231634140015
deepseek_v3_2,llm_new,249,1.4162236452102661
deepseek_v3_2,llm_new,250,-0.5496402382850647
deepseek_v3_2,llm_new,251,-1.817210078239441
deepseek_v3_2,llm_new,255,-2.183929204940796
deepseek_v3_2,llm_new,257,1.4255743026733398
deepseek_v3_2,llm_new,260,0.9009343981742859
deepseek_v3_2,llm_new,261,-2.1744282245635986
deepseek_v3_2,llm_new,262,-1.0611233711242676
deepseek_v3_2,llm_new,265,-1.2331299781799316
deepseek_v3_2,llm_new,266,-2.1733686923980713
deepseek_v3_2,llm_new,267,0.5463085174560547
deepseek_v3_2,llm_new,273,1.6403402090072632
deepseek_v3_2,llm_new,275,-1.8746204376220703
deepseek_v3_2,llm_new,276,-0.9239804148674011
deepseek_v3_2,llm_new,278,-1.8474433422088623
deepseek_v3_2,llm_new,279,0.27279239892959595
deepseek_v3_2,llm_new,281,-1.1055684089660645
deepseek_v3_2,llm_new,282,1.3838850259780884
deepseek_v3_2,llm_new,286,-2.057817220687866
deepseek_v3_2,llm_new,287,-1.3266382217407227
deepseek_v3_2,llm_new,290,-1.819431185722351
deepseek_v3_2,llm_new,291,-1.0789885520935059
deepseek_v3_2,llm_new,292,-1.6419347524642944
deepseek_v3_2,llm_new,293,-1.46938157081604
deepseek_v3_2,llm_new,295,0.23169098794460297
deepseek_v3_2,llm_new,297,1.2956147193908691
deepseek_v3_2,llm_new,299,0.23173879086971283
deepseek_v3_2,llm_new,300,1.1889564990997314
deepseek_v3_2,llm_new,301,-2.1761653423309326
deepseek_v3_2,llm_new,303,0.1433032602071762
deepseek_v3_2,llm_new,306,-0.6050068736076355
deepseek_v3_2,llm_new,307,1.1796319484710693
deepseek_v3_2,llm_new,308,-1.9468767642974854
deepseek_v3_2,llm_new,310,-2.1819565296173096
deepseek_v3_2,llm_new,311,-1.3103358745574951
deepseek_v3_2,llm_new,312,1.1888484954833984
deepseek_v3_2,llm_new,313,1.7356131076812744
deepseek_v3_2,llm_new,315,1.9495052099227905
deepseek_v3_2,llm_new,317,1.143900990486145
deepseek_v3_2,llm_new,319,0.09864373505115509
deepseek_v3_2,llm_new,320,-1.1545981168746948
deepseek_v3_2,llm_new,322,-0.4939315915107727
deepseek_v3_2,llm_new,324,0.9441818594932556
deepseek_v3_2,llm_new,327,0.5767967104911804
deepseek_v3_2,llm_new,328,1.2503445148468018
deepseek_v3_2,llm_new,329,1.322217345237732
deepseek_v3_2,llm_new,330,1.8010177612304688
deepseek_v3_2,llm_new,332,-1.9784343242645264
deepseek_v3_2,llm_new,333,-1.1055684089660645
deepseek_v3_2,llm_new,334,-1.6473853588104248
deepseek_v3_2,llm_new,335,0.8725758194923401
deepseek_v3_2,llm_new,337,-1.4425009489059448
deepseek_v3_2,llm_new,339,0.08980393409729004
deepseek_v3_2,llm_new,343,-0.504123330116272
deepseek_v3_2,llm_new,345,-1.5771070718765259
deepseek_v3_2,llm_new,347,-2.169865131378174
deepseek_v3_2,llm_new,351,-0.7125239968299866
deepseek_v3_2,llm_new,352,0.5929836630821228
deepseek_v3_2,llm_new,353,0.5635508894920349
deepseek_v3_2,llm_new,355,-0.7957272529602051
deepseek_v3_2,llm_new,356,-1.9959948062896729
deepseek_v3_2,llm_new,358,-0.7402744889259338
deepseek_v3_2,llm_new,360,-1.9734575748443604
deepseek_v3_2,llm_new,361,0.5106267929077148
deepseek_v3_2,llm_new,362,0.5525200963020325
deepseek_v3_2,llm_new,363,-1.058180809020996
deepseek_v3_2,llm_new,364,0.5386648774147034
deepseek_v3_2,llm_new,366,-0.8202655911445618
deepseek_v3_2,llm_new,368,-0.6169577836990356
deepseek_v3_2,llm_new,369,-1.1054916381835938
deepseek_v3_2,llm_new,371,0.008933918550610542
deepseek_v3_2,llm_new,372,0.49494922161102295
deepseek_v3_2,llm_new,376,-2.1778371334075928
deepseek_v3_2,llm_new,378,-0.3914106488227844
deepseek_v3_2,llm_new,381,-2.16813588142395
deepseek_v3_2,llm_new,382,-1.894235372543335
deepseek_v3_2,llm_new,383,-1.9170880317687988
deepseek_v3_2,llm_new,389,1.7882575988769531
deepseek_v3_2,llm_new,391,-1.7573225498199463
deepseek_v3_2,llm_new,394,0.6459261775016785
deepseek_v3_2,llm_new,395,1.1440329551696777
deepseek_v3_2,llm_new,397,-2.1007907390594482
deepseek_v3_2,llm_new,399,-1.6793477535247803
deepseek_v3_2,llm_new,405,-0.7492099404335022
deepseek_v3_2,llm_new,406,1.0803186893463135
deepseek_v3_2,llm_new,409,-0.9019150733947754
deepseek_v3_2,llm_new,410,0.198195680975914
deepseek_v3_2,llm_new,412,-1.94752836227417
deepseek_v3_2,llm_new,413,-2.234062910079956
deepseek_v3_2,llm_new,417,1.476933479309082
deepseek_v3_2,llm_new,418,-0.9509384036064148
deepseek_v3_2,llm_new,421,0.897489607334137
deepseek_v3_2,llm_new,423,0.4380608797073364
deepseek_v3_2,llm_new,424,1.6473222970962524
deepseek_v3_2,llm_new,425,-0.36562082171440125
deepseek_v3_2,llm_new,426,1.8687899112701416
deepseek_v3_2,llm_new,427,-1.8035061359405518
deepseek_v3_2,llm_new,429,1.7584099769592285
deepseek_v3_2,llm_new,430,-2.248471975326538
deepseek_v3_2,llm_new,431,-1.9264392852783203
deepseek_v3_2,llm_new,433,-2.1316330432891846
deepseek_v3_2,llm_new,434,0.5881316065788269
deepseek_v3_2,llm_new,437,1.1739104986190796
deepseek_v3_2,llm_new,440,-1.406303882598877
deepseek_v3_2,llm_new,441,-0.09296330064535141
deepseek_v3_2,llm_new,443,-2.0640034675598145
deepseek_v3_2,llm_new,445,-2.184583902359009
deepseek_v3_2,llm_new,446,0.5881316065788269
deepseek_v3_2,llm_new,448,-1.2482597827911377
deepseek_v3_2,llm_new,449,-2.1781935691833496
deepseek_v3_2,llm_new,450,-2.058250665664673
deepseek_v3_2,llm_new,451,-0.7128713726997375
deepseek_v3_2,llm_new,452,0.5647482872009277
deepseek_v3_2,llm_new,454,-0.06625081598758698
deepseek_v3_2,llm_new,457,-0.9928368926048279
deepseek_v3_2,llm_new,458,-2.0263924598693848
deepseek_v3_2,llm_new,463,-1.7721238136291504
deepseek_v3_2,llm_new,465,-1.5384818315505981
deepseek_v3_2,llm_new,466,-1.1690104007720947
deepseek_v3_2,llm_new,468,1.2503445148468018
deepseek_v3_2,llm_new,469,-0.9545744061470032
deepseek_v3_2,llm_new,478,0.2669769525527954
deepseek_v3_2,llm_new,479,0.5262478590011597
deepseek_v3_2,llm_new,480,1.5788134336471558
deepseek_v3_2,llm_new,482,-1.8497310876846313
deepseek_v3_2,llm_new,483,-2.239766836166382
deepseek_v3_2,llm_new,484,-0.15676194429397583
deepseek_v3_2,llm_new,486,-1.5835466384887695
deepseek_v3_2,llm_new,487,-1.819431185722351
deepseek_v3_2,llm_new,491,-0.9474396705627441
deepseek_v3_2,llm_new,494,-1.7593928575515747
deepseek_v3_2,llm_new,495,0.7803307771682739
deepseek_v3_2,llm_new,496,1.2560534477233887
deepseek_v3_2,llm_new,498,-1.1301994323730469
deepseek_v3_2,llm_new,500,-2.197563409805298
deepseek_v3_2,llm_new,501,1.0502862930297852
deepseek_v3_2,llm_new,502,0.7588958144187927
deepseek_v3_2,llm_new,507,-1.0794024467468262
deepseek_v3_2,llm_new,508,-1.7593928575515747
deepseek_v3_2,llm_new,514,-2.177363395690918
deepseek_v3_2,llm_new,515,-1.4925174713134766
deepseek_v3_2,llm_new,517,1.5744940042495728
deepseek_v3_2,llm_new,519,0.13584035634994507
deepseek_v3_2,llm_new,520,1.1379752159118652
deepseek_v3_2,llm_new,522,-0.22396905720233917
deepseek_v3_2,llm_new,523,-1.8851655721664429
deepseek_v3_2,llm_new,524,-0.4204546809196472
deepseek_v3_2,llm_new,526,-2.1634299755096436
deepseek_v3_2,llm_new,527,-2.1698195934295654
deepseek_v3_2,llm_new,528,-0.5490217208862305
deepseek_v3_2,llm_new,529,-0.8972588181495667
deepseek_v3_2,llm_new,530,-2.04929518699646
deepseek_v3_2,llm_new,531,0.5552188754081726
deepseek_v3_2,llm_new,532,-2.056992292404175
deepseek_v3_2,llm_new,533,-0.7178176045417786
deepseek_v3_2,llm_new,534,-2.054926872253418
deepseek_v3_2,llm_new,535,-1.7863757610321045
deepseek_v3_2,llm_new,536,-1.6181391477584839
deepseek_v3_2,llm_new,537,-1.7593928575515747
deepseek_v3_2,llm_new,540,-2.1818082332611084
deepseek_v3_2,llm_new,542,-2.1023952960968018
deepseek_v3_2,llm_new,543,1.566969633102417
deepseek_v3_2,llm_new,544,1.3605443239212036
deepseek_v3_2,llm_new,545,-2.1704719066619873
deepseek_v3_2,llm_new,546,-1.8792272806167603
deepseek_v3_2,llm_new,548,0.035719454288482666
deepseek_v3_2,llm_new,549,-0.7003699541091919
deepseek_v3_2,llm_new,550,-1.9646281003952026
deepseek_v3_2,llm_new,553,0.19914476573467255
deepseek_v3_2,llm_new,555,-0.2876070439815521
deepseek_v3_2,llm_new,558,-1.5475952625274658
deepseek_v3_2,llm_new,560,-0.7703946232795715
deepseek_v3_2,llm_new,568,-1.9150753021240234
deepseek_v3_2,llm_new,569,-2.1426002979278564
deepseek_v3_2,llm_new,571,-2.116194486618042
deepseek_v3_2,llm_new,573,0.010344618931412697
deepseek_v3_2,llm_new,576,-2.177171230316162
deepseek_v3_2,llm_new,577,-0.8972588181495667
deepseek_v3_2,llm_new,579,-2.031202793121338
deepseek_v3_2,llm_new,581,-0.09296330064535141
deepseek_v3_2,llm_new,582,-1.5337772369384766
deepseek_v3_2,llm_new,583,0.15902887284755707
deepseek_v3_2,llm_new,584,0.5810338854789734
deepseek_v3_2,llm_new,585,0.4123219847679138
deepseek_v3_2,llm_new,586,-0.15676194429397583
deepseek_v3_2,llm_new,588,-1.093226432800293
deepseek_v3_2,llm_new,589,0.6393256783485413
deepseek_v3_2,llm_new,590,-2.17523193359375
deepseek_v3_2,llm_new,591,-2.020326614379883
deepseek_v3_2,llm_new,594,-0.09296330064535141
deepseek_v3_2,llm_new,595,1.3337740898132324
deepseek_v3_2,llm_new,596,-2.1816463470458984
deepseek_v3_2,llm_new,597,-0.406103253364563
deepseek_v3_2,llm_new,598,-2.1726653575897217
deepseek_v3_2,llm_new,599,-1.4251453876495361
deepseek_v3_2,llm_new,600,0.7005580067634583
deepseek_v3_2,llm_new,602,-1.9846068620681763
deepseek_v3_2,llm_new,604,0.9064980149269104
deepseek_v3_2,llm_new,605,0.04099877178668976
deepseek_v3_2,llm_new,606,1.6837562322616577
deepseek_v3_2,llm_new,612,-2.1565744876861572
deepseek_v3_2,llm_new,614,-2.173170804977417
deepseek_v3_2,llm_new,616,0.029292257502675056
deepseek_v3_2,llm_new,618,0.3615973889827728
deepseek_v3_2,llm_new,619,0.6452228426933289
deepseek_v3_2,llm_new,622,0.5976371169090271
deepseek_v3_2,llm_new,627,-2.3404695987701416
deepseek_v3_2,llm_new,629,-0.9792672991752625
deepseek_v3_2,llm_new,630,1.7849655151367188
deepseek_v3_2,llm_new,632,0.6740440130233765
deepseek_v3_2,llm_new,634,-1.458168387413025
deepseek_v3_2,llm_new,635,-2.174596071243286
deepseek_v3_2,llm_new,636,-2.181419610977173
deepseek_v3_2,llm_new,637,0.6555955410003662
deepseek_v3_2,llm_new,639,-2.184583902359009
deepseek_v3_2,llm_new,644,-2.031202793121338
deepseek_v3_2,llm_new,645,-0.8492183685302734
deepseek_v3_2,llm_new,650,0.2630457878112793
deepseek_v3_2,llm_new,651,1.1313607692718506
deepseek_v3_2,llm_new,653,-2.1804757118225098
deepseek_v3_2,llm_new,654,-2.131364583969116
deepseek_v3_2,llm_new,656,-0.5739639401435852
deepseek_v3_2,llm_new,657,-0.9792672991752625
deepseek_v3_2,llm_new,661,-1.772062063217163
deepseek_v3_2,llm_new,663,-1.0092777013778687
deepseek_v3_2,llm_new,665,-1.8082983493804932
deepseek_v3_2,llm_new,666,-0.9509384036064148
deepseek_v3_2,llm_new,669,-2.159614324569702
deepseek_v3_2,llm_new,670,1.2036585807800293
deepseek_v3_2,llm_new,671,1.1231002807617188
deepseek_v3_2,llm_new,674,-2.1823041439056396
deepseek_v3_2,llm_new,678,1.2635939121246338
deepseek_v3_2,llm_new,679,0.5672521591186523
deepseek_v3_2,llm_new,680,1.2705916166305542
deepseek_v3_2,llm_new,683,-1.6172716617584229
deepseek_v3_2,llm_new,688,-2.1823041439056396
deepseek_v3_2,llm_new,690,-0.03046744130551815
deepseek_v3_2,llm_new,693,-1.5587539672851562
deepseek_v3_2,llm_new,695,0.5655024647712708
deepseek_v3_2,llm_new,696,-0.9942741990089417
deepseek_v3_2,llm_new,697,-0.7667677998542786
deepseek_v3_2,llm_new,698,-2.0892114639282227
deepseek_v3_2,llm_new,704,-1.9248327016830444
deepseek_v3_2,llm_new,706,-0.41005176305770874
deepseek_v3_2,llm_new,707,-2.184583902359009
deepseek_v3_2,llm_new,708,0.5284448266029358
deepseek_v3_2,llm_new,709,-2.1735286712646484
deepseek_v3_2,llm_new,711,-0.0860620066523552
deepseek_v3_2,llm_new,712,-0.8057402968406677
deepseek_v3_2,llm_new,714,1.4095346927642822
deepseek_v3_2,llm_new,715,-0.6930410861968994
deepseek_v3_2,llm_new,716,0.5932779908180237
deepseek_v3_2,llm_new,717,-0.5184306502342224
deepseek_v3_2,llm_new,718,0.08236312866210938
deepseek_v3_2,llm_new,722,-2.1013376712799072
deepseek_v3_2,llm_new,723,-2.197563409805298
deepseek_v3_2,llm_new,729,-1.0794024467468262
deepseek_v3_2,llm_new,732,-1.8497310876846313
deepseek_v3_2,llm_new,735,0.8556914925575256
deepseek_v3_2,llm_new,738,1.140745997428894
deepseek_v3_2,llm_new,741,-1.9379534721374512
deepseek_v3_2,llm_new,742,-2.2767927646636963
deepseek_v3_2,llm_new,746,-2.161747932434082
deepseek_v3_2,llm_new,750,-2.155857801437378
deepseek_v3_2,llm_new,754,1.4088258743286133
deepseek_v3_2,llm_new,757,0.9291370511054993
deepseek_v3_2,llm_new,758,-0.12131670117378235
deepseek_v3_2,llm_new,762,-0.7910906672477722
deepseek_v3_2,llm_new,765,1.0130946636199951
deepseek_v3_2,llm_new,768,1.9674934148788452
deepseek_v3_2,llm_new,774,1.4648385047912598
deepseek_v3_2,llm_new,775,-0.36562082171440125
deepseek_v3_2,llm_new,778,-0.7009615302085876
deepseek_v3_2,llm_new,779,-1.411092758178711
deepseek_v3_2,llm_new,782,-1.9121981859207153
deepseek_v3_2,llm_new,784,0.8072728514671326
deepseek_v3_2,llm_new,788,1.18336820602417
deepseek_v3_2,llm_new,790,-2.0848898887634277
deepseek_v3_2,llm_new,793,-0.3202889561653137
deepseek_v3_2,llm_new,797,0.12889064848423004
deepseek_v3_2,llm_new,798,0.8991064429283142
deepseek_v3_2,llm_new,799,-2.116194486618042
deepseek_v3_2,llm_new,800,-1.2718687057495117
deepseek_v3_2,llm_new,801,0.5107057690620422
deepseek_v3_2,llm_new,803,-2.020326614379883
deepseek_v3_2,llm_new,811,-1.5763779878616333
deepseek_v3_2,llm_new,812,-1.6954067945480347
deepseek_v3_2,llm_new,814,-0.3855484127998352
deepseek_v3_2,llm_new,817,-0.41504746675491333
deepseek_v3_2,llm_new,818,0.23864610493183136
deepseek_v3_2,llm_new,821,-1.758183240890503
deepseek_v3_2,llm_new,823,0.5062333941459656
deepseek_v3_2,llm_new,824,-1.8779246807098389
deepseek_v3_2,llm_new,825,-1.7674012184143066
deepseek_v3_2,llm_new,827,1.1622400283813477
deepseek_v3_2,llm_new,828,-0.8069725036621094
deepseek_v3_2,llm_new,830,-2.1829030513763428
deepseek_v3_2,llm_new,833,-2.3489272594451904
deepseek_v3_2,llm_new,837,0.8131259083747864
deepseek_v3_2,llm_new,838,-1.8497310876846313
deepseek_v3_2,llm_new,846,0.4534531533718109
deepseek_v3_2,llm_new,850,-1.4692227840423584
deepseek_v3_2,llm_new,853,-2.18074631690979
deepseek_v3_2,llm_new,860,0.6343677639961243
deepseek_v3_2,llm_new,866,-1.3268029689788818
deepseek_v3_2,llm_new,867,0.6039826273918152
deepseek_v3_2,llm_new,868,0.4099884331226349
deepseek_v3_2,llm_new,869,0.6204858422279358
deepseek_v3_2,llm_new,871,-2.1804728507995605
deepseek_v3_2,llm_new,873,-2.0786187648773193
deepseek_v3_2,llm_new,874,-1.5195753574371338
deepseek_v3_2,llm_new,877,-1.5235693454742432
deepseek_v3_2,llm_new,880,2.078777551651001
deepseek_v3_2,llm_new,882,-1.5293892621994019
deepseek_v3_2,llm_new,883,-1.960020899772644
deepseek_v3_2,llm_new,884,1.2372413873672485
deepseek_v3_2,llm_new,885,0.8991064429283142
deepseek_v3_2,llm_new,886,1.1145954132080078
deepseek_v3_2,llm_new,893,0.8572102189064026
deepseek_v3_2,llm_new,894,1.1971461772918701
deepseek_v3_2,llm_new,895,1.3786848783493042
deepseek_v3_2,llm_new,896,-0.36562082171440125
deepseek_v3_2,llm_new,897,-1.193025827407837
deepseek_v3_2,llm_new,900,-1.3034095764160156
deepseek_v3_2,llm_new,901,0.18468908965587616
deepseek_v3_2,llm_new,902,-2.154006004333496
deepseek_v3_2,llm_new,903,-0.83753901720047
deepseek_v3_2,llm_new,904,1.2970912456512451
deepseek_v3_2,llm_new,905,-0.9240862131118774
deepseek_v3_2,llm_new,908,1.0419412851333618
deepseek_v3_2,llm_new,911,-0.00470314733684063
deepseek_v3_2,llm_new,915,-0.6720834374427795
deepseek_v3_2,llm_new,917,1.5581202507019043
deepseek_v3_2,llm_new,918,-0.823323667049408
deepseek_v3_2,llm_new,919,-2.1805765628814697
deepseek_v3_2,llm_new,921,0.7543078660964966
deepseek_v3_2,llm_new,922,-2.107725143432617
deepseek_v3_2,llm_new,923,-0.4278615713119507
deepseek_v3_2,llm_new,924,-1.5195753574371338
deepseek_v3_2,llm_new,925,0.6340226531028748
deepseek_v3_2,llm_new,926,-2.1525204181671143
deepseek_v3_2,llm_new,927,-1.1473041772842407
deepseek_v3_2,llm_new,931,-2.1818082332611084
deepseek_v3_2,llm_new,934,-2.2170345783233643
deepseek_v3_2,llm_new,935,1.5823674201965332
deepseek_v3_2,llm_new,936,-1.7788286209106445
deepseek_v3_2,llm_new,937,-2.107725143432617
deepseek_v3_2,llm_new,939,-0.5378720760345459
deepseek_v3_2,llm_new,940,-1.9336775541305542
deepseek_v3_2,llm_new,942,1.251246690750122
deepseek_v3_2,llm_new,943,0.5552188754081726
deepseek_v3_2,llm_new,947,-2.0183463096618652
deepseek_v3_2,llm_new,948,-2.1377134323120117
deepseek_v3_2,llm_new,949,-0.18480759859085083
deepseek_v3_2,llm_new,950,-0.4362689256668091
deepseek_v3_2,llm_new,951,-1.2521506547927856
deepseek_v3_2,llm_new,960,-0.2822025716304779
deepseek_v3_2,llm_new,962,1.418110966682434
deepseek_v3_2,llm_new,964,1.1799702644348145
deepseek_v3_2,llm_new,971,-1.1483123302459717
deepseek_v3_2,llm_new,974,-2.334969997406006
deepseek_v3_2,llm_new,975,-1.5862019062042236
deepseek_v3_2,llm_new,976,-2.0820353031158447
deepseek_v3_2,llm_new,978,-2.125988006591797
deepseek_v3_2,llm_new,979,-2.281362533569336
deepseek_v3_2,llm_new,986,-2.078885316848755
deepseek_v3_2,llm_new,987,0.5525200963020325
deepseek_v3_2,llm_new,989,-1.1690104007720947
deepseek_v3_2,llm_new,990,-1.122931957244873
deepseek_v3_2,llm_new,991,-0.845781147480011
deepseek_v3_2,llm_new,992,-2.160600423812866
deepseek_v3_2,llm_new,995,-2.0263924598693848
deepseek_v3_2,llm_new,996,-0.9217099547386169
deepseek_v3_2,llm_new,998,0.6204858422279358
deepseek_v3_2,llm_new,999,-1.6846942901611328
qwen3_5_27b,llm_new,1,1.2963049411773682
qwen3_5_27b,llm_new,3,1.067492127418518
qwen3_5_27b,llm_new,4,2.011343479156494
qwen3_5_27b,llm_new,6,-0.9678481817245483
qwen3_5_27b,llm_new,7,2.103862762451172
qwen3_5_27b,llm_new,8,0.505219578742981
qwen3_5_27b,llm_new,10,1.1508972644805908
qwen3_5_27b,llm_new,11,-2.0696403980255127
qwen3_5_27b,llm_new,12,-0.9465328454971313
qwen3_5_27b,llm_new,13,-0.4709889590740204
qwen3_5_27b,llm_new,19,-2.035409450531006
qwen3_5_27b,llm_new,24,-1.6865768432617188
qwen3_5_27b,llm_new,25,-0.6119769811630249
qwen3_5_27b,llm_new,26,-0.7171608805656433
qwen3_5_27b,llm_new,29,-1.0628483295440674
qwen3_5_27b,llm_new,30,-1.7069437503814697
qwen3_5_27b,llm_new,31,-1.8126258850097656
qwen3_5_27b,llm_new,32,1.7369835376739502
qwen3_5_27b,llm_new,34,-1.2296150922775269
qwen3_5_27b,llm_new,40,-0.3272663950920105
qwen3_5_27b,llm_new,42,-0.8058797717094421
qwen3_5_27b,llm_new,43,-1.3117256164550781
qwen3_5_27b,llm_new,44,-1.5119831562042236
qwen3_5_27b,llm_new,45,-1.9120208024978638
qwen3_5_27b,llm_new,50,-2.0446555614471436
qwen3_5_27b,llm_new,52,-1.3154349327087402
qwen3_5_27b,llm_new,55,1.085713505744934
qwen3_5_27b,llm_new,56,0.9210671186447144
qwen3_5_27b,llm_new,57,-1.6012213230133057
qwen3_5_27b,llm_new,60,1.5495060682296753
qwen3_5_27b,llm_new,61,-1.2838711738586426
qwen3_5_27b,llm_new,62,-1.2637969255447388
qwen3_5_27b,llm_new,64,-2.0544376373291016
qwen3_5_27b,llm_new,66,1.3879154920578003
qwen3_5_27b,llm_new,67,-0.37713542580604553
qwen3_5_27b,llm_new,68,1.8844795227050781
qwen3_5_27b,llm_new,70,-1.6229380369186401
qwen3_5_27b,llm_new,71,0.04972805827856064
qwen3_5_27b,llm_new,73,-0.720329225063324
qwen3_5_27b,llm_new,74,1.7514255046844482
qwen3_5_27b,llm_new,75,-1.913939356803894
qwen3_5_27b,llm_new,77,-1.872654676437378
qwen3_5_27b,llm_new,78,-1.7405344247817993
qwen3_5_27b,llm_new,79,0.22713905572891235
qwen3_5_27b,llm_new,80,-1.584618330001831
qwen3_5_27b,llm_new,82,1.7888174057006836
qwen3_5_27b,llm_new,83,1.5258171558380127
qwen3_5_27b,llm_new,84,-1.2117630243301392
qwen3_5_27b,llm_new,85,-1.9287712574005127
qwen3_5_27b,llm_new,87,1.0409029722213745
qwen3_5_27b,llm_new,89,-1.024261236190796
qwen3_5_27b,llm_new,90,0.1138855591416359
qwen3_5_27b,llm_new,91,-0.897558867931366
qwen3_5_27b,llm_new,93,-1.564730167388916
qwen3_5_27b,llm_new,95,-1.7388956546783447
qwen3_5_27b,llm_new,97,1.3718527555465698
qwen3_5_27b,llm_new,98,-0.5352424383163452
qwen3_5_27b,llm_new,101,-2.0525243282318115
qwen3_5_27b,llm_new,102,-1.3080724477767944
qwen3_5_27b,llm_new,105,-2.0852088928222656
qwen3_5_27b,llm_new,108,-1.6951425075531006
qwen3_5_27b,llm_new,109,-0.39558401703834534
qwen3_5_27b,llm_new,110,-0.6729585528373718
qwen3_5_27b,llm_new,111,-2.131784439086914
qwen3_5_27b,llm_new,114,1.9786591529846191
qwen3_5_27b,llm_new,115,0.28215882182121277
qwen3_5_27b,llm_new,119,1.9112697839736938
qwen3_5_27b,llm_new,121,0.681400716304779
qwen3_5_27b,llm_new,126,2.106755018234253
qwen3_5_27b,llm_new,132,-0.526836097240448
qwen3_5_27b,llm_new,133,-1.6005576848983765
qwen3_5_27b,llm_new,134,-0.12918423116207123
qwen3_5_27b,llm_new,136,2.065244674682617
qwen3_5_27b,llm_new,137,-1.5957214832305908
qwen3_5_27b,llm_new,138,-1.1449103355407715
qwen3_5_27b,llm_new,140,-2.0951976776123047
qwen3_5_27b,llm_new,141,0.9212421774864197
qwen3_5_27b,llm_new,142,1.9897749423980713
qwen3_5_27b,llm_new,145,0.1431984007358551
qwen3_5_27b,llm_new,146,1.572553038597107
qwen3_5_27b,llm_new,149,0.9630357027053833
qwen3_5_27b,llm_new,156,-1.2829833030700684
qwen3_5_27b,llm_new,159,-1.53123140335083
qwen3_5_27b,llm_new,164,-2.017737627029419
qwen3_5_27b,llm_new,165,1.334796667098999
qwen3_5_27b,llm_new,166,0.31332504749298096
qwen3_5_27b,llm_new,168,1.8450675010681152
qwen3_5_27b,llm_new,169,-1.5871472358703613
qwen3_5_27b,llm_new,170,-1.288321614265442
qwen3_5_27b,llm_new,173,-1.4247820377349854
qwen3_5_27b,llm_new,174,0.03847485035657883
qwen3_5_27b,llm_new,175,-0.046826548874378204
qwen3_5_27b,llm_new,177,-1.3125770092010498
qwen3_5_27b,llm_new,179,0.1017751470208168
qwen3_5_27b,llm_new,182,-2.015056610107422
qwen3_5_27b,llm_new,183,-1.4908554553985596
qwen3_5_27b,llm_new,185,-0.5265396237373352
qwen3_5_27b,llm_new,186,0.4563673436641693
qwen3_5_27b,llm_new,193,-0.5454061627388
qwen3_5_27b,llm_new,194,-2.0523135662078857
qwen3_5_27b,llm_new,197,-1.4946106672286987
qwen3_5_27b,llm_new,199,1.617553949356079
qwen3_5_27b,llm_new,200,-2.0863518714904785
qwen3_5_27b,llm_new,205,-1.8593394756317139
qwen3_5_27b,llm_new,209,0.8686597943305969
qwen3_5_27b,llm_new,210,1.9452990293502808
qwen3_5_27b,llm_new,211,0.3075937032699585
qwen3_5_27b,llm_new,212,1.9112697839736938
qwen3_5_27b,llm_new,213,1.758714199066162
qwen3_5_27b,llm_new,214,0.34889963269233704
qwen3_5_27b,llm_new,216,2.1934452056884766
qwen3_5_27b,llm_new,219,-1.3387491703033447
qwen3_5_27b,llm_new,221,2.106539011001587
qwen3_5_27b,llm_new,222,-2.131784439086914
qwen3_5_27b,llm_new,224,-1.6897809505462646
qwen3_5_27b,llm_new,228,-1.1996852159500122
qwen3_5_27b,llm_new,229,-2.0603690147399902
qwen3_5_27b,llm_new,232,0.2386736273765564
qwen3_5_27b,llm_new,235,1.9127860069274902
qwen3_5_27b,llm_new,236,0.45190396904945374
qwen3_5_27b,llm_new,238,-0.935649037361145
qwen3_5_27b,llm_new,239,-1.0628483295440674
qwen3_5_27b,llm_new,240,1.021362066268921
qwen3_5_27b,llm_new,245,-2.0951976776123047
qwen3_5_27b,llm_new,248,-1.8766915798187256
qwen3_5_27b,llm_new,249,2.180049419403076
qwen3_5_27b,llm_new,250,-0.5305067896842957
qwen3_5_27b,llm_new,251,-1.4253902435302734
qwen3_5_27b,llm_new,255,-1.6114981174468994
qwen3_5_27b,llm_new,257,2.054809808731079
qwen3_5_27b,llm_new,260,0.48494502902030945
qwen3_5_27b,llm_new,261,-2.0578813552856445
qwen3_5_27b,llm_new,262,-1.2084838151931763
qwen3_5_27b,llm_new,265,-1.5871472358703613
qwen3_5_27b,llm_new,266,-2.057628631591797
qwen3_5_27b,llm_new,267,2.104790687561035
qwen3_5_27b,llm_new,273,1.1505465507507324
qwen3_5_27b,llm_new,275,-1.7078666687011719
qwen3_5_27b,llm_new,276,0.988459587097168
qwen3_5_27b,llm_new,278,-1.7470910549163818
qwen3_5_27b,llm_new,279,-0.39374688267707825
qwen3_5_27b,llm_new,281,-0.526836097240448
qwen3_5_27b,llm_new,282,1.62282133102417
qwen3_5_27b,llm_new,286,-1.858421802520752
qwen3_5_27b,llm_new,287,-0.7643784284591675
qwen3_5_27b,llm_new,290,-1.5637404918670654
qwen3_5_27b,llm_new,291,-1.4678905010223389
qwen3_5_27b,llm_new,292,-1.363182783126831
qwen3_5_27b,llm_new,293,-1.3962767124176025
qwen3_5_27b,llm_new,295,0.2454964816570282
qwen3_5_27b,llm_new,297,2.1556529998779297
qwen3_5_27b,llm_new,299,0.40209534764289856
qwen3_5_27b,llm_new,300,1.3783268928527832
qwen3_5_27b,llm_new,301,-2.060591459274292
qwen3_5_27b,llm_new,303,0.505219578742981
qwen3_5_27b,llm_new,306,-0.6931951642036438
qwen3_5_27b,llm_new,307,1.9912383556365967
qwen3_5_27b,llm_new,308,-1.614983320236206
qwen3_5_27b,llm_new,310,-2.079285144805908
qwen3_5_27b,llm_new,311,-1.0154881477355957
qwen3_5_27b,llm_new,312,1.898494005203247
qwen3_5_27b,llm_new,313,0.8685939908027649
qwen3_5_27b,llm_new,315,1.5672314167022705
qwen3_5_27b,llm_new,317,1.281981348991394
qwen3_5_27b,llm_new,319,1.1050373315811157
qwen3_5_27b,llm_new,320,-1.4247820377349854
qwen3_5_27b,llm_new,322,1.4776203632354736
qwen3_5_27b,llm_new,324,2.079237222671509
qwen3_5_27b,llm_new,327,1.197498083114624
qwen3_5_27b,llm_new,328,1.5897393226623535
qwen3_5_27b,llm_new,329,1.2360260486602783
qwen3_5_27b,llm_new,330,2.054811954498291
qwen3_5_27b,llm_new,332,-1.9423383474349976
qwen3_5_27b,llm_new,333,-0.526836097240448
qwen3_5_27b,llm_new,334,-2.050808906555176
qwen3_5_27b,llm_new,335,1.6292468309402466
qwen3_5_27b,llm_new,337,-1.5055599212646484
qwen3_5_27b,llm_new,339,0.23898833990097046
qwen3_5_27b,llm_new,343,0.1431984007358551
qwen3_5_27b,llm_new,345,-1.3742492198944092
qwen3_5_27b,llm_new,347,-2.0525243282318115
qwen3_5_27b,llm_new,351,-0.6442205309867859
qwen3_5_27b,llm_new,352,2.0989761352539062
qwen3_5_27b,llm_new,353,2.079110860824585
qwen3_5_27b,llm_new,355,-1.0583810806274414
qwen3_5_27b,llm_new,356,-1.964178204536438
qwen3_5_27b,llm_new,358,-0.726077139377594
qwen3_5_27b,llm_new,360,-1.9287712574005127
qwen3_5_27b,llm_new,361,1.9939987659454346
qwen3_5_27b,llm_new,362,2.103196144104004
qwen3_5_27b,llm_new,363,-1.0487406253814697
qwen3_5_27b,llm_new,364,0.18226215243339539
qwen3_5_27b,llm_new,366,-1.224401831626892
qwen3_5_27b,llm_new,368,-0.6652876734733582
qwen3_5_27b,llm_new,369,-1.1992135047912598
qwen3_5_27b,llm_new,371,1.2160547971725464
qwen3_5_27b,llm_new,372,2.0433847904205322
qwen3_5_27b,llm_new,376,-2.063192844390869
qwen3_5_27b,llm_new,378,-0.34251323342323303
qwen3_5_27b,llm_new,381,-1.4561748504638672
qwen3_5_27b,llm_new,382,-1.4518957138061523
qwen3_5_27b,llm_new,383,-1.6327507495880127
qwen3_5_27b,llm_new,389,0.9479205012321472
qwen3_5_27b,llm_new,391,-2.0754504203796387
qwen3_5_27b,llm_new,394,1.827317237854004
qwen3_5_27b,llm_new,395,1.0062098503112793
qwen3_5_27b,llm_new,397,-2.126387119293213
qwen3_5_27b,llm_new,399,-0.6750756502151489
qwen3_5_27b,llm_new,405,-0.9924184679985046
qwen3_5_27b,llm_new,406,1.2199175357818604
qwen3_5_27b,llm_new,409,-1.159694790840149
qwen3_5_27b,llm_new,410,0.26633578538894653
qwen3_5_27b,llm_new,412,-1.834763526916504
qwen3_5_27b,llm_new,413,-1.89845871925354
qwen3_5_27b,llm_new,417,1.680650234222412
qwen3_5_27b,llm_new,418,-0.897558867931366
qwen3_5_27b,llm_new,421,1.873840570449829
qwen3_5_27b,llm_new,423,-0.09656470268964767
qwen3_5_27b,llm_new,424,1.9083725214004517
qwen3_5_27b,llm_new,425,-0.0453999862074852
qwen3_5_27b,llm_new,426,0.9369634985923767
qwen3_5_27b,llm_new,427,-1.4505144357681274
qwen3_5_27b,llm_new,429,1.0314486026763916
qwen3_5_27b,llm_new,430,-1.929455041885376
qwen3_5_27b,llm_new,431,-2.153743267059326
qwen3_5_27b,llm_new,433,-1.1298104524612427
qwen3_5_27b,llm_new,434,2.0393877029418945
qwen3_5_27b,llm_new,437,2.2649965286254883
qwen3_5_27b,llm_new,440,-1.3052666187286377
qwen3_5_27b,llm_new,441,-0.08520673960447311
qwen3_5_27b,llm_new,443,-1.779191255569458
qwen3_5_27b,llm_new,445,-1.8260095119476318
qwen3_5_27b,llm_new,446,2.0393877029418945
qwen3_5_27b,llm_new,448,-1.247743010520935
qwen3_5_27b,llm_new,449,-2.065143585205078
qwen3_5_27b,llm_new,450,-1.7977731227874756
qwen3_5_27b,llm_new,451,-0.64423668384552
qwen3_5_27b,llm_new,452,1.2435355186462402
qwen3_5_27b,llm_new,454,0.31477394700050354
qwen3_5_27b,llm_new,457,-0.9495751261711121
qwen3_5_27b,llm_new,458,-2.0642614364624023
qwen3_5_27b,llm_new,463,-1.636746883392334
qwen3_5_27b,llm_new,465,-1.4772130250930786
qwen3_5_27b,llm_new,466,-1.180192232131958
qwen3_5_27b,llm_new,468,1.5897393226623535
qwen3_5_27b,llm_new,469,-0.939796507358551
qwen3_5_27b,llm_new,478,1.8528603315353394
qwen3_5_27b,llm_new,479,2.005652666091919
qwen3_5_27b,llm_new,480,1.3217964172363281
qwen3_5_27b,llm_new,482,-2.1264705657958984
qwen3_5_27b,llm_new,483,-1.909619688987732
qwen3_5_27b,llm_new,484,0.9212421774864197
qwen3_5_27b,llm_new,486,-1.4680242538452148
qwen3_5_27b,llm_new,487,-1.5637404918670654
qwen3_5_27b,llm_new,491,-0.8547729849815369
qwen3_5_27b,llm_new,494,-2.099430799484253
qwen3_5_27b,llm_new,495,2.2282865047454834
qwen3_5_27b,llm_new,496,1.8528876304626465
qwen3_5_27b,llm_new,498,-1.3808503150939941
qwen3_5_27b,llm_new,500,-1.8415368795394897
qwen3_5_27b,llm_new,501,2.1592864990234375
qwen3_5_27b,llm_new,502,1.71834397315979
qwen3_5_27b,llm_new,507,-1.2979621887207031
qwen3_5_27b,llm_new,508,-2.099430799484253
qwen3_5_27b,llm_new,514,-2.0627927780151367
qwen3_5_27b,llm_new,515,-1.2756333351135254
qwen3_5_27b,llm_new,517,0.4254801571369171
qwen3_5_27b,llm_new,519,1.29886794090271
qwen3_5_27b,llm_new,520,0.5863891243934631
qwen3_5_27b,llm_new,522,0.12317360192537308
qwen3_5_27b,llm_new,523,-1.9315359592437744
qwen3_5_27b,llm_new,524,-0.08757258206605911
qwen3_5_27b,llm_new,526,-2.0432307720184326
qwen3_5_27b,llm_new,527,-1.7565209865570068
qwen3_5_27b,llm_new,528,-0.5604168772697449
qwen3_5_27b,llm_new,529,-0.76829594373703
qwen3_5_27b,llm_new,530,-1.7052180767059326
qwen3_5_27b,llm_new,531,2.0422005653381348
qwen3_5_27b,llm_new,532,-2.171663999557495
qwen3_5_27b,llm_new,533,-0.5962225794792175
qwen3_5_27b,llm_new,534,-2.0951976776123047
qwen3_5_27b,llm_new,535,-1.499728798866272
qwen3_5_27b,llm_new,536,-0.6668128371238708
qwen3_5_27b,llm_new,537,-2.099430799484253
qwen3_5_27b,llm_new,540,-2.0690646171569824
qwen3_5_27b,llm_new,542,-1.7486445903778076
qwen3_5_27b,llm_new,543,2.0965065956115723
qwen3_5_27b,llm_new,544,1.8113927841186523
qwen3_5_27b,llm_new,545,-2.057046890258789
qwen3_5_27b,llm_new,546,-1.4968328475952148
qwen3_5_27b,llm_new,548,-0.559700071811676
qwen3_5_27b,llm_new,549,-0.38271650671958923
qwen3_5_27b,llm_new,550,-1.6357972621917725
qwen3_5_27b,llm_new,553,1.662265658378601
qwen3_5_27b,llm_new,555,0.18368002772331238
qwen3_5_27b,llm_new,558,-1.4193439483642578
qwen3_5_27b,llm_new,560,-0.9686271548271179
qwen3_5_27b,llm_new,568,-1.7588549852371216
qwen3_5_27b,llm_new,569,-2.0096354484558105
qwen3_5_27b,llm_new,571,-2.024387836456299
qwen3_5_27b,llm_new,573,0.5567142963409424
qwen3_5_27b,llm_new,576,-1.9988582134246826
qwen3_5_27b,llm_new,577,-0.76829594373703
qwen3_5_27b,llm_new,579,-2.169168472290039
qwen3_5_27b,llm_new,581,-0.08520673960447311
qwen3_5_27b,llm_new,582,-1.3330329656600952
qwen3_5_27b,llm_new,583,0.41017672419548035
qwen3_5_27b,llm_new,584,1.9469308853149414
qwen3_5_27b,llm_new,585,-0.41962066292762756
qwen3_5_27b,llm_new,586,0.9212421774864197
qwen3_5_27b,llm_new,588,-1.169448971748352
qwen3_5_27b,llm_new,589,0.6517542004585266
qwen3_5_27b,llm_new,590,-1.9116191864013672
qwen3_5_27b,llm_new,591,-1.872654676437378
qwen3_5_27b,llm_new,594,-0.08520673960447311
qwen3_5_27b,llm_new,595,1.707300066947937
qwen3_5_27b,llm_new,596,-2.0697426795959473
qwen3_5_27b,llm_new,597,-0.9877515435218811
qwen3_5_27b,llm_new,598,-2.0551371574401855
qwen3_5_27b,llm_new,599,-1.863344430923462
qwen3_5_27b,llm_new,600,-0.27851635217666626
qwen3_5_27b,llm_new,602,-2.033759593963623
qwen3_5_27b,llm_new,604,2.2158045768737793
qwen3_5_27b,llm_new,605,-0.05574684590101242
qwen3_5_27b,llm_new,606,1.6447049379348755
qwen3_5_27b,llm_new,612,-2.0434987545013428
qwen3_5_27b,llm_new,614,-2.0565807819366455
qwen3_5_27b,llm_new,616,1.778527021408081
qwen3_5_27b,llm_new,618,0.5583725571632385
qwen3_5_27b,llm_new,619,0.4590316712856293
qwen3_5_27b,llm_new,622,1.8357845544815063
qwen3_5_27b,llm_new,627,-1.839199185371399
qwen3_5_27b,llm_new,629,-0.8409397006034851
qwen3_5_27b,llm_new,630,1.154208779335022
qwen3_5_27b,llm_new,632,1.6400971412658691
qwen3_5_27b,llm_new,634,-1.3801095485687256
qwen3_5_27b,llm_new,635,-2.0587151050567627
qwen3_5_27b,llm_new,636,-2.0657758712768555
qwen3_5_27b,llm_new,637,2.0307087898254395
qwen3_5_27b,llm_new,639,-1.8260095119476318
qwen3_5_27b,llm_new,644,-2.169168472290039
qwen3_5_27b,llm_new,645,-1.0416591167449951
qwen3_5_27b,llm_new,650,0.6974106431007385
qwen3_5_27b,llm_new,651,2.1246604919433594
qwen3_5_27b,llm_new,653,-2.0745251178741455
qwen3_5_27b,llm_new,654,-1.7719495296478271
qwen3_5_27b,llm_new,656,-0.9201696515083313
qwen3_5_27b,llm_new,657,-0.8409397006034851
qwen3_5_27b,llm_new,661,-0.6119769811630249
qwen3_5_27b,llm_new,663,-0.9727341532707214
qwen3_5_27b,llm_new,665,-1.564730167388916
qwen3_5_27b,llm_new,666,-0.897558867931366
qwen3_5_27b,llm_new,669,-2.0390684604644775
qwen3_5_27b,llm_new,670,1.9155457019805908
qwen3_5_27b,llm_new,671,1.635025143623352
qwen3_5_27b,llm_new,674,-2.0732126235961914
qwen3_5_27b,llm_new,678,1.893728494644165
qwen3_5_27b,llm_new,679,2.08766508102417
qwen3_5_27b,llm_new,680,1.4140090942382812
qwen3_5_27b,llm_new,683,-1.458918571472168
qwen3_5_27b,llm_new,688,-2.0732126235961914
qwen3_5_27b,llm_new,690,-0.03888560086488724
qwen3_5_27b,llm_new,693,-1.1978366374969482
qwen3_5_27b,llm_new,695,1.9883953332901
qwen3_5_27b,llm_new,696,-1.229923963546753
qwen3_5_27b,llm_new,697,-1.0073432922363281
qwen3_5_27b,llm_new,698,-1.667629361152649
qwen3_5_27b,llm_new,704,-1.5052142143249512
qwen3_5_27b,llm_new,706,1.5126464366912842
qwen3_5_27b,llm_new,707,-1.8260095119476318
qwen3_5_27b,llm_new,708,2.1046695709228516
qwen3_5_27b,llm_new,709,-2.0201077461242676
qwen3_5_27b,llm_new,711,0.41240692138671875
qwen3_5_27b,llm_new,712,-0.748561680316925
qwen3_5_27b,llm_new,714,1.3887649774551392
qwen3_5_27b,llm_new,715,-0.48280778527259827
qwen3_5_27b,llm_new,716,1.05190908908844
qwen3_5_27b,llm_new,717,-0.5045650005340576
qwen3_5_27b,llm_new,718,0.47447866201400757
qwen3_5_27b,llm_new,722,-1.995620846748352
qwen3_5_27b,llm_new,723,-1.8415368795394897
qwen3_5_27b,llm_new,729,-1.2979621887207031
qwen3_5_27b,llm_new,732,-2.1264705657958984
qwen3_5_27b,llm_new,735,1.0499484539031982
qwen3_5_27b,llm_new,738,2.0877623558044434
qwen3_5_27b,llm_new,741,-2.0410451889038086
qwen3_5_27b,llm_new,742,-1.6214333772659302
qwen3_5_27b,llm_new,746,-1.3666396141052246
qwen3_5_27b,llm_new,750,-1.6888442039489746
qwen3_5_27b,llm_new,754,0.7851790189743042
qwen3_5_27b,llm_new,757,1.0740957260131836
qwen3_5_27b,llm_new,758,0.41618892550468445
qwen3_5_27b,llm_new,762,-0.41782501339912415
qwen3_5_27b,llm_new,765,1.428525686264038
qwen3_5_27b,llm_new,768,2.0522654056549072
qwen3_5_27b,llm_new,774,1.3953516483306885
qwen3_5_27b,llm_new,775,-0.0453999862074852
qwen3_5_27b,llm_new,778,-1.1107311248779297
qwen3_5_27b,llm_new,779,-0.8382607102394104
qwen3_5_27b,llm_new,782,-1.331452488899231
qwen3_5_27b,llm_new,784,0.3194942772388458
qwen3_5_27b,llm_new,788,0.8001123070716858
qwen3_5_27b,llm_new,790,-1.990004062652588
qwen3_5_27b,llm_new,793,-0.3642006516456604
qwen3_5_27b,llm_new,797,-0.1399666666984558
qwen3_5_27b,llm_new,798,0.36162057518959045
qwen3_5_27b,llm_new,799,-2.024387836456299
qwen3_5_27b,llm_new,800,-0.5709888339042664
qwen3_5_27b,llm_new,801,2.283771514892578
qwen3_5_27b,llm_new,803,-1.872654676437378
qwen3_5_27b,llm_new,811,-1.5389187335968018
qwen3_5_27b,llm_new,812,-1.6093502044677734
qwen3_5_27b,llm_new,814,0.6114049553871155
qwen3_5_27b,llm_new,817,-0.34316447377204895
qwen3_5_27b,llm_new,818,0.3772207200527191
qwen3_5_27b,llm_new,821,-0.7392549514770508
qwen3_5_27b,llm_new,823,2.1045217514038086
qwen3_5_27b,llm_new,824,-1.7450454235076904
qwen3_5_27b,llm_new,825,-1.7979216575622559
qwen3_5_27b,llm_new,827,1.5954959392547607
qwen3_5_27b,llm_new,828,-0.9830503463745117
qwen3_5_27b,llm_new,830,-2.0749990940093994
qwen3_5_27b,llm_new,833,-1.681098461151123
qwen3_5_27b,llm_new,837,1.9663687944412231
qwen3_5_27b,llm_new,838,-2.1264705657958984
qwen3_5_27b,llm_new,846,0.8686597943305969
qwen3_5_27b,llm_new,850,-1.9162036180496216
qwen3_5_27b,llm_new,853,-2.067605972290039
qwen3_5_27b,llm_new,860,0.6322780251502991
qwen3_5_27b,llm_new,866,-1.4751994609832764
qwen3_5_27b,llm_new,867,0.2543768882751465
qwen3_5_27b,llm_new,868,1.9975066184997559
qwen3_5_27b,llm_new,869,1.9813687801361084
qwen3_5_27b,llm_new,871,-2.079525947570801
qwen3_5_27b,llm_new,873,-2.1062352657318115
qwen3_5_27b,llm_new,874,-1.7741217613220215
qwen3_5_27b,llm_new,877,-1.9448065757751465
qwen3_5_27b,llm_new,880,0.9188482165336609
qwen3_5_27b,llm_new,882,-1.4220913648605347
qwen3_5_27b,llm_new,883,-1.1473100185394287
qwen3_5_27b,llm_new,884,1.0458950996398926
qwen3_5_27b,llm_new,885,0.36162057518959045
qwen3_5_27b,llm_new,886,1.9992355108261108
qwen3_5_27b,llm_new,893,1.425290584564209
qwen3_5_27b,llm_new,894,1.9112697839736938
qwen3_5_27b,llm_new,895,2.15285062789917
qwen3_5_27b,llm_new,896,-0.0453999862074852
qwen3_5_27b,llm_new,897,-1.50654137134552
qwen3_5_27b,llm_new,900,-1.4652650356292725
qwen3_5_27b,llm_new,901,0.6604663133621216
qwen3_5_27b,llm_new,902,-1.7380638122558594
qwen3_5_27b,llm_new,903,-0.5576226711273193
qwen3_5_27b,llm_new,904,1.6233723163604736
qwen3_5_27b,llm_new,905,-0.830226719379425
qwen3_5_27b,llm_new,908,1.7709155082702637
qwen3_5_27b,llm_new,911,-0.5931107401847839
qwen3_5_27b,llm_new,915,-0.8682540655136108
qwen3_5_27b,llm_new,917,0.8895866870880127
qwen3_5_27b,llm_new,918,-0.5216193795204163
qwen3_5_27b,llm_new,919,-2.0696403980255127
qwen3_5_27b,llm_new,921,0.7766064405441284
qwen3_5_27b,llm_new,922,-1.7512025833129883
qwen3_5_27b,llm_new,923,-0.7196559906005859
qwen3_5_27b,llm_new,924,-1.7741217613220215
qwen3_5_27b,llm_new,925,1.4540070295333862
qwen3_5_27b,llm_new,926,-1.9800586700439453
qwen3_5_27b,llm_new,927,-1.3376169204711914
qwen3_5_27b,llm_new,931,-2.0690646171569824
qwen3_5_27b,llm_new,934,-1.857178807258606
qwen3_5_27b,llm_new,935,0.9900386929512024
qwen3_5_27b,llm_new,936,-1.6006410121917725
qwen3_5_27b,llm_new,937,-1.7512025833129883
qwen3_5_27b,llm_new,939,-0.5371119379997253
qwen3_5_27b,llm_new,940,-1.5712732076644897
qwen3_5_27b,llm_new,942,1.7356139421463013
qwen3_5_27b,llm_new,943,2.0422005653381348
qwen3_5_27b,llm_new,947,-2.070681095123291
qwen3_5_27b,llm_new,948,-2.022261142730713
qwen3_5_27b,llm_new,949,-1.153019905090332
qwen3_5_27b,llm_new,950,-0.15446466207504272
qwen3_5_27b,llm_new,951,-1.2369141578674316
qwen3_5_27b,llm_new,960,-0.3759077191352844
qwen3_5_27b,llm_new,962,1.9250437021255493
qwen3_5_27b,llm_new,964,1.8851680755615234
qwen3_5_27b,llm_new,971,-1.0101374387741089
qwen3_5_27b,llm_new,974,-1.6229380369186401
qwen3_5_27b,llm_new,975,-1.493687391281128
qwen3_5_27b,llm_new,976,-1.8848048448562622
qwen3_5_27b,llm_new,978,-2.133035182952881
qwen3_5_27b,llm_new,979,-1.8058440685272217
qwen3_5_27b,llm_new,986,-1.5855653285980225
qwen3_5_27b,llm_new,987,2.103196144104004
qwen3_5_27b,llm_new,989,-1.180192232131958
qwen3_5_27b,llm_new,990,-1.1348960399627686
qwen3_5_27b,llm_new,991,-0.6243040561676025
qwen3_5_27b,llm_new,992,-2.0392727851867676
qwen3_5_27b,llm_new,995,-2.0642614364624023
qwen3_5_27b,llm_new,996,-1.4289968013763428
qwen3_5_27b,llm_new,998,1.9813687801361084
qwen3_5_27b,llm_new,999,-1.496350646018982
mistral_medium_3_5,llm_new,1,0.6547280550003052
mistral_medium_3_5,llm_new,3,0.46958041191101074
mistral_medium_3_5,llm_new,4,2.271057605743408
mistral_medium_3_5,llm_new,6,-1.2171036005020142
mistral_medium_3_5,llm_new,7,2.5089406967163086
mistral_medium_3_5,llm_new,8,0.2844056487083435
mistral_medium_3_5,llm_new,10,0.3077944815158844
mistral_medium_3_5,llm_new,11,-2.261256217956543
mistral_medium_3_5,llm_new,12,-1.8480967283248901
mistral_medium_3_5,llm_new,13,-0.6364911794662476
mistral_medium_3_5,llm_new,19,-2.27087140083313
mistral_medium_3_5,llm_new,24,-2.20505952835083
mistral_medium_3_5,llm_new,25,-1.0419871807098389
mistral_medium_3_5,llm_new,26,-0.9392046928405762
mistral_medium_3_5,llm_new,29,-1.777521014213562
mistral_medium_3_5,llm_new,30,-1.8377666473388672
mistral_medium_3_5,llm_new,31,-2.315545082092285
mistral_medium_3_5,llm_new,32,2.252127170562744
mistral_medium_3_5,llm_new,34,-1.8601360321044922
mistral_medium_3_5,llm_new,40,-0.807124137878418
mistral_medium_3_5,llm_new,42,-0.7579711675643921
mistral_medium_3_5,llm_new,43,-1.0400713682174683
mistral_medium_3_5,llm_new,44,-1.4947177171707153
mistral_medium_3_5,llm_new,45,-2.302119016647339
mistral_medium_3_5,llm_new,50,-2.2413330078125
mistral_medium_3_5,llm_new,52,-0.9600387811660767
mistral_medium_3_5,llm_new,55,0.7039796113967896
mistral_medium_3_5,llm_new,56,0.38726818561553955
mistral_medium_3_5,llm_new,57,-1.8393882513046265
mistral_medium_3_5,llm_new,60,1.0056647062301636
mistral_medium_3_5,llm_new,61,-1.9290225505828857
mistral_medium_3_5,llm_new,62,-1.4740270376205444
mistral_medium_3_5,llm_new,64,-2.248406410217285
mistral_medium_3_5,llm_new,66,1.554251790046692
mistral_medium_3_5,llm_new,67,0.42941197752952576
mistral_medium_3_5,llm_new,68,1.9208970069885254
mistral_medium_3_5,llm_new,70,-1.6057392358779907
mistral_medium_3_5,llm_new,71,-0.24966946244239807
mistral_medium_3_5,llm_new,73,-1.0480810403823853
mistral_medium_3_5,llm_new,74,1.05791175365448
mistral_medium_3_5,llm_new,75,-1.921345591545105
mistral_medium_3_5,llm_new,77,-1.6934864521026611
mistral_medium_3_5,llm_new,78,-1.417336344718933
mistral_medium_3_5,llm_new,79,0.23027777671813965
mistral_medium_3_5,llm_new,80,-1.8563354015350342
mistral_medium_3_5,llm_new,82,0.9673071503639221
mistral_medium_3_5,llm_new,83,1.8460100889205933
mistral_medium_3_5,llm_new,84,-1.4353532791137695
mistral_medium_3_5,llm_new,85,-2.1608362197875977
mistral_medium_3_5,llm_new,87,1.087236762046814
mistral_medium_3_5,llm_new,89,-1.1827725172042847
mistral_medium_3_5,llm_new,90,-0.4524686932563782
mistral_medium_3_5,llm_new,91,-0.8874541521072388
mistral_medium_3_5,llm_new,93,-2.4429197311401367
mistral_medium_3_5,llm_new,95,-1.3884735107421875
mistral_medium_3_5,llm_new,97,0.9567601680755615
mistral_medium_3_5,llm_new,98,-1.1065123081207275
mistral_medium_3_5,llm_new,101,-2.2465975284576416
mistral_medium_3_5,llm_new,102,-1.5391227006912231
mistral_medium_3_5,llm_new,105,-2.279064178466797
mistral_medium_3_5,llm_new,108,-1.2233384847640991
mistral_medium_3_5,llm_new,109,-0.8555642366409302
mistral_medium_3_5,llm_new,110,-1.0019460916519165
mistral_medium_3_5,llm_new,111,-2.312300682067871
mistral_medium_3_5,llm_new,114,2.595017910003662
mistral_medium_3_5,llm_new,115,-0.41754162311553955
mistral_medium_3_5,llm_new,119,1.938306450843811
mistral_medium_3_5,llm_new,121,0.25351718068122864
mistral_medium_3_5,llm_new,126,2.610999584197998
mistral_medium_3_5,llm_new,132,-1.1120299100875854
mistral_medium_3_5,llm_new,133,-2.458810806274414
mistral_medium_3_5,llm_new,134,-0.365326464176178
mistral_medium_3_5,llm_new,136,2.4196114540100098
mistral_medium_3_5,llm_new,137,-2.461367607116699
mistral_medium_3_5,llm_new,138,-0.7733510732650757
mistral_medium_3_5,llm_new,140,-2.273764133453369
mistral_medium_3_5,llm_new,141,0.5938047170639038
mistral_medium_3_5,llm_new,142,2.282918930053711
mistral_medium_3_5,llm_new,145,-0.5601879358291626
mistral_medium_3_5,llm_new,146,0.8907591104507446
mistral_medium_3_5,llm_new,149,0.005208360031247139
mistral_medium_3_5,llm_new,156,-1.6011408567428589
mistral_medium_3_5,llm_new,159,-2.210594654083252
mistral_medium_3_5,llm_new,164,-2.2003977298736572
mistral_medium_3_5,llm_new,165,0.5193955302238464
mistral_medium_3_5,llm_new,166,-0.5840287208557129
mistral_medium_3_5,llm_new,168,2.0866053104400635
mistral_medium_3_5,llm_new,169,-1.271639108657837
mistral_medium_3_5,llm_new,170,-2.1960177421569824
mistral_medium_3_5,llm_new,173,-1.1678742170333862
mistral_medium_3_5,llm_new,174,-0.1816825568675995
mistral_medium_3_5,llm_new,175,0.3408268690109253
mistral_medium_3_5,llm_new,177,-1.7698253393173218
mistral_medium_3_5,llm_new,179,-0.5552133321762085
mistral_medium_3_5,llm_new,182,-2.1775081157684326
mistral_medium_3_5,llm_new,183,-1.6003336906433105
mistral_medium_3_5,llm_new,185,-0.8064883947372437
mistral_medium_3_5,llm_new,186,0.22918090224266052
mistral_medium_3_5,llm_new,193,-0.843335747718811
mistral_medium_3_5,llm_new,194,-2.2469379901885986
mistral_medium_3_5,llm_new,197,-1.7877728939056396
mistral_medium_3_5,llm_new,199,0.3030393719673157
mistral_medium_3_5,llm_new,200,-2.265854835510254
mistral_medium_3_5,llm_new,205,-2.454490900039673
mistral_medium_3_5,llm_new,209,-0.011141924187541008
mistral_medium_3_5,llm_new,210,2.296266555786133
mistral_medium_3_5,llm_new,211,0.030470820143818855
mistral_medium_3_5,llm_new,212,1.938306450843811
mistral_medium_3_5,llm_new,213,1.4294486045837402
mistral_medium_3_5,llm_new,214,-0.6676211953163147
mistral_medium_3_5,llm_new,216,2.258235216140747
mistral_medium_3_5,llm_new,219,-1.4962161779403687
mistral_medium_3_5,llm_new,221,2.5025298595428467
mistral_medium_3_5,llm_new,222,-2.312300682067871
mistral_medium_3_5,llm_new,224,-2.3040499687194824
mistral_medium_3_5,llm_new,228,-1.4303549528121948
mistral_medium_3_5,llm_new,229,-2.2534990310668945
mistral_medium_3_5,llm_new,232,0.2570943534374237
mistral_medium_3_5,llm_new,235,2.5423643589019775
mistral_medium_3_5,llm_new,236,-0.07151977717876434
mistral_medium_3_5,llm_new,238,-1.3953758478164673
mistral_medium_3_5,llm_new,239,-1.777521014213562
mistral_medium_3_5,llm_new,240,0.5452407598495483
mistral_medium_3_5,llm_new,245,-2.273764133453369
mistral_medium_3_5,llm_new,248,-2.113832473754883
mistral_medium_3_5,llm_new,249,1.7128429412841797
mistral_medium_3_5,llm_new,250,-1.2401928901672363
mistral_medium_3_5,llm_new,251,-1.8359817266464233
mistral_medium_3_5,llm_new,255,-2.3657639026641846
mistral_medium_3_5,llm_new,257,2.067283868789673
mistral_medium_3_5,llm_new,260,-0.2330298125743866
mistral_medium_3_5,llm_new,261,-2.2512435913085938
mistral_medium_3_5,llm_new,262,-1.0396283864974976
mistral_medium_3_5,llm_new,265,-1.271639108657837
mistral_medium_3_5,llm_new,266,-2.2502925395965576
mistral_medium_3_5,llm_new,267,2.508456230163574
mistral_medium_3_5,llm_new,273,0.7874068021774292
mistral_medium_3_5,llm_new,275,-2.246619701385498
mistral_medium_3_5,llm_new,276,0.0031582433730363846
mistral_medium_3_5,llm_new,278,-1.8595277070999146
mistral_medium_3_5,llm_new,279,0.02193211205303669
mistral_medium_3_5,llm_new,281,-1.1120299100875854
mistral_medium_3_5,llm_new,282,1.0798629522323608
mistral_medium_3_5,llm_new,286,-2.085627555847168
mistral_medium_3_5,llm_new,287,-1.1634597778320312
mistral_medium_3_5,llm_new,290,-2.418473482131958
mistral_medium_3_5,llm_new,291,-1.2384177446365356
mistral_medium_3_5,llm_new,292,-1.9373877048492432
mistral_medium_3_5,llm_new,293,-1.6502249240875244
mistral_medium_3_5,llm_new,295,-0.6978809237480164
mistral_medium_3_5,llm_new,297,1.1270132064819336
mistral_medium_3_5,llm_new,299,0.38810843229293823
mistral_medium_3_5,llm_new,300,0.6463404893875122
mistral_medium_3_5,llm_new,301,-2.253166913986206
mistral_medium_3_5,llm_new,303,0.2844056487083435
mistral_medium_3_5,llm_new,306,-0.5255866646766663
mistral_medium_3_5,llm_new,307,1.6344162225723267
mistral_medium_3_5,llm_new,308,-1.50852632522583
mistral_medium_3_5,llm_new,310,-2.270627975463867
mistral_medium_3_5,llm_new,311,-1.6787561178207397
mistral_medium_3_5,llm_new,312,1.9304113388061523
mistral_medium_3_5,llm_new,313,0.5689921379089355
mistral_medium_3_5,llm_new,315,1.186602234840393
mistral_medium_3_5,llm_new,317,0.47810056805610657
mistral_medium_3_5,llm_new,319,0.7383430004119873
mistral_medium_3_5,llm_new,320,-1.1678742170333862
mistral_medium_3_5,llm_new,322,0.33346104621887207
mistral_medium_3_5,llm_new,324,2.3888370990753174
mistral_medium_3_5,llm_new,327,1.2665789127349854
mistral_medium_3_5,llm_new,328,1.0458639860153198
mistral_medium_3_5,llm_new,329,0.6501004099845886
mistral_medium_3_5,llm_new,330,1.3042387962341309
mistral_medium_3_5,llm_new,332,-2.1730964183807373
mistral_medium_3_5,llm_new,333,-1.1120299100875854
mistral_medium_3_5,llm_new,334,-1.835325002670288
mistral_medium_3_5,llm_new,335,1.9727178812026978
mistral_medium_3_5,llm_new,337,-2.0387556552886963
mistral_medium_3_5,llm_new,339,0.10626976937055588
mistral_medium_3_5,llm_new,343,-0.5601879358291626
mistral_medium_3_5,llm_new,345,-1.9150344133377075
mistral_medium_3_5,llm_new,347,-2.2465975284576416
mistral_medium_3_5,llm_new,351,-1.289898157119751
mistral_medium_3_5,llm_new,352,2.4859092235565186
mistral_medium_3_5,llm_new,353,2.4827628135681152
mistral_medium_3_5,llm_new,355,-1.116340160369873
mistral_medium_3_5,llm_new,356,-2.2032248973846436
mistral_medium_3_5,llm_new,358,-0.9512811899185181
mistral_medium_3_5,llm_new,360,-2.1608362197875977
mistral_medium_3_5,llm_new,361,2.2515127658843994
mistral_medium_3_5,llm_new,362,2.508340358734131
mistral_medium_3_5,llm_new,363,-1.554190754890442
mistral_medium_3_5,llm_new,364,-0.24914804100990295
mistral_medium_3_5,llm_new,366,-1.2949459552764893
mistral_medium_3_5,llm_new,368,-1.0180517435073853
mistral_medium_3_5,llm_new,369,-1.448528528213501
mistral_medium_3_5,llm_new,371,0.046805717051029205
mistral_medium_3_5,llm_new,372,2.4458603858947754
mistral_medium_3_5,llm_new,376,-2.254992961883545
mistral_medium_3_5,llm_new,378,-0.8058091402053833
mistral_medium_3_5,llm_new,381,-2.0972557067871094
mistral_medium_3_5,llm_new,382,-1.6810551881790161
mistral_medium_3_5,llm_new,383,-2.3904356956481934
mistral_medium_3_5,llm_new,389,0.7012615203857422
mistral_medium_3_5,llm_new,391,-1.877901554107666
mistral_medium_3_5,llm_new,394,2.3395278453826904
mistral_medium_3_5,llm_new,395,0.45249366760253906
mistral_medium_3_5,llm_new,397,-2.3103199005126953
mistral_medium_3_5,llm_new,399,0.055699653923511505
mistral_medium_3_5,llm_new,405,-0.975977897644043
mistral_medium_3_5,llm_new,406,0.395457923412323
mistral_medium_3_5,llm_new,409,-0.9168886542320251
mistral_medium_3_5,llm_new,410,-0.1508820354938507
mistral_medium_3_5,llm_new,412,-2.310880184173584
mistral_medium_3_5,llm_new,413,-2.445063591003418
mistral_medium_3_5,llm_new,417,1.6753863096237183
mistral_medium_3_5,llm_new,418,-0.8874541521072388
mistral_medium_3_5,llm_new,421,1.9627341032028198
mistral_medium_3_5,llm_new,423,-0.00973181240260601
mistral_medium_3_5,llm_new,424,1.7511898279190063
mistral_medium_3_5,llm_new,425,-0.2854047119617462
mistral_medium_3_5,llm_new,426,0.8386222124099731
mistral_medium_3_5,llm_new,427,-0.6211643815040588
mistral_medium_3_5,llm_new,429,1.128204584121704
mistral_medium_3_5,llm_new,430,-2.4338135719299316
mistral_medium_3_5,llm_new,431,-2.1454904079437256
mistral_medium_3_5,llm_new,433,-0.5775148868560791
mistral_medium_3_5,llm_new,434,2.349851608276367
mistral_medium_3_5,llm_new,437,2.3123555183410645
mistral_medium_3_5,llm_new,440,-1.5494102239608765
mistral_medium_3_5,llm_new,441,-0.6274402141571045
mistral_medium_3_5,llm_new,443,-1.930955171585083
mistral_medium_3_5,llm_new,445,-2.467740058898926
mistral_medium_3_5,llm_new,446,2.349851608276367
mistral_medium_3_5,llm_new,448,-1.4398194551467896
mistral_medium_3_5,llm_new,449,-2.25777530670166
mistral_medium_3_5,llm_new,450,-2.145160436630249
mistral_medium_3_5,llm_new,451,-1.353859782218933
mistral_medium_3_5,llm_new,452,1.475237250328064
mistral_medium_3_5,llm_new,454,0.06369559466838837
mistral_medium_3_5,llm_new,457,-1.3720327615737915
mistral_medium_3_5,llm_new,458,-2.2454099655151367
mistral_medium_3_5,llm_new,463,-2.149535655975342
mistral_medium_3_5,llm_new,465,-1.6503409147262573
mistral_medium_3_5,llm_new,466,-1.8257970809936523
mistral_medium_3_5,llm_new,468,1.0458639860153198
mistral_medium_3_5,llm_new,469,-1.140746831893921
mistral_medium_3_5,llm_new,478,1.927615761756897
mistral_medium_3_5,llm_new,479,2.4610257148742676
mistral_medium_3_5,llm_new,480,0.90618497133255
mistral_medium_3_5,llm_new,482,-2.07383394241333
mistral_medium_3_5,llm_new,483,-2.441426992416382
mistral_medium_3_5,llm_new,484,0.5938047170639038
mistral_medium_3_5,llm_new,486,-2.2404332160949707
mistral_medium_3_5,llm_new,487,-2.418473482131958
mistral_medium_3_5,llm_new,491,-1.2417770624160767
mistral_medium_3_5,llm_new,494,-1.972212791442871
mistral_medium_3_5,llm_new,495,2.4458141326904297
mistral_medium_3_5,llm_new,496,1.2358371019363403
mistral_medium_3_5,llm_new,498,-1.126171588897705
mistral_medium_3_5,llm_new,500,-2.464785099029541
mistral_medium_3_5,llm_new,501,1.733033537864685
mistral_medium_3_5,llm_new,502,1.1317353248596191
mistral_medium_3_5,llm_new,507,-1.539034128189087
mistral_medium_3_5,llm_new,508,-1.972212791442871
mistral_medium_3_5,llm_new,514,-2.254307746887207
mistral_medium_3_5,llm_new,515,-2.1986231803894043
mistral_medium_3_5,llm_new,517,0.4768787622451782
mistral_medium_3_5,llm_new,519,0.10891000926494598
mistral_medium_3_5,llm_new,520,0.3173580765724182
mistral_medium_3_5,llm_new,522,-0.13080789148807526
mistral_medium_3_5,llm_new,523,-2.07118558883667
mistral_medium_3_5,llm_new,524,-0.3259769678115845
mistral_medium_3_5,llm_new,526,-2.2404489517211914
mistral_medium_3_5,llm_new,527,-1.5013173818588257
mistral_medium_3_5,llm_new,528,-0.9427779912948608
mistral_medium_3_5,llm_new,529,-0.8317990303039551
mistral_medium_3_5,llm_new,530,-2.4638729095458984
mistral_medium_3_5,llm_new,531,2.386403799057007
mistral_medium_3_5,llm_new,532,-2.246764659881592
mistral_medium_3_5,llm_new,533,-0.6631337404251099
mistral_medium_3_5,llm_new,534,-2.273764133453369
mistral_medium_3_5,llm_new,535,-1.573569893836975
mistral_medium_3_5,llm_new,536,0.07995950430631638
mistral_medium_3_5,llm_new,537,-1.972212791442871
mistral_medium_3_5,llm_new,540,-2.257901668548584
mistral_medium_3_5,llm_new,542,-2.483398914337158
mistral_medium_3_5,llm_new,543,2.047184944152832
mistral_medium_3_5,llm_new,544,1.7121556997299194
mistral_medium_3_5,llm_new,545,-2.247018337249756
mistral_medium_3_5,llm_new,546,-2.0947158336639404
mistral_medium_3_5,llm_new,548,-0.7935603857040405
mistral_medium_3_5,llm_new,549,-0.5769175291061401
mistral_medium_3_5,llm_new,550,-1.5991586446762085
mistral_medium_3_5,llm_new,553,1.583613395690918
mistral_medium_3_5,llm_new,555,-0.11527684330940247
mistral_medium_3_5,llm_new,558,-2.286839723587036
mistral_medium_3_5,llm_new,560,0.2113247811794281
mistral_medium_3_5,llm_new,568,-2.2753243446350098
mistral_medium_3_5,llm_new,569,-2.315934181213379
mistral_medium_3_5,llm_new,571,-2.1361217498779297
mistral_medium_3_5,llm_new,573,-0.05336079001426697
mistral_medium_3_5,llm_new,576,-2.3449018001556396
mistral_medium_3_5,llm_new,577,-0.8317990303039551
mistral_medium_3_5,llm_new,579,-2.2315821647644043
mistral_medium_3_5,llm_new,581,-0.6274402141571045
mistral_medium_3_5,llm_new,582,-1.8505975008010864
mistral_medium_3_5,llm_new,583,0.20266097784042358
mistral_medium_3_5,llm_new,584,2.440742015838623
mistral_medium_3_5,llm_new,585,-0.5270153284072876
mistral_medium_3_5,llm_new,586,0.5938047170639038
mistral_medium_3_5,llm_new,588,-1.3179748058319092
mistral_medium_3_5,llm_new,589,0.5302672386169434
mistral_medium_3_5,llm_new,590,-2.354320764541626
mistral_medium_3_5,llm_new,591,-1.6934864521026611
mistral_medium_3_5,llm_new,594,-0.6274402141571045
mistral_medium_3_5,llm_new,595,1.2242553234100342
mistral_medium_3_5,llm_new,596,-2.259852170944214
mistral_medium_3_5,llm_new,597,-1.7220276594161987
mistral_medium_3_5,llm_new,598,-2.249319314956665
mistral_medium_3_5,llm_new,599,-1.5389474630355835
mistral_medium_3_5,llm_new,600,-0.3132874369621277
mistral_medium_3_5,llm_new,602,-2.196183204650879
mistral_medium_3_5,llm_new,604,2.162936210632324
mistral_medium_3_5,llm_new,605,-0.06393662095069885
mistral_medium_3_5,llm_new,606,1.437214970588684
mistral_medium_3_5,llm_new,612,-2.181274890899658
mistral_medium_3_5,llm_new,614,-2.249917507171631
mistral_medium_3_5,llm_new,616,2.0452442169189453
mistral_medium_3_5,llm_new,618,-0.1748233139514923
mistral_medium_3_5,llm_new,619,-0.5040556788444519
mistral_medium_3_5,llm_new,622,1.7170032262802124
mistral_medium_3_5,llm_new,627,-1.970454216003418
mistral_medium_3_5,llm_new,629,-1.0525516271591187
mistral_medium_3_5,llm_new,630,1.100111961364746
mistral_medium_3_5,llm_new,632,2.082322597503662
mistral_medium_3_5,llm_new,634,-2.2424468994140625
mistral_medium_3_5,llm_new,635,-2.2514398097991943
mistral_medium_3_5,llm_new,636,-2.3888752460479736
mistral_medium_3_5,llm_new,637,2.2742486000061035
mistral_medium_3_5,llm_new,639,-2.467740058898926
mistral_medium_3_5,llm_new,644,-2.2315821647644043
mistral_medium_3_5,llm_new,645,-1.2852585315704346
mistral_medium_3_5,llm_new,650,0.554192066192627
mistral_medium_3_5,llm_new,651,2.38503360748291
mistral_medium_3_5,llm_new,653,-2.2668557167053223
mistral_medium_3_5,llm_new,654,-2.4720678329467773
mistral_medium_3_5,llm_new,656,-0.9354549646377563
mistral_medium_3_5,llm_new,657,-1.0525516271591187
mistral_medium_3_5,llm_new,661,-1.0419871807098389
mistral_medium_3_5,llm_new,663,-1.414851188659668
mistral_medium_3_5,llm_new,665,-2.4429197311401367
mistral_medium_3_5,llm_new,666,-0.8874541521072388
mistral_medium_3_5,llm_new,669,-2.237128496170044
mistral_medium_3_5,llm_new,670,1.4201443195343018
mistral_medium_3_5,llm_new,671,1.0914520025253296
mistral_medium_3_5,llm_new,674,-2.2636284828186035
mistral_medium_3_5,llm_new,678,2.0818212032318115
mistral_medium_3_5,llm_new,679,2.4944238662719727
mistral_medium_3_5,llm_new,680,1.3570390939712524
mistral_medium_3_5,llm_new,683,-2.3413033485412598
mistral_medium_3_5,llm_new,688,-2.2636284828186035
mistral_medium_3_5,llm_new,690,-0.5933930277824402
mistral_medium_3_5,llm_new,693,-1.79881751537323
mistral_medium_3_5,llm_new,695,2.1902947425842285
mistral_medium_3_5,llm_new,696,-1.1971569061279297
mistral_medium_3_5,llm_new,697,-0.9936209917068481
mistral_medium_3_5,llm_new,698,-2.1870505809783936
mistral_medium_3_5,llm_new,704,-2.1975560188293457
mistral_medium_3_5,llm_new,706,0.37276211380958557
mistral_medium_3_5,llm_new,707,-2.467740058898926
mistral_medium_3_5,llm_new,708,2.5066308975219727
mistral_medium_3_5,llm_new,709,-2.3206794261932373
mistral_medium_3_5,llm_new,711,-0.39096444845199585
mistral_medium_3_5,llm_new,712,-0.7486343383789062
mistral_medium_3_5,llm_new,714,-0.4511092007160187
mistral_medium_3_5,llm_new,715,-0.022410599514842033
mistral_medium_3_5,llm_new,716,0.7866524457931519
mistral_medium_3_5,llm_new,717,-0.9136953353881836
mistral_medium_3_5,llm_new,718,0.6004622578620911
mistral_medium_3_5,llm_new,722,-2.3051583766937256
mistral_medium_3_5,llm_new,723,-2.464785099029541
mistral_medium_3_5,llm_new,729,-1.539034128189087
mistral_medium_3_5,llm_new,732,-2.07383394241333
mistral_medium_3_5,llm_new,735,0.8204033374786377
mistral_medium_3_5,llm_new,738,1.5501748323440552
mistral_medium_3_5,llm_new,741,-2.2651305198669434
mistral_medium_3_5,llm_new,742,-1.8019508123397827
mistral_medium_3_5,llm_new,746,-2.0237863063812256
mistral_medium_3_5,llm_new,750,-2.242371082305908
mistral_medium_3_5,llm_new,754,0.5647091865539551
mistral_medium_3_5,llm_new,757,0.2157961130142212
mistral_medium_3_5,llm_new,758,-0.2620687484741211
mistral_medium_3_5,llm_new,762,-0.8672958612442017
mistral_medium_3_5,llm_new,765,1.338581919670105
mistral_medium_3_5,llm_new,768,1.8240545988082886
mistral_medium_3_5,llm_new,774,1.2964228391647339
mistral_medium_3_5,llm_new,775,-0.2854047119617462
mistral_medium_3_5,llm_new,778,-1.1195905208587646
mistral_medium_3_5,llm_new,779,-1.1369465589523315
mistral_medium_3_5,llm_new,782,-1.3886216878890991
mistral_medium_3_5,llm_new,784,-0.23371323943138123
mistral_medium_3_5,llm_new,788,-0.37463390827178955
mistral_medium_3_5,llm_new,790,-2.299699306488037
mistral_medium_3_5,llm_new,793,-0.40193960070610046
mistral_medium_3_5,llm_new,797,-1.2972158193588257
mistral_medium_3_5,llm_new,798,-0.18359386920928955
mistral_medium_3_5,llm_new,799,-2.1361217498779297
mistral_medium_3_5,llm_new,800,-0.9369639754295349
mistral_medium_3_5,llm_new,801,2.2844810485839844
mistral_medium_3_5,llm_new,803,-1.6934864521026611
mistral_medium_3_5,llm_new,811,-1.69188392162323
mistral_medium_3_5,llm_new,812,-1.6145166158676147
mistral_medium_3_5,llm_new,814,0.3554254174232483
mistral_medium_3_5,llm_new,817,-0.8261961936950684
mistral_medium_3_5,llm_new,818,-0.1071697473526001
mistral_medium_3_5,llm_new,821,-1.091306209564209
mistral_medium_3_5,llm_new,823,2.499720573425293
mistral_medium_3_5,llm_new,824,-1.9033104181289673
mistral_medium_3_5,llm_new,825,-1.9196242094039917
mistral_medium_3_5,llm_new,827,1.5144238471984863
mistral_medium_3_5,llm_new,828,-1.3535990715026855
mistral_medium_3_5,llm_new,830,-2.2633419036865234
mistral_medium_3_5,llm_new,833,-2.064124822616577
mistral_medium_3_5,llm_new,837,1.804590106010437
mistral_medium_3_5,llm_new,838,-2.07383394241333
mistral_medium_3_5,llm_new,846,-0.011141924187541008
mistral_medium_3_5,llm_new,850,-1.5997411012649536
mistral_medium_3_5,llm_new,853,-2.2576608657836914
mistral_medium_3_5,llm_new,860,0.5455647110939026
mistral_medium_3_5,llm_new,866,-2.1788716316223145
mistral_medium_3_5,llm_new,867,-0.20142637193202972
mistral_medium_3_5,llm_new,868,2.3671207427978516
mistral_medium_3_5,llm_new,869,2.133164882659912
mistral_medium_3_5,llm_new,871,-2.267244577407837
mistral_medium_3_5,llm_new,873,-2.297374725341797
mistral_medium_3_5,llm_new,874,-1.857060432434082
mistral_medium_3_5,llm_new,877,-1.673932671546936
mistral_medium_3_5,llm_new,880,0.9173784255981445
mistral_medium_3_5,llm_new,882,-2.3075509071350098
mistral_medium_3_5,llm_new,883,-1.4687061309814453
mistral_medium_3_5,llm_new,884,0.7874598503112793
mistral_medium_3_5,llm_new,885,-0.18359386920928955
mistral_medium_3_5,llm_new,886,2.33760929107666
mistral_medium_3_5,llm_new,893,0.6612946391105652
mistral_medium_3_5,llm_new,894,1.938306450843811
mistral_medium_3_5,llm_new,895,2.020449161529541
mistral_medium_3_5,llm_new,896,-0.2854047119617462
mistral_medium_3_5,llm_new,897,-1.2178407907485962
mistral_medium_3_5,llm_new,900,-1.75112783908844
mistral_medium_3_5,llm_new,901,-0.2050299048423767
mistral_medium_3_5,llm_new,902,-2.1468381881713867
mistral_medium_3_5,llm_new,903,-0.964026927947998
mistral_medium_3_5,llm_new,904,0.85465407371521
mistral_medium_3_5,llm_new,905,-0.8589136004447937
mistral_medium_3_5,llm_new,908,1.1974061727523804
mistral_medium_3_5,llm_new,911,-0.8694854378700256
mistral_medium_3_5,llm_new,915,-1.4697684049606323
mistral_medium_3_5,llm_new,917,0.2752830386161804
mistral_medium_3_5,llm_new,918,-0.3528372049331665
mistral_medium_3_5,llm_new,919,-2.261256217956543
mistral_medium_3_5,llm_new,921,0.927783727645874
mistral_medium_3_5,llm_new,922,-2.471193790435791
mistral_medium_3_5,llm_new,923,-0.878308117389679
mistral_medium_3_5,llm_new,924,-1.857060432434082
mistral_medium_3_5,llm_new,925,1.8291250467300415
mistral_medium_3_5,llm_new,926,-2.296698570251465
mistral_medium_3_5,llm_new,927,-1.5965362787246704
mistral_medium_3_5,llm_new,931,-2.257901668548584
mistral_medium_3_5,llm_new,934,-2.291515827178955
mistral_medium_3_5,llm_new,935,0.29454994201660156
mistral_medium_3_5,llm_new,936,-2.0886263847351074
mistral_medium_3_5,llm_new,937,-2.471193790435791
mistral_medium_3_5,llm_new,939,-1.2493633031845093
mistral_medium_3_5,llm_new,940,-2.0446722507476807
mistral_medium_3_5,llm_new,942,1.3975008726119995
mistral_medium_3_5,llm_new,943,2.386403799057007
mistral_medium_3_5,llm_new,947,-2.3025901317596436
mistral_medium_3_5,llm_new,948,-2.262317657470703
mistral_medium_3_5,llm_new,949,-1.3041715621948242
mistral_medium_3_5,llm_new,950,-0.434439480304718
mistral_medium_3_5,llm_new,951,-1.9590667486190796
mistral_medium_3_5,llm_new,960,-1.169110894203186
mistral_medium_3_5,llm_new,962,1.1210461854934692
mistral_medium_3_5,llm_new,964,1.3681336641311646
mistral_medium_3_5,llm_new,971,-1.4247974157333374
mistral_medium_3_5,llm_new,974,-1.6057392358779907
mistral_medium_3_5,llm_new,975,-1.8195793628692627
mistral_medium_3_5,llm_new,976,-2.127202033996582
mistral_medium_3_5,llm_new,978,-2.3149352073669434
mistral_medium_3_5,llm_new,979,-2.3541643619537354
mistral_medium_3_5,llm_new,986,-1.9031982421875
mistral_medium_3_5,llm_new,987,2.508340358734131
mistral_medium_3_5,llm_new,989,-1.8257970809936523
mistral_medium_3_5,llm_new,990,-1.1141810417175293
mistral_medium_3_5,llm_new,991,-0.7422100305557251
mistral_medium_3_5,llm_new,992,-2.2381134033203125
mistral_medium_3_5,llm_new,995,-2.2454099655151367
mistral_medium_3_5,llm_new,996,-1.8791157007217407
mistral_medium_3_5,llm_new,998,2.133164882659912
mistral_medium_3_5,llm_new,999,-2.384413719177246
